cell_label,condition,ability_condition,model,n_subjects,n_items,missing_rate,holdout_rate,replicate,seed,item_correlation,missing_mechanism,testlet_size,testlet_sd,contamination_rate,contamination_shift,guessing_beta_alpha,guessing_beta_beta,upper_gap_beta_alpha,upper_gap_beta_beta,method,status,stopping_reason,failure_reason,stable,elapsed_seconds,iterations,theta_score_max,covariance_score_max,identification_probability_error,logloss,brier
1pl_n100_p10000_rho+0.0,standard_normal,normal,1pl,100,10000,0.0,0.1,0,2107251328,0.0,independent,1,0.0,0.05,2.5,2.0,18.0,18.0,2.0,jml,returned,gradient_and_objective_criteria,,True,7.974012958000003,14,,,2.220446049250313e-16,0.5799235550806123,0.19823934513459285
1pl_n100_p10000_rho+0.0,standard_normal,normal,1pl,100,10000,0.0,0.1,0,2107251328,0.0,independent,1,0.0,0.05,2.5,2.0,18.0,18.0,2.0,tbaem_d,returned,fixed_point_criteria,,True,35.91041562500004,24,0.00013559165643689866,1.0971603555761958e-06,2.220446049250313e-16,0.5799256786369592,0.19823950207041063
1pl_n100_p10000_rho+0.0,standard_normal,normal,1pl,100,10000,0.0,0.1,0,2107251328,0.0,independent,1,0.0,0.05,2.5,2.0,18.0,18.0,2.0,vi,returned,training_elbo_and_parameter_stability,,True,84.15695537500005,3800,,,2.220446049250313e-16,0.5804457973536081,0.19838886507893555
1pl_n100_p10000_rho+0.0,standard_normal,normal,1pl,100,10000,0.0,0.1,1,82891734,0.0,independent,1,0.0,0.05,2.5,2.0,18.0,18.0,2.0,jml,returned,gradient_and_objective_criteria,,True,6.171555041999909,14,,,2.220446049250313e-16,0.5491499457942803,0.18524828839482416
1pl_n100_p10000_rho+0.0,standard_normal,normal,1pl,100,10000,0.0,0.1,1,82891734,0.0,independent,1,0.0,0.05,2.5,2.0,18.0,18.0,2.0,tbaem_d,returned,fixed_point_criteria,,True,35.31769758400014,24,6.103922028005208e-05,6.493045873804279e-06,2.220446049250313e-16,0.5491475248071589,0.1852472509287783
1pl_n100_p10000_rho+0.0,standard_normal,normal,1pl,100,10000,0.0,0.1,1,82891734,0.0,independent,1,0.0,0.05,2.5,2.0,18.0,18.0,2.0,vi,returned,training_elbo_and_parameter_stability,,True,81.89162479200013,3800,,,1.1102230246251565e-16,0.5494198248366855,0.18531922539995666
1pl_n100_p10000_rho+0.0,standard_normal,normal,1pl,100,10000,0.0,0.1,2,847367192,0.0,independent,1,0.0,0.05,2.5,2.0,18.0,18.0,2.0,jml,returned,gradient_and_objective_criteria,,True,7.404434209000101,14,,,2.220446049250313e-16,0.5531904370523295,0.18682458019979895
1pl_n100_p10000_rho+0.0,standard_normal,normal,1pl,100,10000,0.0,0.1,2,847367192,0.0,independent,1,0.0,0.05,2.5,2.0,18.0,18.0,2.0,tbaem_d,returned,fixed_point_criteria,,True,41.283916957999736,24,0.00032562254734867487,6.706166574845967e-06,2.220446049250313e-16,0.553182803946059,0.1868222411707417
1pl_n100_p10000_rho+0.0,standard_normal,normal,1pl,100,10000,0.0,0.1,2,847367192,0.0,independent,1,0.0,0.05,2.5,2.0,18.0,18.0,2.0,vi,returned,training_elbo_and_parameter_stability,,True,83.89752233300032,3800,,,2.220446049250313e-16,0.5534629850793621,0.18689728916395823
1pl_n100_p10000_rho+0.0,standard_normal,normal,1pl,100,10000,0.0,0.1,3,604718294,0.0,independent,1,0.0,0.05,2.5,2.0,18.0,18.0,2.0,jml,returned,gradient_and_objective_criteria,,True,7.376805249999961,14,,,2.220446049250313e-16,0.5539992549297392,0.18736694534662057
1pl_n100_p10000_rho+0.0,standard_normal,normal,1pl,100,10000,0.0,0.1,3,604718294,0.0,independent,1,0.0,0.05,2.5,2.0,18.0,18.0,2.0,tbaem_d,returned,fixed_point_criteria,,True,38.133852082999965,24,5.32088387102936e-05,5.385442121677511e-06,2.220446049250313e-16,0.5540036832555446,0.1873675853747644
1pl_n100_p10000_rho+0.0,standard_normal,normal,1pl,100,10000,0.0,0.1,3,604718294,0.0,independent,1,0.0,0.05,2.5,2.0,18.0,18.0,2.0,vi,returned,training_elbo_and_parameter_stability,,True,83.71814916700032,3800,,,2.220446049250313e-16,0.5544843303128304,0.18750784805694243
1pl_n100_p10000_rho+0.0,standard_normal,normal,1pl,100,10000,0.0,0.1,4,1315638254,0.0,independent,1,0.0,0.05,2.5,2.0,18.0,18.0,2.0,jml,returned,gradient_and_objective_criteria,,True,8.043292959000155,14,,,1.1102230246251565e-16,0.5643971009483647,0.19159449648002025
1pl_n100_p10000_rho+0.0,standard_normal,normal,1pl,100,10000,0.0,0.1,4,1315638254,0.0,independent,1,0.0,0.05,2.5,2.0,18.0,18.0,2.0,tbaem_d,returned,fixed_point_criteria,,True,36.9285127080002,24,4.460886025998188e-05,1.1539830971055364e-06,2.220446049250313e-16,0.5643973807087733,0.19159475408714016
1pl_n100_p10000_rho+0.0,standard_normal,normal,1pl,100,10000,0.0,0.1,4,1315638254,0.0,independent,1,0.0,0.05,2.5,2.0,18.0,18.0,2.0,vi,returned,training_elbo_and_parameter_stability,,True,96.66447691600024,3800,,,1.1102230246251565e-16,0.5647726164370148,0.191723209111035
1pl_n100_p1000_rho+0.0,standard_normal,normal,1pl,100,1000,0.0,0.1,0,1830954892,0.0,independent,1,0.0,0.05,2.5,2.0,18.0,18.0,2.0,jml,returned,gradient_and_objective_criteria,,True,0.24196654199977274,14,,,2.220446049250313e-16,0.5736172048161572,0.19520426931119672
1pl_n100_p1000_rho+0.0,standard_normal,normal,1pl,100,1000,0.0,0.1,0,1830954892,0.0,independent,1,0.0,0.05,2.5,2.0,18.0,18.0,2.0,tbaem_d,returned,fixed_point_criteria,,True,4.817748541000128,24,0.00016348344812514817,2.0977156697760023e-06,2.220446049250313e-16,0.573779136248495,0.1952529291985274
1pl_n100_p1000_rho+0.0,standard_normal,normal,1pl,100,1000,0.0,0.1,0,1830954892,0.0,independent,1,0.0,0.05,2.5,2.0,18.0,18.0,2.0,vi,returned,training_elbo_and_parameter_stability,,True,10.390125750000152,3800,,,2.220446049250313e-16,0.5741720775334246,0.19525258635425022
1pl_n100_p1000_rho+0.0,standard_normal,normal,1pl,100,1000,0.0,0.1,1,836584027,0.0,independent,1,0.0,0.05,2.5,2.0,18.0,18.0,2.0,jml,returned,gradient_and_objective_criteria,,True,0.2408440829999563,14,,,2.220446049250313e-16,0.5793225077255872,0.1978794596506939
1pl_n100_p1000_rho+0.0,standard_normal,normal,1pl,100,1000,0.0,0.1,1,836584027,0.0,independent,1,0.0,0.05,2.5,2.0,18.0,18.0,2.0,tbaem_d,returned,fixed_point_criteria,,True,3.456314042000031,24,0.00012412752034276272,1.6011435479205377e-06,2.220446049250313e-16,0.5793304848325386,0.19788824842432165
1pl_n100_p1000_rho+0.0,standard_normal,normal,1pl,100,1000,0.0,0.1,1,836584027,0.0,independent,1,0.0,0.05,2.5,2.0,18.0,18.0,2.0,vi,returned,training_elbo_and_parameter_stability,,True,10.62797587499972,3800,,,2.220446049250313e-16,0.5797864008559968,0.1979612643388702
1pl_n100_p1000_rho+0.0,standard_normal,normal,1pl,100,1000,0.0,0.1,2,1910088266,0.0,independent,1,0.0,0.05,2.5,2.0,18.0,18.0,2.0,jml,returned,gradient_and_objective_criteria,,True,0.2906306670001868,14,,,2.220446049250313e-16,0.5759638517801152,0.19653182552895138
1pl_n100_p1000_rho+0.0,standard_normal,normal,1pl,100,1000,0.0,0.1,2,1910088266,0.0,independent,1,0.0,0.05,2.5,2.0,18.0,18.0,2.0,tbaem_d,returned,fixed_point_criteria,,True,3.873302583000168,24,0.00014362122050653434,5.572065980187852e-07,2.220446049250313e-16,0.5759607225397527,0.1965242046509591
1pl_n100_p1000_rho+0.0,standard_normal,normal,1pl,100,1000,0.0,0.1,2,1910088266,0.0,independent,1,0.0,0.05,2.5,2.0,18.0,18.0,2.0,vi,returned,training_elbo_and_parameter_stability,,True,11.361083624999992,3900,,,1.1102230246251565e-16,0.5767307857009689,0.19679407355770698
1pl_n100_p1000_rho+0.0,standard_normal,normal,1pl,100,1000,0.0,0.1,3,1953424123,0.0,independent,1,0.0,0.05,2.5,2.0,18.0,18.0,2.0,jml,returned,gradient_and_objective_criteria,,True,0.25221766599997864,14,,,2.220446049250313e-16,0.5494944265304781,0.185303298158909
1pl_n100_p1000_rho+0.0,standard_normal,normal,1pl,100,1000,0.0,0.1,3,1953424123,0.0,independent,1,0.0,0.05,2.5,2.0,18.0,18.0,2.0,tbaem_d,returned,fixed_point_criteria,,True,3.566179709000153,24,3.735764472408063e-05,8.78430845753264e-06,2.220446049250313e-16,0.549856476525216,0.1853577583522307
1pl_n100_p1000_rho+0.0,standard_normal,normal,1pl,100,1000,0.0,0.1,3,1953424123,0.0,independent,1,0.0,0.05,2.5,2.0,18.0,18.0,2.0,vi,returned,training_elbo_and_parameter_stability,,True,10.617759042000216,3800,,,2.220446049250313e-16,0.5501261466982718,0.1854284177839002
1pl_n100_p1000_rho+0.0,standard_normal,normal,1pl,100,1000,0.0,0.1,4,1231085328,0.0,independent,1,0.0,0.05,2.5,2.0,18.0,18.0,2.0,jml,returned,gradient_and_objective_criteria,,True,0.24237458300012804,14,,,2.220446049250313e-16,0.5619524630546388,0.19035613138768523
1pl_n100_p1000_rho+0.0,standard_normal,normal,1pl,100,1000,0.0,0.1,4,1231085328,0.0,independent,1,0.0,0.05,2.5,2.0,18.0,18.0,2.0,tbaem_d,returned,fixed_point_criteria,,True,3.4630145410001205,24,5.992327161242082e-05,2.0017871816582687e-06,2.220446049250313e-16,0.5620448388942074,0.19039379227054556
1pl_n100_p1000_rho+0.0,standard_normal,normal,1pl,100,1000,0.0,0.1,4,1231085328,0.0,independent,1,0.0,0.05,2.5,2.0,18.0,18.0,2.0,vi,returned,training_elbo_and_parameter_stability,,True,10.612559166999745,3800,,,2.220446049250313e-16,0.5619270523788051,0.19027969342473786
1pl_n20_p10000_rho+0.0,standard_normal,normal,1pl,20,10000,0.0,0.1,0,20946200,0.0,independent,1,0.0,0.05,2.5,2.0,18.0,18.0,2.0,jml,returned,gradient_and_objective_criteria,,True,2.5235499159998653,19,,,2.220446049250313e-16,0.6067258244980706,0.2088608626286824
1pl_n20_p10000_rho+0.0,standard_normal,normal,1pl,20,10000,0.0,0.1,0,20946200,0.0,independent,1,0.0,0.05,2.5,2.0,18.0,18.0,2.0,tbaem_d,returned,fixed_point_criteria,,True,23.167255082999873,35,0.0005946616737783197,0.00010747048589622194,2.220446049250313e-16,0.6007483001466478,0.2069271348920219
1pl_n20_p10000_rho+0.0,standard_normal,normal,1pl,20,10000,0.0,0.1,0,20946200,0.0,independent,1,0.0,0.05,2.5,2.0,18.0,18.0,2.0,vi,returned,training_elbo_and_parameter_stability,,True,21.83654424999986,3800,,,2.220446049250313e-16,0.6077884690704748,0.20912109052208472
1pl_n20_p10000_rho+0.0,standard_normal,normal,1pl,20,10000,0.0,0.1,1,330568791,0.0,independent,1,0.0,0.05,2.5,2.0,18.0,18.0,2.0,jml,returned,gradient_and_objective_criteria,,True,2.675311375000092,15,,,2.220446049250313e-16,0.5868414147882051,0.20067572108646517
1pl_n20_p10000_rho+0.0,standard_normal,normal,1pl,20,10000,0.0,0.1,1,330568791,0.0,independent,1,0.0,0.05,2.5,2.0,18.0,18.0,2.0,tbaem_d,returned,fixed_point_criteria,,True,20.796507666999787,35,0.0007559883281599674,9.814506949361658e-05,2.220446049250313e-16,0.5822038144742621,0.19893008470934737
1pl_n20_p10000_rho+0.0,standard_normal,normal,1pl,20,10000,0.0,0.1,1,330568791,0.0,independent,1,0.0,0.05,2.5,2.0,18.0,18.0,2.0,vi,returned,training_elbo_and_parameter_stability,,True,20.18773195799986,3800,,,2.220446049250313e-16,0.5874757122119129,0.20080268157097925
1pl_n20_p10000_rho+0.0,standard_normal,normal,1pl,20,10000,0.0,0.1,2,995405249,0.0,independent,1,0.0,0.05,2.5,2.0,18.0,18.0,2.0,jml,returned,gradient_and_objective_criteria,,True,2.0360265409999556,15,,,2.220446049250313e-16,0.5579392692628983,0.1888345959416784
1pl_n20_p10000_rho+0.0,standard_normal,normal,1pl,20,10000,0.0,0.1,2,995405249,0.0,independent,1,0.0,0.05,2.5,2.0,18.0,18.0,2.0,tbaem_d,returned,fixed_point_criteria,,True,17.964969499999825,32,0.00022944226530915169,0.00010001416785526282,2.220446049250313e-16,0.5515049326050222,0.18656858461292272
1pl_n20_p10000_rho+0.0,standard_normal,normal,1pl,20,10000,0.0,0.1,2,995405249,0.0,independent,1,0.0,0.05,2.5,2.0,18.0,18.0,2.0,vi,returned,training_elbo_and_parameter_stability,,True,19.627101375000166,3800,,,2.220446049250313e-16,0.5587260215769193,0.1889517962347884
1pl_n20_p10000_rho+0.0,standard_normal,normal,1pl,20,10000,0.0,0.1,3,1987107354,0.0,independent,1,0.0,0.05,2.5,2.0,18.0,18.0,2.0,jml,returned,gradient_and_objective_criteria,,True,2.7217009579999285,17,,,2.220446049250313e-16,0.6011235719953978,0.2069855979421106
1pl_n20_p10000_rho+0.0,standard_normal,normal,1pl,20,10000,0.0,0.1,3,1987107354,0.0,independent,1,0.0,0.05,2.5,2.0,18.0,18.0,2.0,tbaem_d,returned,fixed_point_criteria,,True,19.44221216699998,35,0.0014514430456400269,5.624979181089903e-05,2.220446049250313e-16,0.5943238573779646,0.20459198974547993
1pl_n20_p10000_rho+0.0,standard_normal,normal,1pl,20,10000,0.0,0.1,3,1987107354,0.0,independent,1,0.0,0.05,2.5,2.0,18.0,18.0,2.0,vi,returned,training_elbo_and_parameter_stability,,True,20.260636707999765,3800,,,2.220446049250313e-16,0.6021091764579805,0.2072266916749624
1pl_n20_p10000_rho+0.0,standard_normal,normal,1pl,20,10000,0.0,0.1,4,226608,0.0,independent,1,0.0,0.05,2.5,2.0,18.0,18.0,2.0,jml,returned,gradient_and_objective_criteria,,True,2.7461170840001614,23,,,2.220446049250313e-16,0.5932497975188955,0.2033525717382587
1pl_n20_p10000_rho+0.0,standard_normal,normal,1pl,20,10000,0.0,0.1,4,226608,0.0,independent,1,0.0,0.05,2.5,2.0,18.0,18.0,2.0,tbaem_d,returned,fixed_point_criteria,,True,19.463550292000036,35,0.00024484277172936894,0.0001009352188083711,2.220446049250313e-16,0.5880705622007414,0.20166199483886207
1pl_n20_p10000_rho+0.0,standard_normal,normal,1pl,20,10000,0.0,0.1,4,226608,0.0,independent,1,0.0,0.05,2.5,2.0,18.0,18.0,2.0,vi,returned,training_elbo_and_parameter_stability,,True,18.858714250000048,3800,,,2.220446049250313e-16,0.5943454053500913,0.20363341022634715
1pl_n20_p1000_rho+0.0,standard_normal,normal,1pl,20,1000,0.0,0.1,0,633656623,0.0,independent,1,0.0,0.05,2.5,2.0,18.0,18.0,2.0,jml,returned,gradient_and_objective_criteria,,True,5.716273083000033,14,,,1.1102230246251565e-16,0.5823912377845285,0.19943779584519722
1pl_n20_p1000_rho+0.0,standard_normal,normal,1pl,20,1000,0.0,0.1,0,633656623,0.0,independent,1,0.0,0.05,2.5,2.0,18.0,18.0,2.0,tbaem_d,returned,fixed_point_criteria,,True,3.039815207999709,37,0.0014276205582020656,6.225601110280443e-05,2.220446049250313e-16,0.5762855077831778,0.19742295057561704
1pl_n20_p1000_rho+0.0,standard_normal,normal,1pl,20,1000,0.0,0.1,0,633656623,0.0,independent,1,0.0,0.05,2.5,2.0,18.0,18.0,2.0,vi,returned,training_elbo_and_parameter_stability,,True,6.736547374999645,3900,,,2.220446049250313e-16,0.5834946366678742,0.1997233994024472
1pl_n20_p1000_rho+0.0,standard_normal,normal,1pl,20,1000,0.0,0.1,1,470271932,0.0,independent,1,0.0,0.05,2.5,2.0,18.0,18.0,2.0,jml,returned,gradient_and_objective_criteria,,True,0.19822770900009345,14,,,2.220446049250313e-16,0.5900938338438765,0.20327225655760225
1pl_n20_p1000_rho+0.0,standard_normal,normal,1pl,20,1000,0.0,0.1,1,470271932,0.0,independent,1,0.0,0.05,2.5,2.0,18.0,18.0,2.0,tbaem_d,returned,fixed_point_criteria,,True,2.681280959000105,36,0.0005712483075755257,0.000134257011460474,2.220446049250313e-16,0.5846009146532621,0.20104985172652876
1pl_n20_p1000_rho+0.0,standard_normal,normal,1pl,20,1000,0.0,0.1,1,470271932,0.0,independent,1,0.0,0.05,2.5,2.0,18.0,18.0,2.0,vi,returned,training_elbo_and_parameter_stability,,True,7.156943875000252,3800,,,2.220446049250313e-16,0.590781242159342,0.20344491890172084
1pl_n20_p1000_rho+0.0,standard_normal,normal,1pl,20,1000,0.0,0.1,2,2011286209,0.0,independent,1,0.0,0.05,2.5,2.0,18.0,18.0,2.0,jml,returned,gradient_and_objective_criteria,,True,0.22816716699981043,14,,,2.220446049250313e-16,0.5683661199435752,0.19372781325456975
1pl_n20_p1000_rho+0.0,standard_normal,normal,1pl,20,1000,0.0,0.1,2,2011286209,0.0,independent,1,0.0,0.05,2.5,2.0,18.0,18.0,2.0,tbaem_d,returned,fixed_point_criteria,,True,2.667830542000047,35,0.0004668612015155368,8.508380929769713e-05,2.220446049250313e-16,0.5629722071352363,0.19146006658451384
1pl_n20_p1000_rho+0.0,standard_normal,normal,1pl,20,1000,0.0,0.1,2,2011286209,0.0,independent,1,0.0,0.05,2.5,2.0,18.0,18.0,2.0,vi,returned,training_elbo_and_parameter_stability,,True,7.749463125000148,3800,,,2.220446049250313e-16,0.5683680272230347,0.1936786962679247
1pl_n20_p1000_rho+0.0,standard_normal,normal,1pl,20,1000,0.0,0.1,3,387995048,0.0,independent,1,0.0,0.05,2.5,2.0,18.0,18.0,2.0,jml,returned,gradient_and_objective_criteria,,True,0.19016162499974598,14,,,2.220446049250313e-16,0.5665466086159479,0.19117596127239422
1pl_n20_p1000_rho+0.0,standard_normal,normal,1pl,20,1000,0.0,0.1,3,387995048,0.0,independent,1,0.0,0.05,2.5,2.0,18.0,18.0,2.0,tbaem_d,returned,fixed_point_criteria,,True,2.6241807500000505,33,0.0009527290604082662,7.997551147485647e-05,2.220446049250313e-16,0.5596387335970929,0.18953188907875568
1pl_n20_p1000_rho+0.0,standard_normal,normal,1pl,20,1000,0.0,0.1,3,387995048,0.0,independent,1,0.0,0.05,2.5,2.0,18.0,18.0,2.0,vi,returned,training_elbo_and_parameter_stability,,True,7.782705417000216,3800,,,1.1102230246251565e-16,0.567548496844973,0.19140025992469975
1pl_n20_p1000_rho+0.0,standard_normal,normal,1pl,20,1000,0.0,0.1,4,2031475332,0.0,independent,1,0.0,0.05,2.5,2.0,18.0,18.0,2.0,jml,returned,gradient_and_objective_criteria,,True,0.18088320900005783,14,,,2.220446049250313e-16,0.5739941285825839,0.19539042016089725
1pl_n20_p1000_rho+0.0,standard_normal,normal,1pl,20,1000,0.0,0.1,4,2031475332,0.0,independent,1,0.0,0.05,2.5,2.0,18.0,18.0,2.0,tbaem_d,returned,fixed_point_criteria,,True,2.5865905830000884,35,0.0011376971232872931,7.904635727694365e-05,2.220446049250313e-16,0.56685646377324,0.19284903125585237
1pl_n20_p1000_rho+0.0,standard_normal,normal,1pl,20,1000,0.0,0.1,4,2031475332,0.0,independent,1,0.0,0.05,2.5,2.0,18.0,18.0,2.0,vi,returned,training_elbo_and_parameter_stability,,True,6.946267750000061,4000,,,2.220446049250313e-16,0.5744499867761511,0.19543127731303483
2pl_n100_p10000_rho-0.4,standard_normal,normal,2pl,100,10000,0.0,0.1,0,1531351168,-0.4,independent,1,0.0,0.05,2.5,2.0,18.0,18.0,2.0,jml,returned,gradient_and_objective_criteria,,True,28.466981834000762,22,,,2.220446049250313e-16,0.5546223168323521,0.18769560623980774
2pl_n100_p10000_rho-0.4,standard_normal,normal,2pl,100,10000,0.0,0.1,0,1531351168,-0.4,independent,1,0.0,0.05,2.5,2.0,18.0,18.0,2.0,tbaem_c,returned,fixed_point_criteria,,True,53.058255374999135,28,0.011655961924058175,0.12639648229153636,2.220446049250313e-16,0.551590200409143,0.18694607585220935
2pl_n100_p10000_rho-0.4,standard_normal,normal,2pl,100,10000,0.0,0.1,0,1531351168,-0.4,independent,1,0.0,0.05,2.5,2.0,18.0,18.0,2.0,tbaem_d,returned,fixed_point_criteria,,True,50.8374467499998,27,0.013399154330264333,0.11446874087425368,2.220446049250313e-16,0.5518790664349744,0.18702620181660964
2pl_n100_p10000_rho-0.4,standard_normal,normal,2pl,100,10000,0.0,0.1,0,1531351168,-0.4,independent,1,0.0,0.05,2.5,2.0,18.0,18.0,2.0,vi,returned,training_elbo_and_parameter_stability,,True,103.09595720900143,3800,,,2.220446049250313e-16,0.5527069586912673,0.1872111424061327
2pl_n100_p10000_rho-0.4,standard_normal,normal,2pl,100,10000,0.0,0.1,1,1984704896,-0.4,independent,1,0.0,0.05,2.5,2.0,18.0,18.0,2.0,jml,returned,gradient_and_objective_criteria,,True,40.84100820800086,49,,,3.3306690738754696e-16,0.5711915029657815,0.19502365338712582
2pl_n100_p10000_rho-0.4,standard_normal,normal,2pl,100,10000,0.0,0.1,1,1984704896,-0.4,independent,1,0.0,0.05,2.5,2.0,18.0,18.0,2.0,tbaem_c,returned,fixed_point_criteria,,True,67.52075195799989,37,0.01612645042284582,0.17856138427523569,2.220446049250313e-16,0.568491914397809,0.19431574904392204
2pl_n100_p10000_rho-0.4,standard_normal,normal,2pl,100,10000,0.0,0.1,1,1984704896,-0.4,independent,1,0.0,0.05,2.5,2.0,18.0,18.0,2.0,tbaem_d,returned,fixed_point_criteria,,True,55.233814958999574,32,0.0191041205770605,0.16656974024762147,2.220446049250313e-16,0.5686483004537918,0.19436624955626267
2pl_n100_p10000_rho-0.4,standard_normal,normal,2pl,100,10000,0.0,0.1,1,1984704896,-0.4,independent,1,0.0,0.05,2.5,2.0,18.0,18.0,2.0,vi,returned,training_elbo_and_parameter_stability,,True,101.48895462499968,3800,,,2.220446049250313e-16,0.5692790352085809,0.1945258020529621
2pl_n100_p10000_rho-0.4,standard_normal,normal,2pl,100,10000,0.0,0.1,2,5476232,-0.4,independent,1,0.0,0.05,2.5,2.0,18.0,18.0,2.0,jml,returned,gradient_and_objective_criteria,,True,30.951331124999342,26,,,3.3306690738754696e-16,0.5552201812634157,0.18830623913233696
2pl_n100_p10000_rho-0.4,standard_normal,normal,2pl,100,10000,0.0,0.1,2,5476232,-0.4,independent,1,0.0,0.05,2.5,2.0,18.0,18.0,2.0,tbaem_c,returned,fixed_point_criteria,,True,51.3274687919984,29,0.012375079398355866,0.13097753033054257,2.220446049250313e-16,0.5525980826381554,0.1876282070054137
2pl_n100_p10000_rho-0.4,standard_normal,normal,2pl,100,10000,0.0,0.1,2,5476232,-0.4,independent,1,0.0,0.05,2.5,2.0,18.0,18.0,2.0,tbaem_d,returned,fixed_point_criteria,,True,45.45869241600121,24,0.014498227655947299,0.11767861318192377,3.3306690738754696e-16,0.5528897893525614,0.1877044131300335
2pl_n100_p10000_rho-0.4,standard_normal,normal,2pl,100,10000,0.0,0.1,2,5476232,-0.4,independent,1,0.0,0.05,2.5,2.0,18.0,18.0,2.0,vi,returned,training_elbo_and_parameter_stability,,True,100.91140641700076,3800,,,3.3306690738754696e-16,0.5534673456799093,0.18784940527133326
2pl_n100_p10000_rho-0.4,standard_normal,normal,2pl,100,10000,0.0,0.1,3,1271250306,-0.4,independent,1,0.0,0.05,2.5,2.0,18.0,18.0,2.0,jml,returned,gradient_and_objective_criteria,,True,33.410638249999465,27,,,3.3306690738754696e-16,0.5565907495949675,0.18909985879226565
2pl_n100_p10000_rho-0.4,standard_normal,normal,2pl,100,10000,0.0,0.1,3,1271250306,-0.4,independent,1,0.0,0.05,2.5,2.0,18.0,18.0,2.0,tbaem_c,returned,fixed_point_criteria,,True,49.16770479200022,25,0.012127416491480043,0.12855064269783223,3.3306690738754696e-16,0.5545249357616562,0.1886176734710977
2pl_n100_p10000_rho-0.4,standard_normal,normal,2pl,100,10000,0.0,0.1,3,1271250306,-0.4,independent,1,0.0,0.05,2.5,2.0,18.0,18.0,2.0,tbaem_d,returned,fixed_point_criteria,,True,48.99888233399906,25,0.01363801055849495,0.1157786076902848,3.3306690738754696e-16,0.5547762544948222,0.1886797177540673
2pl_n100_p10000_rho-0.4,standard_normal,normal,2pl,100,10000,0.0,0.1,3,1271250306,-0.4,independent,1,0.0,0.05,2.5,2.0,18.0,18.0,2.0,vi,returned,training_elbo_and_parameter_stability,,True,101.16439295800046,3800,,,2.220446049250313e-16,0.5551170326347415,0.18874212465892826
2pl_n100_p1000_rho+0.0,standard_normal,normal,2pl,100,1000,0.0,0.1,0,646737116,0.0,independent,1,0.0,0.05,2.5,2.0,18.0,18.0,2.0,jml,returned,gradient_and_objective_criteria,,True,0.7691352500005451,14,,,3.3306690738754696e-16,0.5613255978516689,0.19033142176085166
2pl_n100_p1000_rho+0.0,standard_normal,normal,2pl,100,1000,0.0,0.1,0,646737116,0.0,independent,1,0.0,0.05,2.5,2.0,18.0,18.0,2.0,tbaem_c,returned,fixed_point_criteria,,True,5.96373633300027,27,0.012761235615071174,0.12668188306745468,2.220446049250313e-16,0.5588750311340192,0.1897212957883201
2pl_n100_p1000_rho+0.0,standard_normal,normal,2pl,100,1000,0.0,0.1,0,646737116,0.0,independent,1,0.0,0.05,2.5,2.0,18.0,18.0,2.0,tbaem_d,returned,fixed_point_criteria,,True,6.24974929200107,27,0.012783498959056403,0.1265306995619985,2.220446049250313e-16,0.5588745346198204,0.18972171613793468
2pl_n100_p1000_rho+0.0,standard_normal,normal,2pl,100,1000,0.0,0.1,0,646737116,0.0,independent,1,0.0,0.05,2.5,2.0,18.0,18.0,2.0,vi,returned,training_elbo_and_parameter_stability,,True,14.401031084000351,3800,,,2.220446049250313e-16,0.5594430057786393,0.18986868589424832
2pl_n100_p1000_rho+0.0,standard_normal,normal,2pl,100,1000,0.0,0.1,1,285880426,0.0,independent,1,0.0,0.05,2.5,2.0,18.0,18.0,2.0,jml,returned,gradient_and_objective_criteria,,True,7.386370334001185,14,,,2.220446049250313e-16,0.5484849285819219,0.18524800116614584
2pl_n100_p1000_rho+0.0,standard_normal,normal,2pl,100,1000,0.0,0.1,1,285880426,0.0,independent,1,0.0,0.05,2.5,2.0,18.0,18.0,2.0,tbaem_c,returned,fixed_point_criteria,,True,4.2634101249987,24,0.015196099374525228,0.107693756013242,3.3306690738754696e-16,0.5465660225260592,0.18489881681875844
2pl_n100_p1000_rho+0.0,standard_normal,normal,2pl,100,1000,0.0,0.1,1,285880426,0.0,independent,1,0.0,0.05,2.5,2.0,18.0,18.0,2.0,tbaem_d,returned,fixed_point_criteria,,True,6.068098957999609,24,0.015433455691543254,0.10602159776619086,2.220446049250313e-16,0.5466016650196484,0.18490505845696256
2pl_n100_p1000_rho+0.0,standard_normal,normal,2pl,100,1000,0.0,0.1,1,285880426,0.0,independent,1,0.0,0.05,2.5,2.0,18.0,18.0,2.0,vi,returned,training_elbo_and_parameter_stability,,True,14.155096291000518,3800,,,2.220446049250313e-16,0.546708421141421,0.18484645350992615
2pl_n100_p1000_rho+0.0,standard_normal,normal,2pl,100,1000,0.0,0.1,2,2054229398,0.0,independent,1,0.0,0.05,2.5,2.0,18.0,18.0,2.0,jml,returned,gradient_and_objective_criteria,,True,6.012097500000891,14,,,2.220446049250313e-16,0.5536576311954503,0.18769060962016482
2pl_n100_p1000_rho+0.0,standard_normal,normal,2pl,100,1000,0.0,0.1,2,2054229398,0.0,independent,1,0.0,0.05,2.5,2.0,18.0,18.0,2.0,tbaem_c,returned,fixed_point_criteria,,True,4.285723542001506,24,0.013980741197645133,0.12398936608107071,2.220446049250313e-16,0.5511553796924316,0.18717489301908632
2pl_n100_p1000_rho+0.0,standard_normal,normal,2pl,100,1000,0.0,0.1,2,2054229398,0.0,independent,1,0.0,0.05,2.5,2.0,18.0,18.0,2.0,tbaem_d,returned,fixed_point_criteria,,True,5.178036540999528,24,0.013846484241241202,0.12362985332669295,2.220446049250313e-16,0.5512264248357089,0.1871922323068058
2pl_n100_p1000_rho+0.0,standard_normal,normal,2pl,100,1000,0.0,0.1,2,2054229398,0.0,independent,1,0.0,0.05,2.5,2.0,18.0,18.0,2.0,vi,returned,training_elbo_and_parameter_stability,,True,13.786731665999469,3800,,,2.220446049250313e-16,0.5516182214167977,0.18722255327862936
2pl_n100_p1000_rho+0.0,standard_normal,normal,2pl,100,1000,0.0,0.1,3,684886297,0.0,independent,1,0.0,0.05,2.5,2.0,18.0,18.0,2.0,jml,returned,gradient_and_objective_criteria,,True,6.683231874998455,14,,,2.220446049250313e-16,0.5732022820266452,0.19550670050922891
2pl_n100_p1000_rho+0.0,standard_normal,normal,2pl,100,1000,0.0,0.1,3,684886297,0.0,independent,1,0.0,0.05,2.5,2.0,18.0,18.0,2.0,tbaem_c,returned,fixed_point_criteria,,True,4.947103082999092,27,0.013511751976599061,0.1384010557056058,2.220446049250313e-16,0.5705768219002152,0.19495142995735604
2pl_n100_p1000_rho+0.0,standard_normal,normal,2pl,100,1000,0.0,0.1,3,684886297,0.0,independent,1,0.0,0.05,2.5,2.0,18.0,18.0,2.0,tbaem_d,returned,fixed_point_criteria,,True,6.375980791999609,28,0.013412647927805943,0.13886947250422696,2.220446049250313e-16,0.570574039638494,0.19494607509238537
2pl_n100_p1000_rho+0.0,standard_normal,normal,2pl,100,1000,0.0,0.1,3,684886297,0.0,independent,1,0.0,0.05,2.5,2.0,18.0,18.0,2.0,vi,returned,training_elbo_and_parameter_stability,,True,13.781912000000375,3900,,,2.220446049250313e-16,0.5710949675488775,0.19499196734222624
2pl_n100_p1000_rho+0.0,standard_normal,normal,2pl,100,1000,0.0,0.1,4,68082699,0.0,independent,1,0.0,0.05,2.5,2.0,18.0,18.0,2.0,jml,returned,gradient_and_objective_criteria,,True,9.09806958399895,14,,,2.220446049250313e-16,0.5401981137418282,0.18176691646106216
2pl_n100_p1000_rho+0.0,standard_normal,normal,2pl,100,1000,0.0,0.1,4,68082699,0.0,independent,1,0.0,0.05,2.5,2.0,18.0,18.0,2.0,tbaem_c,returned,fixed_point_criteria,,True,4.352520499998718,24,0.012272005091414831,0.10203927606586767,2.220446049250313e-16,0.5380115571425533,0.18119578452768925
2pl_n100_p1000_rho+0.0,standard_normal,normal,2pl,100,1000,0.0,0.1,4,68082699,0.0,independent,1,0.0,0.05,2.5,2.0,18.0,18.0,2.0,tbaem_d,returned,fixed_point_criteria,,True,5.966079375000845,24,0.012303447514292602,0.10197275224329265,2.220446049250313e-16,0.5380102165120608,0.1811949950858972
2pl_n100_p1000_rho+0.0,standard_normal,normal,2pl,100,1000,0.0,0.1,4,68082699,0.0,independent,1,0.0,0.05,2.5,2.0,18.0,18.0,2.0,vi,returned,training_elbo_and_parameter_stability,,True,13.326552000000447,3800,,,2.220446049250313e-16,0.5387087147218421,0.18141671484925287
2pl_n100_p1000_rho+0.4,standard_normal,normal,2pl,100,1000,0.0,0.1,0,1184911798,0.4,independent,1,0.0,0.05,2.5,2.0,18.0,18.0,2.0,jml,returned,gradient_and_objective_criteria,,True,6.012655250000535,14,,,2.220446049250313e-16,0.5495428674129991,0.18584975492042913
2pl_n100_p1000_rho+0.4,standard_normal,normal,2pl,100,1000,0.0,0.1,0,1184911798,0.4,independent,1,0.0,0.05,2.5,2.0,18.0,18.0,2.0,tbaem_c,returned,fixed_point_criteria,,True,4.6129865829989285,26,0.011742681769491914,0.13526424780167876,2.220446049250313e-16,0.5474908077172181,0.18530736098668216
2pl_n100_p1000_rho+0.4,standard_normal,normal,2pl,100,1000,0.0,0.1,0,1184911798,0.4,independent,1,0.0,0.05,2.5,2.0,18.0,18.0,2.0,tbaem_d,returned,fixed_point_criteria,,True,5.497155708999344,24,0.01207249290358738,0.12318600814314055,2.220446049250313e-16,0.5475746999277035,0.18532187875575673
2pl_n100_p1000_rho+0.4,standard_normal,normal,2pl,100,1000,0.0,0.1,0,1184911798,0.4,independent,1,0.0,0.05,2.5,2.0,18.0,18.0,2.0,vi,returned,training_elbo_and_parameter_stability,,True,13.391701291000572,3800,,,2.220446049250313e-16,0.5479058936546528,0.18543598186115165
2pl_n100_p1000_rho+0.4,standard_normal,normal,2pl,100,1000,0.0,0.1,1,485098894,0.4,independent,1,0.0,0.05,2.5,2.0,18.0,18.0,2.0,jml,returned,gradient_and_objective_criteria,,True,5.734540207999089,14,,,2.220446049250313e-16,0.5506053236439477,0.1860085480011856
2pl_n100_p1000_rho+0.4,standard_normal,normal,2pl,100,1000,0.0,0.1,1,485098894,0.4,independent,1,0.0,0.05,2.5,2.0,18.0,18.0,2.0,tbaem_c,returned,fixed_point_criteria,,True,4.613086125000336,25,0.013629640814186786,0.12600524917254677,2.220446049250313e-16,0.5478770992154323,0.1857288047873958
2pl_n100_p1000_rho+0.4,standard_normal,normal,2pl,100,1000,0.0,0.1,1,485098894,0.4,independent,1,0.0,0.05,2.5,2.0,18.0,18.0,2.0,tbaem_d,returned,fixed_point_criteria,,True,5.702921083000547,24,0.015869238988942058,0.11335329767940967,2.220446049250313e-16,0.5479827542704131,0.18577030334196756
2pl_n100_p1000_rho+0.4,standard_normal,normal,2pl,100,1000,0.0,0.1,1,485098894,0.4,independent,1,0.0,0.05,2.5,2.0,18.0,18.0,2.0,vi,returned,training_elbo_and_parameter_stability,,True,13.846185291999063,3800,,,2.220446049250313e-16,0.5482792956436907,0.18570583046090752
2pl_n100_p1000_rho+0.4,standard_normal,normal,2pl,100,1000,0.0,0.1,2,453475108,0.4,independent,1,0.0,0.05,2.5,2.0,18.0,18.0,2.0,jml,returned,gradient_and_objective_criteria,,True,8.909017292000499,14,,,2.220446049250313e-16,0.5447856378734723,0.18324012569481168
2pl_n100_p1000_rho+0.4,standard_normal,normal,2pl,100,1000,0.0,0.1,2,453475108,0.4,independent,1,0.0,0.05,2.5,2.0,18.0,18.0,2.0,tbaem_c,returned,fixed_point_criteria,,True,5.404744707999271,24,0.01164655590254952,0.09776282246483334,2.220446049250313e-16,0.541824379193759,0.18261499776025988
2pl_n100_p1000_rho+0.4,standard_normal,normal,2pl,100,1000,0.0,0.1,2,453475108,0.4,independent,1,0.0,0.05,2.5,2.0,18.0,18.0,2.0,tbaem_d,returned,fixed_point_criteria,,True,6.047713250000015,24,0.013137544808569396,0.08979708610281133,2.220446049250313e-16,0.5419365961107637,0.18266443746210534
2pl_n100_p1000_rho+0.4,standard_normal,normal,2pl,100,1000,0.0,0.1,2,453475108,0.4,independent,1,0.0,0.05,2.5,2.0,18.0,18.0,2.0,vi,returned,training_elbo_and_parameter_stability,,True,15.20362566699987,3800,,,2.220446049250313e-16,0.5429182047713339,0.18286348769611446
2pl_n100_p1000_rho+0.4,standard_normal,normal,2pl,100,1000,0.0,0.1,3,1018792474,0.4,independent,1,0.0,0.05,2.5,2.0,18.0,18.0,2.0,jml,returned,gradient_and_objective_criteria,,True,5.737188041999616,14,,,2.220446049250313e-16,0.5513075411259043,0.1870290649019672
2pl_n100_p1000_rho+0.4,standard_normal,normal,2pl,100,1000,0.0,0.1,3,1018792474,0.4,independent,1,0.0,0.05,2.5,2.0,18.0,18.0,2.0,tbaem_c,returned,fixed_point_criteria,,True,5.656310667000071,28,0.011995558268633287,0.13118192136063225,2.220446049250313e-16,0.5484303844502497,0.18604938782929767
2pl_n100_p1000_rho+0.4,standard_normal,normal,2pl,100,1000,0.0,0.1,3,1018792474,0.4,independent,1,0.0,0.05,2.5,2.0,18.0,18.0,2.0,tbaem_d,returned,fixed_point_criteria,,True,6.249324458000046,24,0.013436130679614702,0.12246432531630434,2.220446049250313e-16,0.5487631223814727,0.18613671934238044
2pl_n100_p1000_rho+0.4,standard_normal,normal,2pl,100,1000,0.0,0.1,3,1018792474,0.4,independent,1,0.0,0.05,2.5,2.0,18.0,18.0,2.0,vi,returned,training_elbo_and_parameter_stability,,True,15.794397249999747,3800,,,2.220446049250313e-16,0.549652997422713,0.18651258241890048
2pl_n100_p1000_rho+0.4,standard_normal,normal,2pl,100,1000,0.0,0.1,4,979450872,0.4,independent,1,0.0,0.05,2.5,2.0,18.0,18.0,2.0,jml,returned,gradient_and_objective_criteria,,True,6.334477500000503,14,,,2.220446049250313e-16,0.5536472197745679,0.18816862318934535
2pl_n100_p1000_rho+0.4,standard_normal,normal,2pl,100,1000,0.0,0.1,4,979450872,0.4,independent,1,0.0,0.05,2.5,2.0,18.0,18.0,2.0,tbaem_c,returned,fixed_point_criteria,,True,7.731133500001306,28,0.011924542218482864,0.13313481352675113,2.220446049250313e-16,0.5504632333165684,0.18714415308614696
2pl_n100_p1000_rho+0.4,standard_normal,normal,2pl,100,1000,0.0,0.1,4,979450872,0.4,independent,1,0.0,0.05,2.5,2.0,18.0,18.0,2.0,tbaem_d,returned,fixed_point_criteria,,True,8.012768874999892,25,0.014161349112669554,0.12225550900543929,2.220446049250313e-16,0.550818107830731,0.18725520393060768
2pl_n100_p1000_rho+0.4,standard_normal,normal,2pl,100,1000,0.0,0.1,4,979450872,0.4,independent,1,0.0,0.05,2.5,2.0,18.0,18.0,2.0,vi,returned,training_elbo_and_parameter_stability,,True,17.36314508400028,3800,,,2.220446049250313e-16,0.5514940619426367,0.18750573374523402
2pl_n100_p1000_rho-0.4,standard_normal,normal,2pl,100,1000,0.0,0.1,0,19815552,-0.4,independent,1,0.0,0.05,2.5,2.0,18.0,18.0,2.0,jml,returned,gradient_and_objective_criteria,,True,1.3063018330003615,14,,,2.220446049250313e-16,0.5677636629130816,0.1935396222350379
2pl_n100_p1000_rho-0.4,standard_normal,normal,2pl,100,1000,0.0,0.1,0,19815552,-0.4,independent,1,0.0,0.05,2.5,2.0,18.0,18.0,2.0,tbaem_c,returned,fixed_point_criteria,,True,5.992446125000242,30,0.013080938864810482,0.14533668094073893,2.220446049250313e-16,0.564679994017187,0.19251173289815793
2pl_n100_p1000_rho-0.4,standard_normal,normal,2pl,100,1000,0.0,0.1,0,19815552,-0.4,independent,1,0.0,0.05,2.5,2.0,18.0,18.0,2.0,tbaem_d,returned,fixed_point_criteria,,True,7.146218040999884,25,0.014639359943110703,0.13014247227721512,2.220446049250313e-16,0.5647409912229115,0.19257004154330293
2pl_n100_p1000_rho-0.4,standard_normal,normal,2pl,100,1000,0.0,0.1,0,19815552,-0.4,independent,1,0.0,0.05,2.5,2.0,18.0,18.0,2.0,vi,returned,training_elbo_and_parameter_stability,,True,13.69308537500001,3900,,,2.220446049250313e-16,0.5655756028511134,0.19288354437626312
2pl_n100_p1000_rho-0.4,standard_normal,normal,2pl,100,1000,0.0,0.1,1,1909577770,-0.4,independent,1,0.0,0.05,2.5,2.0,18.0,18.0,2.0,jml,returned,gradient_and_objective_criteria,,True,0.9695333750005375,14,,,2.220446049250313e-16,0.562768090965119,0.19141218006406843
2pl_n100_p1000_rho-0.4,standard_normal,normal,2pl,100,1000,0.0,0.1,1,1909577770,-0.4,independent,1,0.0,0.05,2.5,2.0,18.0,18.0,2.0,tbaem_c,returned,fixed_point_criteria,,True,6.074592750000193,30,0.01292827138495732,0.13734713014799277,2.220446049250313e-16,0.5610580004059208,0.1910022719402404
2pl_n100_p1000_rho-0.4,standard_normal,normal,2pl,100,1000,0.0,0.1,1,1909577770,-0.4,independent,1,0.0,0.05,2.5,2.0,18.0,18.0,2.0,tbaem_d,returned,fixed_point_criteria,,True,5.047122957999818,26,0.014621960488770486,0.12118353854481599,2.220446049250313e-16,0.5616234262011869,0.1911280561156515
2pl_n100_p1000_rho-0.4,standard_normal,normal,2pl,100,1000,0.0,0.1,1,1909577770,-0.4,independent,1,0.0,0.05,2.5,2.0,18.0,18.0,2.0,vi,returned,training_elbo_and_parameter_stability,,True,13.232548250000036,3800,,,2.220446049250313e-16,0.5614330600020149,0.1910271732094883
2pl_n100_p1000_rho-0.4,standard_normal,normal,2pl,100,1000,0.0,0.1,2,1325035958,-0.4,independent,1,0.0,0.05,2.5,2.0,18.0,18.0,2.0,jml,returned,gradient_and_objective_criteria,,True,1.1850240000003396,14,,,2.220446049250313e-16,0.567984837446348,0.19344769911772697
2pl_n100_p1000_rho-0.4,standard_normal,normal,2pl,100,1000,0.0,0.1,2,1325035958,-0.4,independent,1,0.0,0.05,2.5,2.0,18.0,18.0,2.0,tbaem_c,returned,fixed_point_criteria,,True,6.712555834000341,34,0.01343627886240342,0.16514999835691066,2.220446049250313e-16,0.5671587171359329,0.1934079506719681
2pl_n100_p1000_rho-0.4,standard_normal,normal,2pl,100,1000,0.0,0.1,2,1325035958,-0.4,independent,1,0.0,0.05,2.5,2.0,18.0,18.0,2.0,tbaem_d,returned,fixed_point_criteria,,True,5.889751124999748,30,0.01560447314630012,0.15256449078382875,2.220446049250313e-16,0.5672822033927851,0.19344598494447854
2pl_n100_p1000_rho-0.4,standard_normal,normal,2pl,100,1000,0.0,0.1,2,1325035958,-0.4,independent,1,0.0,0.05,2.5,2.0,18.0,18.0,2.0,vi,returned,training_elbo_and_parameter_stability,,True,13.251850042000115,3800,,,2.220446049250313e-16,0.5668300680477604,0.19321125941030468
2pl_n100_p1000_rho-0.4,standard_normal,normal,2pl,100,1000,0.0,0.1,3,1079736210,-0.4,independent,1,0.0,0.05,2.5,2.0,18.0,18.0,2.0,jml,returned,gradient_and_objective_criteria,,True,3.679045374999987,14,,,2.220446049250313e-16,0.5531340793918464,0.18775881377375253
2pl_n100_p1000_rho-0.4,standard_normal,normal,2pl,100,1000,0.0,0.1,3,1079736210,-0.4,independent,1,0.0,0.05,2.5,2.0,18.0,18.0,2.0,tbaem_c,returned,fixed_point_criteria,,True,5.108867124999961,25,0.01210566446178463,0.12598985610108263,2.220446049250313e-16,0.5498113934879786,0.18674787707255347
2pl_n100_p1000_rho-0.4,standard_normal,normal,2pl,100,1000,0.0,0.1,3,1079736210,-0.4,independent,1,0.0,0.05,2.5,2.0,18.0,18.0,2.0,tbaem_d,returned,fixed_point_criteria,,True,4.8019100420006,24,0.01286217145014263,0.11475771422503174,2.220446049250313e-16,0.5501295947552671,0.1867923633193669
2pl_n100_p1000_rho-0.4,standard_normal,normal,2pl,100,1000,0.0,0.1,3,1079736210,-0.4,independent,1,0.0,0.05,2.5,2.0,18.0,18.0,2.0,vi,returned,training_elbo_and_parameter_stability,,True,13.936295584000618,3900,,,2.220446049250313e-16,0.5511451420169791,0.18719826389883518
2pl_n100_p1000_rho-0.4,standard_normal,normal,2pl,100,1000,0.0,0.1,4,1045908332,-0.4,independent,1,0.0,0.05,2.5,2.0,18.0,18.0,2.0,jml,returned,gradient_and_objective_criteria,,True,0.8149940829989646,14,,,2.220446049250313e-16,0.5725738706661863,0.1950735930494511
2pl_n100_p1000_rho-0.4,standard_normal,normal,2pl,100,1000,0.0,0.1,4,1045908332,-0.4,independent,1,0.0,0.05,2.5,2.0,18.0,18.0,2.0,tbaem_c,returned,fixed_point_criteria,,True,6.267367833999742,31,0.014171773132303776,0.1497475459974082,2.220446049250313e-16,0.569029688466967,0.1941261575032986
2pl_n100_p1000_rho-0.4,standard_normal,normal,2pl,100,1000,0.0,0.1,4,1045908332,-0.4,independent,1,0.0,0.05,2.5,2.0,18.0,18.0,2.0,tbaem_d,returned,fixed_point_criteria,,True,5.137352500000816,28,0.01633380384654783,0.13477885193046973,2.220446049250313e-16,0.5693052332332478,0.19421013965812026
2pl_n100_p1000_rho-0.4,standard_normal,normal,2pl,100,1000,0.0,0.1,4,1045908332,-0.4,independent,1,0.0,0.05,2.5,2.0,18.0,18.0,2.0,vi,returned,training_elbo_and_parameter_stability,,True,13.338393291000102,3800,,,2.220446049250313e-16,0.5702770809430157,0.19444280632690844
2pl_n20_p10000_rho+0.0,standard_normal,normal,2pl,20,10000,0.0,0.1,0,84070133,0.0,independent,1,0.0,0.05,2.5,2.0,18.0,18.0,2.0,jml,returned,iteration_limit,,False,52.72547674999987,300,,,3.3306690738754696e-16,0.7096558613519867,0.2105338224427883
2pl_n20_p10000_rho+0.0,standard_normal,normal,2pl,20,10000,0.0,0.1,0,84070133,0.0,independent,1,0.0,0.05,2.5,2.0,18.0,18.0,2.0,tbaem_c,returned,fixed_point_criteria,,True,85.54652533300032,122,0.0162061918147177,0.13952071414232106,2.220446049250313e-16,0.579530595461928,0.19838684493532727
2pl_n20_p10000_rho+0.0,standard_normal,normal,2pl,20,10000,0.0,0.1,0,84070133,0.0,independent,1,0.0,0.05,2.5,2.0,18.0,18.0,2.0,tbaem_d,returned,fixed_point_criteria,,True,90.88030879100006,122,0.01603042303217599,0.13962077597226302,2.220446049250313e-16,0.579541209250222,0.19838997793206622
2pl_n20_p10000_rho+0.0,standard_normal,normal,2pl,20,10000,0.0,0.1,0,84070133,0.0,independent,1,0.0,0.05,2.5,2.0,18.0,18.0,2.0,vi,returned,training_elbo_and_parameter_stability,,True,28.364390749999984,4000,,,2.220446049250313e-16,0.5872418999630004,0.20032424140091784
2pl_n20_p10000_rho+0.0,standard_normal,normal,2pl,20,10000,0.0,0.1,1,807380361,0.0,independent,1,0.0,0.05,2.5,2.0,18.0,18.0,2.0,jml,returned,iteration_limit,,False,49.391676833999554,300,,,2.7755575615628914e-16,0.6894974853070663,0.20001016958166362
2pl_n20_p10000_rho+0.0,standard_normal,normal,2pl,20,10000,0.0,0.1,1,807380361,0.0,independent,1,0.0,0.05,2.5,2.0,18.0,18.0,2.0,tbaem_c,returned,fixed_point_criteria,,True,84.44772391700008,127,0.01820783632019155,0.1178551344344296,2.220446049250313e-16,0.5565219293291153,0.1884552012538787
2pl_n20_p10000_rho+0.0,standard_normal,normal,2pl,20,10000,0.0,0.1,1,807380361,0.0,independent,1,0.0,0.05,2.5,2.0,18.0,18.0,2.0,tbaem_d,returned,fixed_point_criteria,,True,82.27380087500023,124,0.017159639921775598,0.11823787178335414,3.3306690738754696e-16,0.556435883731931,0.18843649302609597
2pl_n20_p10000_rho+0.0,standard_normal,normal,2pl,20,10000,0.0,0.1,1,807380361,0.0,independent,1,0.0,0.05,2.5,2.0,18.0,18.0,2.0,vi,returned,training_elbo_and_parameter_stability,,True,26.061709957999483,3800,,,2.220446049250313e-16,0.5650960742774283,0.19016065186315909
2pl_n20_p10000_rho+0.0,standard_normal,normal,2pl,20,10000,0.0,0.1,2,652548809,0.0,independent,1,0.0,0.05,2.5,2.0,18.0,18.0,2.0,jml,returned,iteration_limit,,False,45.87758883300012,300,,,3.885780586188048e-16,0.7044799523329921,0.21018713413570728
2pl_n20_p10000_rho+0.0,standard_normal,normal,2pl,20,10000,0.0,0.1,2,652548809,0.0,independent,1,0.0,0.05,2.5,2.0,18.0,18.0,2.0,tbaem_c,returned,fixed_point_criteria,,True,108.17794891599988,120,0.016589111318888197,0.1455274830621321,2.220446049250313e-16,0.5811982639831936,0.19836822489320854
2pl_n20_p10000_rho+0.0,standard_normal,normal,2pl,20,10000,0.0,0.1,2,652548809,0.0,independent,1,0.0,0.05,2.5,2.0,18.0,18.0,2.0,tbaem_d,returned,fixed_point_criteria,,True,97.64531075000014,120,0.01631415562064761,0.14559574631378522,2.220446049250313e-16,0.5811949196672004,0.19836735715480563
2pl_n20_p10000_rho+0.0,standard_normal,normal,2pl,20,10000,0.0,0.1,2,652548809,0.0,independent,1,0.0,0.05,2.5,2.0,18.0,18.0,2.0,vi,returned,training_elbo_and_parameter_stability,,True,37.21129275000021,3800,,,2.220446049250313e-16,0.589609031479401,0.20032350679531388
2pl_n20_p10000_rho+0.0,standard_normal,normal,2pl,20,10000,0.0,0.1,3,717571499,0.0,independent,1,0.0,0.05,2.5,2.0,18.0,18.0,2.0,jml,returned,iteration_limit,,False,44.971445834000406,300,,,6.661338147750939e-16,0.673412165856625,0.19960893206214494
2pl_n20_p10000_rho+0.0,standard_normal,normal,2pl,20,10000,0.0,0.1,3,717571499,0.0,independent,1,0.0,0.05,2.5,2.0,18.0,18.0,2.0,tbaem_c,returned,fixed_point_criteria,,True,74.35513575000004,109,0.015020908120106518,0.11675139702086997,2.220446049250313e-16,0.5554076488968762,0.1878981374553583
2pl_n20_p10000_rho+0.0,standard_normal,normal,2pl,20,10000,0.0,0.1,3,717571499,0.0,independent,1,0.0,0.05,2.5,2.0,18.0,18.0,2.0,tbaem_d,returned,fixed_point_criteria,,True,81.48847595799998,110,0.01410641415701362,0.11741070154504185,2.220446049250313e-16,0.555405810121224,0.1878793958389044
2pl_n20_p10000_rho+0.0,standard_normal,normal,2pl,20,10000,0.0,0.1,3,717571499,0.0,independent,1,0.0,0.05,2.5,2.0,18.0,18.0,2.0,vi,returned,training_elbo_and_parameter_stability,,True,26.33897149999939,3800,,,3.3306690738754696e-16,0.5632410900471078,0.1899154031836197
2pl_n20_p10000_rho+0.0,standard_normal,normal,2pl,20,10000,0.0,0.1,4,1884835940,0.0,independent,1,0.0,0.05,2.5,2.0,18.0,18.0,2.0,jml,returned,iteration_limit,,False,32.928938500000186,300,,,3.3306690738754696e-16,0.6716119403819508,0.2100435741108281
2pl_n20_p10000_rho+0.0,standard_normal,normal,2pl,20,10000,0.0,0.1,4,1884835940,0.0,independent,1,0.0,0.05,2.5,2.0,18.0,18.0,2.0,tbaem_c,returned,fixed_point_criteria,,True,85.94531945800009,126,0.018064420718696177,0.14669455732485065,2.220446049250313e-16,0.5837880337960308,0.2004476595722884
2pl_n20_p10000_rho+0.0,standard_normal,normal,2pl,20,10000,0.0,0.1,4,1884835940,0.0,independent,1,0.0,0.05,2.5,2.0,18.0,18.0,2.0,tbaem_d,returned,fixed_point_criteria,,True,88.8701240420005,127,0.017895795749357922,0.14656659175144152,2.220446049250313e-16,0.5837930292602118,0.20044920512891426
2pl_n20_p10000_rho+0.0,standard_normal,normal,2pl,20,10000,0.0,0.1,4,1884835940,0.0,independent,1,0.0,0.05,2.5,2.0,18.0,18.0,2.0,vi,returned,training_elbo_and_parameter_stability,,True,25.58048929100005,3800,,,2.220446049250313e-16,0.5884900498344486,0.20163656169683353
2pl_n20_p10000_rho+0.4,standard_normal,normal,2pl,20,10000,0.0,0.1,0,154295974,0.4,independent,1,0.0,0.05,2.5,2.0,18.0,18.0,2.0,jml,returned,gradient_and_objective_criteria,,True,40.88822008399984,178,,,4.996003610813204e-16,0.6669141283047193,0.20152171226784754
2pl_n20_p10000_rho+0.4,standard_normal,normal,2pl,20,10000,0.0,0.1,0,154295974,0.4,independent,1,0.0,0.05,2.5,2.0,18.0,18.0,2.0,tbaem_c,returned,fixed_point_criteria,,True,87.8471635829992,130,0.013605274838603623,0.13027360072450747,2.220446049250313e-16,0.5611608582313422,0.18996915243697884
2pl_n20_p10000_rho+0.4,standard_normal,normal,2pl,20,10000,0.0,0.1,0,154295974,0.4,independent,1,0.0,0.05,2.5,2.0,18.0,18.0,2.0,tbaem_d,returned,fixed_point_criteria,,True,77.57581004200074,114,0.01573258353829712,0.12965161245905202,2.220446049250313e-16,0.5612795271276233,0.19001984688907494
2pl_n20_p10000_rho+0.4,standard_normal,normal,2pl,20,10000,0.0,0.1,0,154295974,0.4,independent,1,0.0,0.05,2.5,2.0,18.0,18.0,2.0,vi,returned,training_elbo_and_parameter_stability,,True,29.365365374999783,3800,,,2.220446049250313e-16,0.5690112879116875,0.1918888537981789
2pl_n20_p10000_rho+0.4,standard_normal,normal,2pl,20,10000,0.0,0.1,1,204453083,0.4,independent,1,0.0,0.05,2.5,2.0,18.0,18.0,2.0,jml,returned,gradient_and_objective_criteria,,True,28.268261917000018,138,,,9.992007221626409e-16,0.6636691855656882,0.20426102790180747
2pl_n20_p10000_rho+0.4,standard_normal,normal,2pl,20,10000,0.0,0.1,1,204453083,0.4,independent,1,0.0,0.05,2.5,2.0,18.0,18.0,2.0,tbaem_c,returned,fixed_point_criteria,,True,93.50710312499996,131,0.020887785117772773,0.1369505012643295,2.220446049250313e-16,0.5702312702336234,0.19397857681757108
2pl_n20_p10000_rho+0.4,standard_normal,normal,2pl,20,10000,0.0,0.1,1,204453083,0.4,independent,1,0.0,0.05,2.5,2.0,18.0,18.0,2.0,tbaem_d,returned,fixed_point_criteria,,True,114.46548220800014,127,0.01664295639842718,0.13634229125959682,2.220446049250313e-16,0.5705286073707072,0.19406201699098935
2pl_n20_p10000_rho+0.4,standard_normal,normal,2pl,20,10000,0.0,0.1,1,204453083,0.4,independent,1,0.0,0.05,2.5,2.0,18.0,18.0,2.0,vi,returned,training_elbo_and_parameter_stability,,True,25.96886620799978,3800,,,2.220446049250313e-16,0.5777073438628012,0.1957057896680777
2pl_n20_p10000_rho+0.4,standard_normal,normal,2pl,20,10000,0.0,0.1,2,452955944,0.4,independent,1,0.0,0.05,2.5,2.0,18.0,18.0,2.0,jml,returned,gradient_and_objective_criteria,,True,33.121467667000616,165,,,5.551115123125783e-16,0.6723389666662187,0.2042675018156353
2pl_n20_p10000_rho+0.4,standard_normal,normal,2pl,20,10000,0.0,0.1,2,452955944,0.4,independent,1,0.0,0.05,2.5,2.0,18.0,18.0,2.0,tbaem_c,returned,fixed_point_criteria,,True,87.97913766599959,132,0.024038476696988272,0.1397290856430502,2.220446049250313e-16,0.565203893380659,0.19268161343510998
2pl_n20_p10000_rho+0.4,standard_normal,normal,2pl,20,10000,0.0,0.1,2,452955944,0.4,independent,1,0.0,0.05,2.5,2.0,18.0,18.0,2.0,tbaem_d,returned,fixed_point_criteria,,True,89.02590475000034,131,0.023425858931333057,0.13914022854855204,2.220446049250313e-16,0.5651251126807973,0.19265803342964413
2pl_n20_p10000_rho+0.4,standard_normal,normal,2pl,20,10000,0.0,0.1,2,452955944,0.4,independent,1,0.0,0.05,2.5,2.0,18.0,18.0,2.0,vi,returned,training_elbo_and_parameter_stability,,True,26.799671417000354,3900,,,2.220446049250313e-16,0.5724325779160109,0.19447913621076368
2pl_n20_p10000_rho+0.4,standard_normal,normal,2pl,20,10000,0.0,0.1,3,1947150046,0.4,independent,1,0.0,0.05,2.5,2.0,18.0,18.0,2.0,jml,returned,iteration_limit,,False,72.14217420800014,300,,,8.881784197001252e-16,0.6846413860332574,0.20525797450589334
2pl_n20_p10000_rho+0.4,standard_normal,normal,2pl,20,10000,0.0,0.1,3,1947150046,0.4,independent,1,0.0,0.05,2.5,2.0,18.0,18.0,2.0,tbaem_c,returned,fixed_point_criteria,,True,89.16093516599994,128,0.015945924544865146,0.13269149096885216,2.220446049250313e-16,0.5712017944027785,0.19444013441629182
2pl_n20_p10000_rho+0.4,standard_normal,normal,2pl,20,10000,0.0,0.1,3,1947150046,0.4,independent,1,0.0,0.05,2.5,2.0,18.0,18.0,2.0,tbaem_d,returned,fixed_point_criteria,,True,82.33442066599946,122,0.015193408056582565,0.13596754142793888,2.220446049250313e-16,0.5716584072639077,0.1945869030473541
2pl_n20_p10000_rho+0.4,standard_normal,normal,2pl,20,10000,0.0,0.1,3,1947150046,0.4,independent,1,0.0,0.05,2.5,2.0,18.0,18.0,2.0,vi,returned,training_elbo_and_parameter_stability,,True,30.941138459000285,3800,,,2.220446049250313e-16,0.5802230754205986,0.19646630663353054
2pl_n20_p10000_rho+0.4,standard_normal,normal,2pl,20,10000,0.0,0.1,4,665021005,0.4,independent,1,0.0,0.05,2.5,2.0,18.0,18.0,2.0,jml,returned,gradient_and_objective_criteria,,True,32.84513716699985,157,,,3.3306690738754696e-16,0.6878400739509593,0.20523021660637278
2pl_n20_p10000_rho+0.4,standard_normal,normal,2pl,20,10000,0.0,0.1,4,665021005,0.4,independent,1,0.0,0.05,2.5,2.0,18.0,18.0,2.0,tbaem_c,returned,fixed_point_criteria,,True,89.25449054100045,126,0.015996328151286408,0.13167561627570346,2.220446049250313e-16,0.5701433303530333,0.1941693910047017
2pl_n20_p10000_rho+0.4,standard_normal,normal,2pl,20,10000,0.0,0.1,4,665021005,0.4,independent,1,0.0,0.05,2.5,2.0,18.0,18.0,2.0,tbaem_d,returned,fixed_point_criteria,,True,80.88473679100025,110,0.01683229495206344,0.13108433445586506,2.220446049250313e-16,0.5708805933189594,0.19432669188792392
2pl_n20_p10000_rho+0.4,standard_normal,normal,2pl,20,10000,0.0,0.1,4,665021005,0.4,independent,1,0.0,0.05,2.5,2.0,18.0,18.0,2.0,vi,returned,training_elbo_and_parameter_stability,,True,26.46724791700035,3800,,,2.220446049250313e-16,0.577799230724442,0.19595011230121173
2pl_n20_p10000_rho-0.4,standard_normal,normal,2pl,20,10000,0.0,0.1,0,1890810589,-0.4,independent,1,0.0,0.05,2.5,2.0,18.0,18.0,2.0,jml,returned,iteration_limit,,False,52.181498042000385,300,,,4.996003610813204e-16,0.6844478061549663,0.21556328253410956
2pl_n20_p10000_rho-0.4,standard_normal,normal,2pl,20,10000,0.0,0.1,0,1890810589,-0.4,independent,1,0.0,0.05,2.5,2.0,18.0,18.0,2.0,tbaem_c,returned,fixed_point_criteria,,True,98.1071859169997,143,0.027391927670992997,0.15378511434087375,2.220446049250313e-16,0.597034845289141,0.2055265497768085
2pl_n20_p10000_rho-0.4,standard_normal,normal,2pl,20,10000,0.0,0.1,0,1890810589,-0.4,independent,1,0.0,0.05,2.5,2.0,18.0,18.0,2.0,tbaem_d,returned,fixed_point_criteria,,True,103.35849249999956,139,0.020499216644498837,0.1490156819226667,2.220446049250313e-16,0.5975315438735497,0.20560634015202722
2pl_n20_p10000_rho-0.4,standard_normal,normal,2pl,20,10000,0.0,0.1,0,1890810589,-0.4,independent,1,0.0,0.05,2.5,2.0,18.0,18.0,2.0,vi,returned,training_elbo_and_parameter_stability,,True,29.517230333000043,3800,,,2.220446049250313e-16,0.6039697265955735,0.20704049075573322
2pl_n20_p10000_rho-0.4,standard_normal,normal,2pl,20,10000,0.0,0.1,1,515235683,-0.4,independent,1,0.0,0.05,2.5,2.0,18.0,18.0,2.0,jml,returned,iteration_limit,,False,38.71781062500031,300,,,2.498001805406602e-16,0.7039519505351334,0.2078539004633511
2pl_n20_p10000_rho-0.4,standard_normal,normal,2pl,20,10000,0.0,0.1,1,515235683,-0.4,independent,1,0.0,0.05,2.5,2.0,18.0,18.0,2.0,tbaem_c,returned,fixed_point_criteria,,True,89.35933370799921,133,0.01715537321695167,0.12745756520393695,2.220446049250313e-16,0.5735577446214448,0.1964300702526261
2pl_n20_p10000_rho-0.4,standard_normal,normal,2pl,20,10000,0.0,0.1,1,515235683,-0.4,independent,1,0.0,0.05,2.5,2.0,18.0,18.0,2.0,tbaem_d,returned,fixed_point_criteria,,True,87.88239620799959,118,0.015186742132351617,0.12564384726824562,2.220446049250313e-16,0.5743732552015124,0.19666165380059716
2pl_n20_p10000_rho-0.4,standard_normal,normal,2pl,20,10000,0.0,0.1,1,515235683,-0.4,independent,1,0.0,0.05,2.5,2.0,18.0,18.0,2.0,vi,returned,training_elbo_and_parameter_stability,,True,27.054264583000077,3800,,,2.220446049250313e-16,0.5825429774292105,0.19843049771881388
2pl_n20_p10000_rho-0.4,standard_normal,normal,2pl,20,10000,0.0,0.1,2,1023579346,-0.4,independent,1,0.0,0.05,2.5,2.0,18.0,18.0,2.0,jml,returned,gradient_and_objective_criteria,,True,32.9819063749992,163,,,6.106226635438361e-16,0.6935399780407039,0.2097244074725029
2pl_n20_p10000_rho-0.4,standard_normal,normal,2pl,20,10000,0.0,0.1,2,1023579346,-0.4,independent,1,0.0,0.05,2.5,2.0,18.0,18.0,2.0,tbaem_c,returned,fixed_point_criteria,,True,104.62271370800045,141,0.01592306024254317,0.14099544428193556,2.220446049250313e-16,0.5796180884267045,0.1977702275490452
2pl_n20_p10000_rho-0.4,standard_normal,normal,2pl,20,10000,0.0,0.1,2,1023579346,-0.4,independent,1,0.0,0.05,2.5,2.0,18.0,18.0,2.0,tbaem_d,returned,fixed_point_criteria,,True,90.2988542080002,131,0.013190026139029386,0.1429771902354666,3.3306690738754696e-16,0.5801997295893699,0.1978928631991554
2pl_n20_p10000_rho-0.4,standard_normal,normal,2pl,20,10000,0.0,0.1,2,1023579346,-0.4,independent,1,0.0,0.05,2.5,2.0,18.0,18.0,2.0,vi,returned,training_elbo_and_parameter_stability,,True,27.555810166999436,3800,,,2.220446049250313e-16,0.589260422384871,0.20010928154351795
2pl_n20_p10000_rho-0.4,standard_normal,normal,2pl,20,10000,0.0,0.1,3,1893356535,-0.4,independent,1,0.0,0.05,2.5,2.0,18.0,18.0,2.0,jml,returned,iteration_limit,,False,46.67586445899997,300,,,4.440892098500626e-16,0.6875287358450495,0.20601374825306137
2pl_n20_p10000_rho-0.4,standard_normal,normal,2pl,20,10000,0.0,0.1,3,1893356535,-0.4,independent,1,0.0,0.05,2.5,2.0,18.0,18.0,2.0,tbaem_c,returned,fixed_point_criteria,,True,78.07900029099983,116,0.01743631645789664,0.12366446286928019,2.220446049250313e-16,0.5728122182551441,0.19541347544951412
2pl_n20_p10000_rho-0.4,standard_normal,normal,2pl,20,10000,0.0,0.1,3,1893356535,-0.4,independent,1,0.0,0.05,2.5,2.0,18.0,18.0,2.0,tbaem_d,returned,fixed_point_criteria,,True,73.56857491699975,108,0.016283909334272154,0.12428185373371958,2.220446049250313e-16,0.5733955231127066,0.1955404205446477
2pl_n20_p10000_rho-0.4,standard_normal,normal,2pl,20,10000,0.0,0.1,3,1893356535,-0.4,independent,1,0.0,0.05,2.5,2.0,18.0,18.0,2.0,vi,returned,training_elbo_and_parameter_stability,,True,26.328441333000228,3800,,,2.220446049250313e-16,0.5817889404614767,0.19729936694567368
2pl_n20_p10000_rho-0.4,standard_normal,normal,2pl,20,10000,0.0,0.1,4,660292840,-0.4,independent,1,0.0,0.05,2.5,2.0,18.0,18.0,2.0,jml,returned,iteration_limit,,False,41.60286958300003,300,,,9.992007221626409e-16,0.6854856016289217,0.20671825230998647
2pl_n20_p10000_rho-0.4,standard_normal,normal,2pl,20,10000,0.0,0.1,4,660292840,-0.4,independent,1,0.0,0.05,2.5,2.0,18.0,18.0,2.0,tbaem_c,returned,fixed_point_criteria,,True,96.7933182910001,131,0.022341203188173585,0.1381876410083289,2.220446049250313e-16,0.5746195855762588,0.19538038733595128
2pl_n20_p10000_rho-0.4,standard_normal,normal,2pl,20,10000,0.0,0.1,4,660292840,-0.4,independent,1,0.0,0.05,2.5,2.0,18.0,18.0,2.0,tbaem_d,returned,fixed_point_criteria,,True,85.03156099999978,124,0.017641642084793456,0.13675091664068653,2.220446049250313e-16,0.5752428853830688,0.1955149665157317
2pl_n20_p10000_rho-0.4,standard_normal,normal,2pl,20,10000,0.0,0.1,4,660292840,-0.4,independent,1,0.0,0.05,2.5,2.0,18.0,18.0,2.0,vi,returned,training_elbo_and_parameter_stability,,True,29.63245850000021,3800,,,2.220446049250313e-16,0.5835352234955277,0.19725657274541392
2pl_n20_p1000_rho+0.0,standard_normal,normal,2pl,20,1000,0.0,0.1,0,659269668,0.0,independent,1,0.0,0.05,2.5,2.0,18.0,18.0,2.0,jml,returned,gradient_and_objective_criteria,,True,1.0746131670002796,33,,,2.220446049250313e-16,0.6898773161913843,0.20421430760619455
2pl_n20_p1000_rho+0.0,standard_normal,normal,2pl,20,1000,0.0,0.1,0,659269668,0.0,independent,1,0.0,0.05,2.5,2.0,18.0,18.0,2.0,tbaem_c,returned,fixed_point_criteria,,True,7.306634125000073,106,0.022436782403802098,0.10177610191283375,2.220446049250313e-16,0.5674560731899312,0.19310759921198922
2pl_n20_p1000_rho+0.0,standard_normal,normal,2pl,20,1000,0.0,0.1,0,659269668,0.0,independent,1,0.0,0.05,2.5,2.0,18.0,18.0,2.0,tbaem_d,returned,fixed_point_criteria,,True,7.4599587920001795,106,0.01971038058095281,0.1038653597068976,2.220446049250313e-16,0.5675500732995603,0.19305339307451272
2pl_n20_p1000_rho+0.0,standard_normal,normal,2pl,20,1000,0.0,0.1,0,659269668,0.0,independent,1,0.0,0.05,2.5,2.0,18.0,18.0,2.0,vi,returned,training_elbo_and_parameter_stability,,True,8.00035783400017,3800,,,2.220446049250313e-16,0.5753658752659134,0.19441499089860276
2pl_n20_p1000_rho+0.0,standard_normal,normal,2pl,20,1000,0.0,0.1,1,560589110,0.0,independent,1,0.0,0.05,2.5,2.0,18.0,18.0,2.0,jml,returned,gradient_and_objective_criteria,,True,1.0408664589999717,32,,,2.220446049250313e-16,0.6645702425742711,0.2121480687223887
2pl_n20_p1000_rho+0.0,standard_normal,normal,2pl,20,1000,0.0,0.1,1,560589110,0.0,independent,1,0.0,0.05,2.5,2.0,18.0,18.0,2.0,tbaem_c,returned,fixed_point_criteria,,True,9.039024750000408,130,0.01883239103990356,0.14983793407847026,2.220446049250313e-16,0.5890841510278485,0.20226290021724797
2pl_n20_p1000_rho+0.0,standard_normal,normal,2pl,20,1000,0.0,0.1,1,560589110,0.0,independent,1,0.0,0.05,2.5,2.0,18.0,18.0,2.0,tbaem_d,returned,fixed_point_criteria,,True,9.136136499999793,129,0.018867432768932903,0.14981501268560732,2.220446049250313e-16,0.5890885741510431,0.2022639438305227
2pl_n20_p1000_rho+0.0,standard_normal,normal,2pl,20,1000,0.0,0.1,1,560589110,0.0,independent,1,0.0,0.05,2.5,2.0,18.0,18.0,2.0,vi,returned,training_elbo_and_parameter_stability,,True,7.852585125000132,3800,,,2.220446049250313e-16,0.5928651189226061,0.20338061371702473
2pl_n20_p1000_rho+0.0,standard_normal,normal,2pl,20,1000,0.0,0.1,2,1928376790,0.0,independent,1,0.0,0.05,2.5,2.0,18.0,18.0,2.0,jml,returned,gradient_and_objective_criteria,,True,1.747714334000193,53,,,2.220446049250313e-16,0.6742611319920491,0.20428412187882997
2pl_n20_p1000_rho+0.0,standard_normal,normal,2pl,20,1000,0.0,0.1,2,1928376790,0.0,independent,1,0.0,0.05,2.5,2.0,18.0,18.0,2.0,tbaem_c,returned,fixed_point_criteria,,True,6.356882000000041,90,0.02308494203731447,0.10945798652470347,2.220446049250313e-16,0.5610678354178724,0.191318181327049
2pl_n20_p1000_rho+0.0,standard_normal,normal,2pl,20,1000,0.0,0.1,2,1928376790,0.0,independent,1,0.0,0.05,2.5,2.0,18.0,18.0,2.0,tbaem_d,returned,fixed_point_criteria,,True,6.529890000000705,91,0.021067527328785845,0.11060275277025255,2.220446049250313e-16,0.560423685791658,0.19111687218791143
2pl_n20_p1000_rho+0.0,standard_normal,normal,2pl,20,1000,0.0,0.1,2,1928376790,0.0,independent,1,0.0,0.05,2.5,2.0,18.0,18.0,2.0,vi,returned,training_elbo_and_parameter_stability,,True,7.575617749999765,3800,,,2.220446049250313e-16,0.5665892455113368,0.19297118660471846
2pl_n20_p1000_rho+0.0,standard_normal,normal,2pl,20,1000,0.0,0.1,3,1999641006,0.0,independent,1,0.0,0.05,2.5,2.0,18.0,18.0,2.0,jml,returned,gradient_and_objective_criteria,,True,1.2216411670005982,41,,,2.220446049250313e-16,0.6847750316915737,0.20550208955654184
2pl_n20_p1000_rho+0.0,standard_normal,normal,2pl,20,1000,0.0,0.1,3,1999641006,0.0,independent,1,0.0,0.05,2.5,2.0,18.0,18.0,2.0,tbaem_c,returned,fixed_point_criteria,,True,7.770511542000349,109,0.014753724134474839,0.13003784582897526,2.220446049250313e-16,0.576889888768367,0.19626695052437032
2pl_n20_p1000_rho+0.0,standard_normal,normal,2pl,20,1000,0.0,0.1,3,1999641006,0.0,independent,1,0.0,0.05,2.5,2.0,18.0,18.0,2.0,tbaem_d,returned,fixed_point_criteria,,True,7.5390774589996,109,0.014773476654744154,0.13002332953271467,2.220446049250313e-16,0.5768889951917405,0.1962671162978464
2pl_n20_p1000_rho+0.0,standard_normal,normal,2pl,20,1000,0.0,0.1,3,1999641006,0.0,independent,1,0.0,0.05,2.5,2.0,18.0,18.0,2.0,vi,returned,training_elbo_and_parameter_stability,,True,8.218829290999565,3800,,,2.220446049250313e-16,0.5835058026922773,0.19770940678486357
2pl_n20_p1000_rho+0.0,standard_normal,normal,2pl,20,1000,0.0,0.1,4,891856175,0.0,independent,1,0.0,0.05,2.5,2.0,18.0,18.0,2.0,jml,returned,gradient_and_objective_criteria,,True,1.2749914580008408,41,,,2.220446049250313e-16,0.6493528170967511,0.1878879674223903
2pl_n20_p1000_rho+0.0,standard_normal,normal,2pl,20,1000,0.0,0.1,4,891856175,0.0,independent,1,0.0,0.05,2.5,2.0,18.0,18.0,2.0,tbaem_c,returned,fixed_point_criteria,,True,6.868457667000257,96,0.020168601507498954,0.11410156402020082,2.220446049250313e-16,0.5327005301273384,0.1786131333107752
2pl_n20_p1000_rho+0.0,standard_normal,normal,2pl,20,1000,0.0,0.1,4,891856175,0.0,independent,1,0.0,0.05,2.5,2.0,18.0,18.0,2.0,tbaem_d,returned,fixed_point_criteria,,True,6.557565666999835,97,0.018010945662980293,0.11487244487772928,2.220446049250313e-16,0.5324809655113353,0.1785495746117737
2pl_n20_p1000_rho+0.0,standard_normal,normal,2pl,20,1000,0.0,0.1,4,891856175,0.0,independent,1,0.0,0.05,2.5,2.0,18.0,18.0,2.0,vi,returned,training_elbo_and_parameter_stability,,True,7.859596041999794,3900,,,2.220446049250313e-16,0.5354615377282405,0.17940380482492302
2pl_n20_p1000_rho+0.4,standard_normal,normal,2pl,20,1000,0.0,0.1,0,429553425,0.4,independent,1,0.0,0.05,2.5,2.0,18.0,18.0,2.0,jml,returned,gradient_and_objective_criteria,,True,1.5617304580000564,53,,,2.220446049250313e-16,0.6909380507663146,0.21359196578382905
2pl_n20_p1000_rho+0.4,standard_normal,normal,2pl,20,1000,0.0,0.1,0,429553425,0.4,independent,1,0.0,0.05,2.5,2.0,18.0,18.0,2.0,tbaem_c,returned,fixed_point_criteria,,True,9.59590662499977,131,0.01965944250065995,0.14724353753025737,2.220446049250313e-16,0.5847904995462467,0.20140880975230563
2pl_n20_p1000_rho+0.4,standard_normal,normal,2pl,20,1000,0.0,0.1,0,429553425,0.4,independent,1,0.0,0.05,2.5,2.0,18.0,18.0,2.0,tbaem_d,returned,fixed_point_criteria,,True,8.686721250000119,126,0.02254504296558392,0.14776440606608054,2.220446049250313e-16,0.5846672141707209,0.2013953329226481
2pl_n20_p1000_rho+0.4,standard_normal,normal,2pl,20,1000,0.0,0.1,0,429553425,0.4,independent,1,0.0,0.05,2.5,2.0,18.0,18.0,2.0,vi,returned,training_elbo_and_parameter_stability,,True,7.5807645410004625,3800,,,2.220446049250313e-16,0.5883798431692766,0.202519088474302
2pl_n20_p1000_rho+0.4,standard_normal,normal,2pl,20,1000,0.0,0.1,1,420780740,0.4,independent,1,0.0,0.05,2.5,2.0,18.0,18.0,2.0,jml,returned,gradient_and_objective_criteria,,True,2.724674832999881,198,,,3.3306690738754696e-16,0.7772270191261724,0.2217564480076794
2pl_n20_p1000_rho+0.4,standard_normal,normal,2pl,20,1000,0.0,0.1,1,420780740,0.4,independent,1,0.0,0.05,2.5,2.0,18.0,18.0,2.0,tbaem_c,returned,fixed_point_criteria,,True,16.495066167000004,178,0.021761618518922665,0.1515539714927883,2.220446049250313e-16,0.599160313812837,0.2060763679046463
2pl_n20_p1000_rho+0.4,standard_normal,normal,2pl,20,1000,0.0,0.1,1,420780740,0.4,independent,1,0.0,0.05,2.5,2.0,18.0,18.0,2.0,tbaem_d,returned,fixed_point_criteria,,True,13.898677125000177,203,0.01453978714822578,0.15232892820063224,2.220446049250313e-16,0.600131448081545,0.20639115833836302
2pl_n20_p1000_rho+0.4,standard_normal,normal,2pl,20,1000,0.0,0.1,1,420780740,0.4,independent,1,0.0,0.05,2.5,2.0,18.0,18.0,2.0,vi,returned,training_elbo_and_parameter_stability,,True,7.673781084000439,3800,,,2.220446049250313e-16,0.6140755729409798,0.20958856562734243
2pl_n20_p1000_rho+0.4,standard_normal,normal,2pl,20,1000,0.0,0.1,2,1663779794,0.4,independent,1,0.0,0.05,2.5,2.0,18.0,18.0,2.0,jml,returned,gradient_and_objective_criteria,,True,1.3626322910004092,42,,,2.220446049250313e-16,0.6895876848768803,0.2121450520487425
2pl_n20_p1000_rho+0.4,standard_normal,normal,2pl,20,1000,0.0,0.1,2,1663779794,0.4,independent,1,0.0,0.05,2.5,2.0,18.0,18.0,2.0,tbaem_c,returned,fixed_point_criteria,,True,9.75941633399998,142,0.01753671174352016,0.14147498807709039,2.220446049250313e-16,0.588901965680908,0.20174098859404604
2pl_n20_p1000_rho+0.4,standard_normal,normal,2pl,20,1000,0.0,0.1,2,1663779794,0.4,independent,1,0.0,0.05,2.5,2.0,18.0,18.0,2.0,tbaem_d,returned,fixed_point_criteria,,True,8.90986087500005,132,0.013945108290453267,0.14274560887231708,2.220446049250313e-16,0.5893835818295934,0.20184083518239423
2pl_n20_p1000_rho+0.4,standard_normal,normal,2pl,20,1000,0.0,0.1,2,1663779794,0.4,independent,1,0.0,0.05,2.5,2.0,18.0,18.0,2.0,vi,returned,training_elbo_and_parameter_stability,,True,8.208853582999836,3800,,,2.220446049250313e-16,0.599184309188423,0.204168620752485
2pl_n20_p1000_rho+0.4,standard_normal,normal,2pl,20,1000,0.0,0.1,3,1883930166,0.4,independent,1,0.0,0.05,2.5,2.0,18.0,18.0,2.0,jml,returned,gradient_and_objective_criteria,,True,1.73296825000034,59,,,5.551115123125783e-16,0.7014192081073397,0.21570415691089176
2pl_n20_p1000_rho+0.4,standard_normal,normal,2pl,20,1000,0.0,0.1,3,1883930166,0.4,independent,1,0.0,0.05,2.5,2.0,18.0,18.0,2.0,tbaem_c,returned,fixed_point_criteria,,True,9.027787458000603,125,0.019283065895962483,0.14479879624813943,2.220446049250313e-16,0.5895277710653315,0.20324251906793853
2pl_n20_p1000_rho+0.4,standard_normal,normal,2pl,20,1000,0.0,0.1,3,1883930166,0.4,independent,1,0.0,0.05,2.5,2.0,18.0,18.0,2.0,tbaem_d,returned,fixed_point_criteria,,True,8.095539040999938,114,0.016382089998568685,0.14451514980575003,2.220446049250313e-16,0.5905316188818605,0.20347788297711286
2pl_n20_p1000_rho+0.4,standard_normal,normal,2pl,20,1000,0.0,0.1,3,1883930166,0.4,independent,1,0.0,0.05,2.5,2.0,18.0,18.0,2.0,vi,returned,training_elbo_and_parameter_stability,,True,7.794863665999401,3900,,,2.220446049250313e-16,0.5964542728866038,0.20522494180867637
2pl_n20_p1000_rho+0.4,standard_normal,normal,2pl,20,1000,0.0,0.1,4,124332319,0.4,independent,1,0.0,0.05,2.5,2.0,18.0,18.0,2.0,jml,returned,gradient_and_objective_criteria,,True,0.9869740419999289,34,,,7.771561172376096e-16,0.6610700049682718,0.19795671550415525
2pl_n20_p1000_rho+0.4,standard_normal,normal,2pl,20,1000,0.0,0.1,4,124332319,0.4,independent,1,0.0,0.05,2.5,2.0,18.0,18.0,2.0,tbaem_c,returned,fixed_point_criteria,,True,8.338038833999235,124,0.01605618078960314,0.12058783527290344,2.220446049250313e-16,0.5590797225588703,0.1877447782767632
2pl_n20_p1000_rho+0.4,standard_normal,normal,2pl,20,1000,0.0,0.1,4,124332319,0.4,independent,1,0.0,0.05,2.5,2.0,18.0,18.0,2.0,tbaem_d,returned,fixed_point_criteria,,True,8.083617416999914,117,0.012825761278968098,0.12342943832709453,2.220446049250313e-16,0.560192302719637,0.18811500999063452
2pl_n20_p1000_rho+0.4,standard_normal,normal,2pl,20,1000,0.0,0.1,4,124332319,0.4,independent,1,0.0,0.05,2.5,2.0,18.0,18.0,2.0,vi,returned,training_elbo_and_parameter_stability,,True,7.340046457999961,3900,,,2.220446049250313e-16,0.5715406243197744,0.1896519436597363
2pl_n20_p1000_rho-0.4,standard_normal,normal,2pl,20,1000,0.0,0.1,0,1911241273,-0.4,independent,1,0.0,0.05,2.5,2.0,18.0,18.0,2.0,jml,returned,gradient_and_objective_criteria,,True,1.4776626660000147,37,,,2.220446049250313e-16,0.6826301761021331,0.21074084488842573
2pl_n20_p1000_rho-0.4,standard_normal,normal,2pl,20,1000,0.0,0.1,0,1911241273,-0.4,independent,1,0.0,0.05,2.5,2.0,18.0,18.0,2.0,tbaem_c,returned,fixed_point_criteria,,True,13.825777125000059,142,0.018845527564117885,0.15050153404067362,2.220446049250313e-16,0.5775037343704392,0.19761800877549437
2pl_n20_p1000_rho-0.4,standard_normal,normal,2pl,20,1000,0.0,0.1,0,1911241273,-0.4,independent,1,0.0,0.05,2.5,2.0,18.0,18.0,2.0,tbaem_d,returned,fixed_point_criteria,,True,14.77468591700017,136,0.01601259845500307,0.15248591517898719,2.220446049250313e-16,0.5777760665767232,0.19762876267066037
2pl_n20_p1000_rho-0.4,standard_normal,normal,2pl,20,1000,0.0,0.1,0,1911241273,-0.4,independent,1,0.0,0.05,2.5,2.0,18.0,18.0,2.0,vi,returned,training_elbo_and_parameter_stability,,True,10.556167332999848,3800,,,2.220446049250313e-16,0.5831892854803363,0.1993254832580537
2pl_n20_p1000_rho-0.4,standard_normal,normal,2pl,20,1000,0.0,0.1,1,618318211,-0.4,independent,1,0.0,0.05,2.5,2.0,18.0,18.0,2.0,jml,returned,gradient_and_objective_criteria,,True,1.4465906250002263,51,,,3.3306690738754696e-16,0.7196796315141915,0.2235586310595896
2pl_n20_p1000_rho-0.4,standard_normal,normal,2pl,20,1000,0.0,0.1,1,618318211,-0.4,independent,1,0.0,0.05,2.5,2.0,18.0,18.0,2.0,tbaem_c,returned,fixed_point_criteria,,True,10.91758391700023,155,0.014614159326973481,0.16001230349063003,2.220446049250313e-16,0.6013725611697116,0.20805364681926
2pl_n20_p1000_rho-0.4,standard_normal,normal,2pl,20,1000,0.0,0.1,1,618318211,-0.4,independent,1,0.0,0.05,2.5,2.0,18.0,18.0,2.0,tbaem_d,returned,fixed_point_criteria,,True,10.454907541000011,145,0.01646817036921151,0.1614572151175129,2.220446049250313e-16,0.6020187394364764,0.20821894725160056
2pl_n20_p1000_rho-0.4,standard_normal,normal,2pl,20,1000,0.0,0.1,1,618318211,-0.4,independent,1,0.0,0.05,2.5,2.0,18.0,18.0,2.0,vi,returned,training_elbo_and_parameter_stability,,True,7.246336124999743,3800,,,2.220446049250313e-16,0.6141986792835119,0.21172372185064744
2pl_n20_p1000_rho-0.4,standard_normal,normal,2pl,20,1000,0.0,0.1,2,985840398,-0.4,independent,1,0.0,0.05,2.5,2.0,18.0,18.0,2.0,jml,returned,gradient_and_objective_criteria,,True,2.140263582999978,49,,,4.440892098500626e-16,0.704577300145556,0.21200088981634954
2pl_n20_p1000_rho-0.4,standard_normal,normal,2pl,20,1000,0.0,0.1,2,985840398,-0.4,independent,1,0.0,0.05,2.5,2.0,18.0,18.0,2.0,tbaem_c,returned,fixed_point_criteria,,True,12.645610458000192,146,0.016824987344428298,0.15738089828353416,2.220446049250313e-16,0.5869863906381272,0.2009017216955574
2pl_n20_p1000_rho-0.4,standard_normal,normal,2pl,20,1000,0.0,0.1,2,985840398,-0.4,independent,1,0.0,0.05,2.5,2.0,18.0,18.0,2.0,tbaem_d,returned,fixed_point_criteria,,True,11.460634250000112,131,0.017978529691934274,0.15777387124945275,2.220446049250313e-16,0.5866007666620361,0.20083986830224554
2pl_n20_p1000_rho-0.4,standard_normal,normal,2pl,20,1000,0.0,0.1,2,985840398,-0.4,independent,1,0.0,0.05,2.5,2.0,18.0,18.0,2.0,vi,returned,training_elbo_and_parameter_stability,,True,10.678643083000225,3800,,,2.220446049250313e-16,0.5934600862167047,0.20287010153303056
2pl_n20_p1000_rho-0.4,standard_normal,normal,2pl,20,1000,0.0,0.1,3,234477840,-0.4,independent,1,0.0,0.05,2.5,2.0,18.0,18.0,2.0,jml,returned,gradient_and_objective_criteria,,True,1.3040152079997824,34,,,5.551115123125783e-16,0.7193877244154139,0.20148039879221266
2pl_n20_p1000_rho-0.4,standard_normal,normal,2pl,20,1000,0.0,0.1,3,234477840,-0.4,independent,1,0.0,0.05,2.5,2.0,18.0,18.0,2.0,tbaem_c,returned,fixed_point_criteria,,True,10.679610458000298,136,0.013499481141485446,0.12656072754476333,2.220446049250313e-16,0.5681146200011303,0.19321309053041394
2pl_n20_p1000_rho-0.4,standard_normal,normal,2pl,20,1000,0.0,0.1,3,234477840,-0.4,independent,1,0.0,0.05,2.5,2.0,18.0,18.0,2.0,tbaem_d,returned,fixed_point_criteria,,True,10.600195167000038,134,0.011734063689643857,0.12729468539347932,2.220446049250313e-16,0.5684647368827384,0.19328888360004914
2pl_n20_p1000_rho-0.4,standard_normal,normal,2pl,20,1000,0.0,0.1,3,234477840,-0.4,independent,1,0.0,0.05,2.5,2.0,18.0,18.0,2.0,vi,returned,training_elbo_and_parameter_stability,,True,8.345175791999736,3800,,,2.220446049250313e-16,0.5744082980111511,0.19413856793367168
2pl_n20_p1000_rho-0.4,standard_normal,normal,2pl,20,1000,0.0,0.1,4,516936401,-0.4,independent,1,0.0,0.05,2.5,2.0,18.0,18.0,2.0,jml,returned,gradient_and_objective_criteria,,True,1.170235957999921,32,,,2.220446049250313e-16,0.6976392687671978,0.21509516693853892
2pl_n20_p1000_rho-0.4,standard_normal,normal,2pl,20,1000,0.0,0.1,4,516936401,-0.4,independent,1,0.0,0.05,2.5,2.0,18.0,18.0,2.0,tbaem_c,returned,fixed_point_criteria,,True,11.433142124999904,151,0.027175789690915303,0.16491448618521545,2.220446049250313e-16,0.5893086528705577,0.20307654832742184
2pl_n20_p1000_rho-0.4,standard_normal,normal,2pl,20,1000,0.0,0.1,4,516936401,-0.4,independent,1,0.0,0.05,2.5,2.0,18.0,18.0,2.0,tbaem_d,returned,fixed_point_criteria,,True,10.96717287499996,148,0.020391626996792877,0.1593825642880286,2.220446049250313e-16,0.5898716664476517,0.2031404429889555
2pl_n20_p1000_rho-0.4,standard_normal,normal,2pl,20,1000,0.0,0.1,4,516936401,-0.4,independent,1,0.0,0.05,2.5,2.0,18.0,18.0,2.0,vi,returned,training_elbo_and_parameter_stability,,True,8.53343575000008,3800,,,2.220446049250313e-16,0.5989951447298828,0.20549304103322388
