cell,model,n,p,rho,complete_matrices,recorded_fits,planned_matrices
1pl_n20_p1000_rho+0.0,1pl,20,1000,0.0,5,15,5
1pl_n20_p10000_rho+0.0,1pl,20,10000,0.0,5,15,5
1pl_n100_p1000_rho+0.0,1pl,100,1000,0.0,5,15,5
1pl_n100_p10000_rho+0.0,1pl,100,10000,0.0,5,15,5
2pl_n20_p1000_rho-0.4,2pl,20,1000,-0.4,5,20,5
2pl_n20_p1000_rho+0.0,2pl,20,1000,0.0,5,20,5
2pl_n20_p1000_rho+0.4,2pl,20,1000,0.4,5,20,5
2pl_n20_p10000_rho-0.4,2pl,20,10000,-0.4,5,20,5
2pl_n20_p10000_rho+0.0,2pl,20,10000,0.0,5,20,5
2pl_n20_p10000_rho+0.4,2pl,20,10000,0.4,5,20,5
2pl_n100_p1000_rho-0.4,2pl,100,1000,-0.4,5,20,5
2pl_n100_p1000_rho+0.0,2pl,100,1000,0.0,5,20,5
2pl_n100_p1000_rho+0.4,2pl,100,1000,0.4,5,20,5
2pl_n100_p10000_rho-0.4,2pl,100,10000,-0.4,4,16,5
2pl_n100_p10000_rho+0.0,2pl,100,10000,0.0,0,0,5
2pl_n100_p10000_rho+0.4,2pl,100,10000,0.4,0,0,5
