cell_label,method,count,nunique
1pl_n100_p10000_rho+0.0,jml,5,5
1pl_n100_p10000_rho+0.0,tbaem_d,5,5
1pl_n100_p10000_rho+0.0,vi,5,5
1pl_n100_p1000_rho+0.0,jml,5,5
1pl_n100_p1000_rho+0.0,tbaem_d,5,5
1pl_n100_p1000_rho+0.0,vi,5,5
1pl_n20_p10000_rho+0.0,jml,5,5
1pl_n20_p10000_rho+0.0,tbaem_d,5,5
1pl_n20_p10000_rho+0.0,vi,5,5
1pl_n20_p1000_rho+0.0,jml,5,5
1pl_n20_p1000_rho+0.0,tbaem_d,5,5
1pl_n20_p1000_rho+0.0,vi,5,5
2pl_n100_p10000_rho-0.4,jml,4,4
2pl_n100_p10000_rho-0.4,tbaem_c,4,4
2pl_n100_p10000_rho-0.4,tbaem_d,4,4
2pl_n100_p10000_rho-0.4,vi,4,4
2pl_n100_p1000_rho+0.0,jml,5,5
2pl_n100_p1000_rho+0.0,tbaem_c,5,5
2pl_n100_p1000_rho+0.0,tbaem_d,5,5
2pl_n100_p1000_rho+0.0,vi,5,5
2pl_n100_p1000_rho+0.4,jml,5,5
2pl_n100_p1000_rho+0.4,tbaem_c,5,5
2pl_n100_p1000_rho+0.4,tbaem_d,5,5
2pl_n100_p1000_rho+0.4,vi,5,5
2pl_n100_p1000_rho-0.4,jml,5,5
2pl_n100_p1000_rho-0.4,tbaem_c,5,5
2pl_n100_p1000_rho-0.4,tbaem_d,5,5
2pl_n100_p1000_rho-0.4,vi,5,5
2pl_n20_p10000_rho+0.0,jml,5,5
2pl_n20_p10000_rho+0.0,tbaem_c,5,5
2pl_n20_p10000_rho+0.0,tbaem_d,5,5
2pl_n20_p10000_rho+0.0,vi,5,5
2pl_n20_p10000_rho+0.4,jml,5,5
2pl_n20_p10000_rho+0.4,tbaem_c,5,5
2pl_n20_p10000_rho+0.4,tbaem_d,5,5
2pl_n20_p10000_rho+0.4,vi,5,5
2pl_n20_p10000_rho-0.4,jml,5,5
2pl_n20_p10000_rho-0.4,tbaem_c,5,5
2pl_n20_p10000_rho-0.4,tbaem_d,5,5
2pl_n20_p10000_rho-0.4,vi,5,5
2pl_n20_p1000_rho+0.0,jml,5,5
2pl_n20_p1000_rho+0.0,tbaem_c,5,5
2pl_n20_p1000_rho+0.0,tbaem_d,5,5
2pl_n20_p1000_rho+0.0,vi,5,5
2pl_n20_p1000_rho+0.4,jml,5,5
2pl_n20_p1000_rho+0.4,tbaem_c,5,5
2pl_n20_p1000_rho+0.4,tbaem_d,5,5
2pl_n20_p1000_rho+0.4,vi,5,5
2pl_n20_p1000_rho-0.4,jml,5,5
2pl_n20_p1000_rho-0.4,tbaem_c,5,5
2pl_n20_p1000_rho-0.4,tbaem_d,5,5
2pl_n20_p1000_rho-0.4,vi,5,5
