n,rho,replicate,gaussian_rho,reference_rho,order_change,constrained_second_moment_gaussian_rho,constrained_second_moment_reference_rho,mode_gradient
100,0.4,2,0.3724488589836101,0.39249202968596214,1.0926909413400132e-06,0.3766403946685841,0.3915611482703348,5.905988034182741e-07
20,0.4,2,0.379386278994597,0.40188465695870806,3.3834754420425384e-07,0.39057992146341863,0.401906011491257,1.1372721675506625e-07
20,-0.4,2,-0.36907187827064875,-0.39990159899769345,1.9251715993595653e-07,-0.367468587616516,-0.40002118494645217,1.5166883049477775e-07
100,-0.4,2,-0.36902531333829647,-0.39231251005459217,2.7031170243829727e-06,-0.36766999093557634,-0.39246556464226556,7.752613054301527e-07
20,0.4,0,0.3500462257575771,0.38145400226201737,3.0352638802355614e-07,0.34907301662024565,0.3815967519491782,1.274780760951444e-07
100,0.4,0,0.38525851588853527,0.4049801596245971,1.7330543901628026e-06,0.3835643133531602,0.4049987713902815,1.003415082911907e-06
20,-0.4,1,-0.36107011921445803,-0.39506748106594025,2.0306803433234322e-07,-0.3631114826221553,-0.394962741387306,1.6070729524919614e-07
100,-0.4,1,-0.4045033087858953,-0.4261587059623187,2.5422167169164567e-06,-0.398562143606425,-0.42625174174289887,6.042761301339183e-07
100,-0.4,0,-0.39531979943086915,-0.41755181660420587,3.280857850895824e-06,-0.39186633138476074,-0.41742614692136865,6.275149893042453e-07
20,-0.4,0,-0.38051731391413834,-0.40456983975088884,3.563894931946088e-07,-0.3875790208618947,-0.40458563179597257,2.5042963835986143e-07
100,0.4,1,0.4007796996866475,0.4212934076050192,1.3284416764403062e-06,0.3965050849801338,0.4211607715410824,7.474248353567248e-07
20,0.4,1,0.3770795655334431,0.3791107609754542,1.2373511595886733e-06,0.383018059175552,0.37893295867868576,1.4627430244829043e-07
