cell,left,right,cohort,metric,pairs,difference_left_minus_right,mcse
1pl_n100_p10000_rho+0.0,jml,tbaem_d,all_returned,theta_replicate_rmse,5,0.0033781496071306214,0.0007710548946764465
1pl_n100_p10000_rho+0.0,jml,tbaem_d,all_returned,b_replicate_rmse,5,0.0006506627700889111,6.021754940465668e-05
1pl_n100_p10000_rho+0.0,jml,tbaem_d,all_returned,log_a_replicate_rmse,5,0.0,0.0
1pl_n100_p10000_rho+0.0,jml,tbaem_d,all_returned,a_replicate_rmse,5,0.0,0.0
1pl_n100_p10000_rho+0.0,jml,tbaem_d,all_returned,brier,5,4.643848043162091e-07,5.463402236037936e-07
1pl_n100_p10000_rho+0.0,jml,tbaem_d,all_returned,logloss,5,6.444901662128189e-07,2.076613577322753e-06
1pl_n100_p10000_rho+0.0,jml,tbaem_d,jointly_stable,theta_replicate_rmse,5,0.0033781496071306214,0.0007710548946764465
1pl_n100_p10000_rho+0.0,jml,tbaem_d,jointly_stable,b_replicate_rmse,5,0.0006506627700889111,6.021754940465668e-05
1pl_n100_p10000_rho+0.0,jml,tbaem_d,jointly_stable,log_a_replicate_rmse,5,0.0,0.0
1pl_n100_p10000_rho+0.0,jml,tbaem_d,jointly_stable,a_replicate_rmse,5,0.0,0.0
1pl_n100_p10000_rho+0.0,jml,tbaem_d,jointly_stable,brier,5,4.643848043162091e-07,5.463402236037936e-07
1pl_n100_p10000_rho+0.0,jml,tbaem_d,jointly_stable,logloss,5,6.444901662128189e-07,2.076613577322753e-06
1pl_n100_p10000_rho+0.0,jml,vi,all_returned,theta_replicate_rmse,5,-0.002795663199034533,0.0016076871338614864
1pl_n100_p10000_rho+0.0,jml,vi,all_returned,b_replicate_rmse,5,-0.008694053211542058,0.0004925706098226822
1pl_n100_p10000_rho+0.0,jml,vi,all_returned,log_a_replicate_rmse,5,0.0,0.0
1pl_n100_p10000_rho+0.0,jml,vi,all_returned,a_replicate_rmse,5,0.0,0.0
1pl_n100_p10000_rho+0.0,jml,vi,all_returned,brier,5,-0.00011255625099421685,1.6957052945523085e-05
1pl_n100_p10000_rho+0.0,jml,vi,all_returned,logloss,5,-0.00038505204283496576,5.236351177727575e-05
1pl_n100_p10000_rho+0.0,jml,vi,jointly_stable,theta_replicate_rmse,5,-0.002795663199034533,0.0016076871338614864
1pl_n100_p10000_rho+0.0,jml,vi,jointly_stable,b_replicate_rmse,5,-0.008694053211542058,0.0004925706098226822
1pl_n100_p10000_rho+0.0,jml,vi,jointly_stable,log_a_replicate_rmse,5,0.0,0.0
1pl_n100_p10000_rho+0.0,jml,vi,jointly_stable,a_replicate_rmse,5,0.0,0.0
1pl_n100_p10000_rho+0.0,jml,vi,jointly_stable,brier,5,-0.00011255625099421685,1.6957052945523085e-05
1pl_n100_p10000_rho+0.0,jml,vi,jointly_stable,logloss,5,-0.00038505204283496576,5.236351177727575e-05
1pl_n100_p10000_rho+0.0,tbaem_d,vi,all_returned,theta_replicate_rmse,5,-0.0061738128061651545,0.000991235299800494
1pl_n100_p10000_rho+0.0,tbaem_d,vi,all_returned,b_replicate_rmse,5,-0.00934471598163097,0.0004368405669152271
1pl_n100_p10000_rho+0.0,tbaem_d,vi,all_returned,log_a_replicate_rmse,5,0.0,0.0
1pl_n100_p10000_rho+0.0,tbaem_d,vi,all_returned,a_replicate_rmse,5,0.0,0.0
1pl_n100_p10000_rho+0.0,tbaem_d,vi,all_returned,brier,5,-0.00011302063579853306,1.647395929477992e-05
1pl_n100_p10000_rho+0.0,tbaem_d,vi,all_returned,logloss,5,-0.00038569653300117855,5.0589831255143345e-05
1pl_n100_p10000_rho+0.0,tbaem_d,vi,jointly_stable,theta_replicate_rmse,5,-0.0061738128061651545,0.000991235299800494
1pl_n100_p10000_rho+0.0,tbaem_d,vi,jointly_stable,b_replicate_rmse,5,-0.00934471598163097,0.0004368405669152271
1pl_n100_p10000_rho+0.0,tbaem_d,vi,jointly_stable,log_a_replicate_rmse,5,0.0,0.0
1pl_n100_p10000_rho+0.0,tbaem_d,vi,jointly_stable,a_replicate_rmse,5,0.0,0.0
1pl_n100_p10000_rho+0.0,tbaem_d,vi,jointly_stable,brier,5,-0.00011302063579853306,1.647395929477992e-05
1pl_n100_p10000_rho+0.0,tbaem_d,vi,jointly_stable,logloss,5,-0.00038569653300117855,5.0589831255143345e-05
1pl_n100_p1000_rho+0.0,jml,tbaem_d,all_returned,theta_replicate_rmse,5,-0.0006512147162800908,0.0021540242199477744
1pl_n100_p1000_rho+0.0,jml,tbaem_d,all_returned,b_replicate_rmse,5,0.0003026105207545593,0.0002448805695883589
1pl_n100_p1000_rho+0.0,jml,tbaem_d,all_returned,log_a_replicate_rmse,5,0.0,0.0
1pl_n100_p1000_rho+0.0,jml,tbaem_d,all_returned,a_replicate_rmse,5,0.0,0.0
1pl_n100_p1000_rho+0.0,jml,tbaem_d,all_returned,brier,5,-2.8389771829639977e-05,1.1952957772137033e-05
1pl_n100_p1000_rho+0.0,jml,tbaem_d,all_returned,logloss,5,-0.00012424102664663206,6.660688630847165e-05
1pl_n100_p1000_rho+0.0,jml,tbaem_d,jointly_stable,theta_replicate_rmse,5,-0.0006512147162800908,0.0021540242199477744
1pl_n100_p1000_rho+0.0,jml,tbaem_d,jointly_stable,b_replicate_rmse,5,0.0003026105207545593,0.0002448805695883589
1pl_n100_p1000_rho+0.0,jml,tbaem_d,jointly_stable,log_a_replicate_rmse,5,0.0,0.0
1pl_n100_p1000_rho+0.0,jml,tbaem_d,jointly_stable,a_replicate_rmse,5,0.0,0.0
1pl_n100_p1000_rho+0.0,jml,tbaem_d,jointly_stable,brier,5,-2.8389771829639977e-05,1.1952957772137033e-05
1pl_n100_p1000_rho+0.0,jml,tbaem_d,jointly_stable,logloss,5,-0.00012424102664663206,6.660688630847165e-05
1pl_n100_p1000_rho+0.0,jml,vi,all_returned,theta_replicate_rmse,5,-0.001901439724848114,0.002442254863931552
1pl_n100_p1000_rho+0.0,jml,vi,all_returned,b_replicate_rmse,5,-0.008099065835926834,0.0020716809312744384
1pl_n100_p1000_rho+0.0,jml,vi,all_returned,log_a_replicate_rmse,5,0.0,0.0
1pl_n100_p1000_rho+0.0,jml,vi,all_returned,a_replicate_rmse,5,0.0,0.0
1pl_n100_p1000_rho+0.0,jml,vi,all_returned,brier,5,-8.821028440584855e-05,5.4951334654372284e-05
1pl_n100_p1000_rho+0.0,jml,vi,all_returned,logloss,5,-0.00047840185209813146,0.0001353962001227939
1pl_n100_p1000_rho+0.0,jml,vi,jointly_stable,theta_replicate_rmse,5,-0.001901439724848114,0.002442254863931552
1pl_n100_p1000_rho+0.0,jml,vi,jointly_stable,b_replicate_rmse,5,-0.008099065835926834,0.0020716809312744384
1pl_n100_p1000_rho+0.0,jml,vi,jointly_stable,log_a_replicate_rmse,5,0.0,0.0
1pl_n100_p1000_rho+0.0,jml,vi,jointly_stable,a_replicate_rmse,5,0.0,0.0
1pl_n100_p1000_rho+0.0,jml,vi,jointly_stable,brier,5,-8.821028440584855e-05,5.4951334654372284e-05
1pl_n100_p1000_rho+0.0,jml,vi,jointly_stable,logloss,5,-0.00047840185209813146,0.0001353962001227939
1pl_n100_p1000_rho+0.0,tbaem_d,vi,all_returned,theta_replicate_rmse,5,-0.0012502250085680232,0.0009563117666814306
1pl_n100_p1000_rho+0.0,tbaem_d,vi,all_returned,b_replicate_rmse,5,-0.008401676356681393,0.0018511523609802834
1pl_n100_p1000_rho+0.0,tbaem_d,vi,all_returned,log_a_replicate_rmse,5,0.0,0.0
1pl_n100_p1000_rho+0.0,tbaem_d,vi,all_returned,a_replicate_rmse,5,0.0,0.0
1pl_n100_p1000_rho+0.0,tbaem_d,vi,all_returned,brier,5,-5.9820512576208576e-05,6.256177004487749e-05
1pl_n100_p1000_rho+0.0,tbaem_d,vi,all_returned,logloss,5,-0.00035416082545149943,0.00014399752777989844
1pl_n100_p1000_rho+0.0,tbaem_d,vi,jointly_stable,theta_replicate_rmse,5,-0.0012502250085680232,0.0009563117666814306
1pl_n100_p1000_rho+0.0,tbaem_d,vi,jointly_stable,b_replicate_rmse,5,-0.008401676356681393,0.0018511523609802834
1pl_n100_p1000_rho+0.0,tbaem_d,vi,jointly_stable,log_a_replicate_rmse,5,0.0,0.0
1pl_n100_p1000_rho+0.0,tbaem_d,vi,jointly_stable,a_replicate_rmse,5,0.0,0.0
1pl_n100_p1000_rho+0.0,tbaem_d,vi,jointly_stable,brier,5,-5.9820512576208576e-05,6.256177004487749e-05
1pl_n100_p1000_rho+0.0,tbaem_d,vi,jointly_stable,logloss,5,-0.00035416082545149943,0.00014399752777989844
1pl_n20_p10000_rho+0.0,jml,tbaem_d,all_returned,theta_replicate_rmse,5,0.009198061896546933,0.0023204459047385406
1pl_n20_p10000_rho+0.0,jml,tbaem_d,all_returned,b_replicate_rmse,5,0.057434319846046356,0.0012310689830471093
1pl_n20_p10000_rho+0.0,jml,tbaem_d,all_returned,log_a_replicate_rmse,5,0.0,0.0
1pl_n20_p10000_rho+0.0,jml,tbaem_d,all_returned,a_replicate_rmse,5,0.0,0.0
1pl_n20_p10000_rho+0.0,jml,tbaem_d,all_returned,brier,5,0.0020059121077122487,0.00013970508135249031
1pl_n20_p10000_rho+0.0,jml,tbaem_d,all_returned,logloss,5,0.005805682251765832,0.00039810096631571286
1pl_n20_p10000_rho+0.0,jml,tbaem_d,jointly_stable,theta_replicate_rmse,5,0.009198061896546933,0.0023204459047385406
1pl_n20_p10000_rho+0.0,jml,tbaem_d,jointly_stable,b_replicate_rmse,5,0.057434319846046356,0.0012310689830471093
1pl_n20_p10000_rho+0.0,jml,tbaem_d,jointly_stable,log_a_replicate_rmse,5,0.0,0.0
1pl_n20_p10000_rho+0.0,jml,tbaem_d,jointly_stable,a_replicate_rmse,5,0.0,0.0
1pl_n20_p10000_rho+0.0,jml,tbaem_d,jointly_stable,brier,5,0.0020059121077122487,0.00013970508135249031
1pl_n20_p10000_rho+0.0,jml,tbaem_d,jointly_stable,logloss,5,0.005805682251765832,0.00039810096631571286
1pl_n20_p10000_rho+0.0,jml,vi,all_returned,theta_replicate_rmse,5,-0.03641471653787918,0.0037674994395411176
1pl_n20_p10000_rho+0.0,jml,vi,all_returned,b_replicate_rmse,5,-0.008610639149673239,0.0002470768479949715
1pl_n20_p10000_rho+0.0,jml,vi,all_returned,log_a_replicate_rmse,5,0.0,0.0
1pl_n20_p10000_rho+0.0,jml,vi,all_returned,a_replicate_rmse,5,0.0,0.0
1pl_n20_p10000_rho+0.0,jml,vi,all_returned,brier,5,-0.00020526417839333288,3.457091233429599e-05
1pl_n20_p10000_rho+0.0,jml,vi,all_returned,logloss,5,-0.0009129813207823023,8.792727920087699e-05
1pl_n20_p10000_rho+0.0,jml,vi,jointly_stable,theta_replicate_rmse,5,-0.03641471653787918,0.0037674994395411176
1pl_n20_p10000_rho+0.0,jml,vi,jointly_stable,b_replicate_rmse,5,-0.008610639149673239,0.0002470768479949715
1pl_n20_p10000_rho+0.0,jml,vi,jointly_stable,log_a_replicate_rmse,5,0.0,0.0
1pl_n20_p10000_rho+0.0,jml,vi,jointly_stable,a_replicate_rmse,5,0.0,0.0
1pl_n20_p10000_rho+0.0,jml,vi,jointly_stable,brier,5,-0.00020526417839333288,3.457091233429599e-05
1pl_n20_p10000_rho+0.0,jml,vi,jointly_stable,logloss,5,-0.0009129813207823023,8.792727920087699e-05
1pl_n20_p10000_rho+0.0,tbaem_d,vi,all_returned,theta_replicate_rmse,5,-0.045612778434426106,0.005994704514173771
1pl_n20_p10000_rho+0.0,tbaem_d,vi,all_returned,b_replicate_rmse,5,-0.06604495899571959,0.0010011156288349534
1pl_n20_p10000_rho+0.0,tbaem_d,vi,all_returned,log_a_replicate_rmse,5,0.0,0.0
1pl_n20_p10000_rho+0.0,tbaem_d,vi,all_returned,a_replicate_rmse,5,0.0,0.0
1pl_n20_p10000_rho+0.0,tbaem_d,vi,all_returned,brier,5,-0.0022111762861055815,0.00013809199714804243
1pl_n20_p10000_rho+0.0,tbaem_d,vi,all_returned,logloss,5,-0.006718663572548134,0.00043495165785965547
1pl_n20_p10000_rho+0.0,tbaem_d,vi,jointly_stable,theta_replicate_rmse,5,-0.045612778434426106,0.005994704514173771
1pl_n20_p10000_rho+0.0,tbaem_d,vi,jointly_stable,b_replicate_rmse,5,-0.06604495899571959,0.0010011156288349534
1pl_n20_p10000_rho+0.0,tbaem_d,vi,jointly_stable,log_a_replicate_rmse,5,0.0,0.0
1pl_n20_p10000_rho+0.0,tbaem_d,vi,jointly_stable,a_replicate_rmse,5,0.0,0.0
1pl_n20_p10000_rho+0.0,tbaem_d,vi,jointly_stable,brier,5,-0.0022111762861055815,0.00013809199714804243
1pl_n20_p10000_rho+0.0,tbaem_d,vi,jointly_stable,logloss,5,-0.006718663572548134,0.00043495165785965547
1pl_n20_p1000_rho+0.0,jml,tbaem_d,all_returned,theta_replicate_rmse,5,0.006099983180606535,0.005123400209663299
1pl_n20_p1000_rho+0.0,jml,tbaem_d,all_returned,b_replicate_rmse,5,0.06500178608167638,0.0053424275061490336
1pl_n20_p1000_rho+0.0,jml,tbaem_d,all_returned,log_a_replicate_rmse,5,0.0,0.0
1pl_n20_p1000_rho+0.0,jml,tbaem_d,all_returned,a_replicate_rmse,5,0.0,0.0
1pl_n20_p1000_rho+0.0,jml,tbaem_d,all_returned,brier,5,0.0021380915738786034,0.00014930048663775182
1pl_n20_p1000_rho+0.0,jml,tbaem_d,all_returned,logloss,5,0.006207620365700573,0.00035627507991303325
1pl_n20_p1000_rho+0.0,jml,tbaem_d,jointly_stable,theta_replicate_rmse,5,0.006099983180606535,0.005123400209663299
1pl_n20_p1000_rho+0.0,jml,tbaem_d,jointly_stable,b_replicate_rmse,5,0.06500178608167638,0.0053424275061490336
1pl_n20_p1000_rho+0.0,jml,tbaem_d,jointly_stable,log_a_replicate_rmse,5,0.0,0.0
1pl_n20_p1000_rho+0.0,jml,tbaem_d,jointly_stable,a_replicate_rmse,5,0.0,0.0
1pl_n20_p1000_rho+0.0,jml,tbaem_d,jointly_stable,brier,5,0.0021380915738786034,0.00014930048663775182
1pl_n20_p1000_rho+0.0,jml,tbaem_d,jointly_stable,logloss,5,0.006207620365700573,0.00035627507991303325
1pl_n20_p1000_rho+0.0,jml,vi,all_returned,theta_replicate_rmse,5,-0.02183800032991655,0.005144702037745777
1pl_n20_p1000_rho+0.0,jml,vi,all_returned,b_replicate_rmse,5,-0.007138918246997495,0.00029733231361127414
1pl_n20_p1000_rho+0.0,jml,vi,all_returned,log_a_replicate_rmse,5,0.0,0.0
1pl_n20_p1000_rho+0.0,jml,vi,all_returned,a_replicate_rmse,5,0.0,0.0
1pl_n20_p1000_rho+0.0,jml,vi,all_returned,brier,5,-0.00013486094383332591,6.117024473396223e-05
1pl_n20_p1000_rho+0.0,jml,vi,all_returned,logloss,5,-0.0006500921801726011,0.000198558609502105
1pl_n20_p1000_rho+0.0,jml,vi,jointly_stable,theta_replicate_rmse,5,-0.02183800032991655,0.005144702037745777
1pl_n20_p1000_rho+0.0,jml,vi,jointly_stable,b_replicate_rmse,5,-0.007138918246997495,0.00029733231361127414
1pl_n20_p1000_rho+0.0,jml,vi,jointly_stable,log_a_replicate_rmse,5,0.0,0.0
1pl_n20_p1000_rho+0.0,jml,vi,jointly_stable,a_replicate_rmse,5,0.0,0.0
1pl_n20_p1000_rho+0.0,jml,vi,jointly_stable,brier,5,-0.00013486094383332591,6.117024473396223e-05
1pl_n20_p1000_rho+0.0,jml,vi,jointly_stable,logloss,5,-0.0006500921801726011,0.000198558609502105
1pl_n20_p1000_rho+0.0,tbaem_d,vi,all_returned,theta_replicate_rmse,5,-0.027937983510523085,0.010224151447511924
1pl_n20_p1000_rho+0.0,tbaem_d,vi,all_returned,b_replicate_rmse,5,-0.07214070432867388,0.0053991536138733144
1pl_n20_p1000_rho+0.0,tbaem_d,vi,all_returned,log_a_replicate_rmse,5,0.0,0.0
1pl_n20_p1000_rho+0.0,tbaem_d,vi,all_returned,a_replicate_rmse,5,0.0,0.0
1pl_n20_p1000_rho+0.0,tbaem_d,vi,all_returned,brier,5,-0.0022729525177119293,0.00011789143938425036
1pl_n20_p1000_rho+0.0,tbaem_d,vi,all_returned,logloss,5,-0.006857712545873173,0.00046731687336235147
1pl_n20_p1000_rho+0.0,tbaem_d,vi,jointly_stable,theta_replicate_rmse,5,-0.027937983510523085,0.010224151447511924
1pl_n20_p1000_rho+0.0,tbaem_d,vi,jointly_stable,b_replicate_rmse,5,-0.07214070432867388,0.0053991536138733144
1pl_n20_p1000_rho+0.0,tbaem_d,vi,jointly_stable,log_a_replicate_rmse,5,0.0,0.0
1pl_n20_p1000_rho+0.0,tbaem_d,vi,jointly_stable,a_replicate_rmse,5,0.0,0.0
1pl_n20_p1000_rho+0.0,tbaem_d,vi,jointly_stable,brier,5,-0.0022729525177119293,0.00011789143938425036
1pl_n20_p1000_rho+0.0,tbaem_d,vi,jointly_stable,logloss,5,-0.006857712545873173,0.00046731687336235147
2pl_n100_p10000_rho-0.4,jml,tbaem_c,all_returned,theta_replicate_rmse,4,-0.025703938712625985,0.0037382193615029947
2pl_n100_p10000_rho-0.4,jml,tbaem_c,all_returned,b_replicate_rmse,4,0.031544430177628355,0.0034938250426092667
2pl_n100_p10000_rho-0.4,jml,tbaem_c,all_returned,log_a_replicate_rmse,4,0.06316481394225004,0.0052867892722242675
2pl_n100_p10000_rho-0.4,jml,tbaem_c,all_returned,a_replicate_rmse,4,0.07866208178648859,0.008230561584405624
2pl_n100_p10000_rho-0.4,jml,tbaem_c,all_returned,brier,4,0.0006544130447233495,5.925149627771277e-05
2pl_n100_p10000_rho-0.4,jml,tbaem_c,all_returned,logloss,4,0.002604904362438293,0.00020049719135898985
2pl_n100_p10000_rho-0.4,jml,tbaem_c,jointly_stable,theta_replicate_rmse,4,-0.025703938712625985,0.0037382193615029947
2pl_n100_p10000_rho-0.4,jml,tbaem_c,jointly_stable,b_replicate_rmse,4,0.031544430177628355,0.0034938250426092667
2pl_n100_p10000_rho-0.4,jml,tbaem_c,jointly_stable,log_a_replicate_rmse,4,0.06316481394225004,0.0052867892722242675
2pl_n100_p10000_rho-0.4,jml,tbaem_c,jointly_stable,a_replicate_rmse,4,0.07866208178648859,0.008230561584405624
2pl_n100_p10000_rho-0.4,jml,tbaem_c,jointly_stable,brier,4,0.0006544130447233495,5.925149627771277e-05
2pl_n100_p10000_rho-0.4,jml,tbaem_c,jointly_stable,logloss,4,0.002604904362438293,0.00020049719135898985
2pl_n100_p10000_rho-0.4,jml,tbaem_d,all_returned,theta_replicate_rmse,4,-0.0406496960120707,0.003699957199506056
2pl_n100_p10000_rho-0.4,jml,tbaem_d,all_returned,b_replicate_rmse,4,0.028394158242481024,0.003449608940758731
2pl_n100_p10000_rho-0.4,jml,tbaem_d,all_returned,log_a_replicate_rmse,4,0.05532086498312503,0.004997900317853812
2pl_n100_p10000_rho-0.4,jml,tbaem_d,all_returned,a_replicate_rmse,4,0.0696917776117193,0.008022629210550804
2pl_n100_p10000_rho-0.4,jml,tbaem_d,all_returned,brier,4,0.0005871938236407664,5.7596847114398514e-05
2pl_n100_p10000_rho-0.4,jml,tbaem_d,all_returned,logloss,4,0.002357834980091733,0.00019976601165551077
2pl_n100_p10000_rho-0.4,jml,tbaem_d,jointly_stable,theta_replicate_rmse,4,-0.0406496960120707,0.003699957199506056
2pl_n100_p10000_rho-0.4,jml,tbaem_d,jointly_stable,b_replicate_rmse,4,0.028394158242481024,0.003449608940758731
2pl_n100_p10000_rho-0.4,jml,tbaem_d,jointly_stable,log_a_replicate_rmse,4,0.05532086498312503,0.004997900317853812
2pl_n100_p10000_rho-0.4,jml,tbaem_d,jointly_stable,a_replicate_rmse,4,0.0696917776117193,0.008022629210550804
2pl_n100_p10000_rho-0.4,jml,tbaem_d,jointly_stable,brier,4,0.0005871938236407664,5.7596847114398514e-05
2pl_n100_p10000_rho-0.4,jml,tbaem_d,jointly_stable,logloss,4,0.002357834980091733,0.00019976601165551077
2pl_n100_p10000_rho-0.4,jml,vi,all_returned,theta_replicate_rmse,4,0.0003626357714752171,0.002376204561671017
2pl_n100_p10000_rho-0.4,jml,vi,all_returned,b_replicate_rmse,4,0.021476060273696668,0.0023183526608569014
2pl_n100_p10000_rho-0.4,jml,vi,all_returned,log_a_replicate_rmse,4,0.0435317008170344,0.004219291424306363
2pl_n100_p10000_rho-0.4,jml,vi,all_returned,a_replicate_rmse,4,0.057805963935964016,0.0069481241790019625
2pl_n100_p10000_rho-0.4,jml,vi,all_returned,brier,4,0.000449220790544963,3.16685558434922e-05
2pl_n100_p10000_rho-0.4,jml,vi,all_returned,logloss,4,0.0017635946105044042,0.00010381882930308631
2pl_n100_p10000_rho-0.4,jml,vi,jointly_stable,theta_replicate_rmse,4,0.0003626357714752171,0.002376204561671017
2pl_n100_p10000_rho-0.4,jml,vi,jointly_stable,b_replicate_rmse,4,0.021476060273696668,0.0023183526608569014
2pl_n100_p10000_rho-0.4,jml,vi,jointly_stable,log_a_replicate_rmse,4,0.0435317008170344,0.004219291424306363
2pl_n100_p10000_rho-0.4,jml,vi,jointly_stable,a_replicate_rmse,4,0.057805963935964016,0.0069481241790019625
2pl_n100_p10000_rho-0.4,jml,vi,jointly_stable,brier,4,0.000449220790544963,3.16685558434922e-05
2pl_n100_p10000_rho-0.4,jml,vi,jointly_stable,logloss,4,0.0017635946105044042,0.00010381882930308631
2pl_n100_p10000_rho-0.4,tbaem_c,tbaem_d,all_returned,theta_replicate_rmse,4,-0.014945757299444709,0.001172938768624207
2pl_n100_p10000_rho-0.4,tbaem_c,tbaem_d,all_returned,b_replicate_rmse,4,-0.0031502719351473307,0.00018607985729852318
2pl_n100_p10000_rho-0.4,tbaem_c,tbaem_d,all_returned,log_a_replicate_rmse,4,-0.007843948959125019,0.0003563658743358948
2pl_n100_p10000_rho-0.4,tbaem_c,tbaem_d,all_returned,a_replicate_rmse,4,-0.008970304174769295,0.0002748712833567136
2pl_n100_p10000_rho-0.4,tbaem_c,tbaem_d,all_returned,brier,4,-6.72192210825831e-05,6.792420191706352e-06
2pl_n100_p10000_rho-0.4,tbaem_c,tbaem_d,all_returned,logloss,4,-0.00024706938234655973,3.1597697018897606e-05
2pl_n100_p10000_rho-0.4,tbaem_c,tbaem_d,jointly_stable,theta_replicate_rmse,4,-0.014945757299444709,0.001172938768624207
2pl_n100_p10000_rho-0.4,tbaem_c,tbaem_d,jointly_stable,b_replicate_rmse,4,-0.0031502719351473307,0.00018607985729852318
2pl_n100_p10000_rho-0.4,tbaem_c,tbaem_d,jointly_stable,log_a_replicate_rmse,4,-0.007843948959125019,0.0003563658743358948
2pl_n100_p10000_rho-0.4,tbaem_c,tbaem_d,jointly_stable,a_replicate_rmse,4,-0.008970304174769295,0.0002748712833567136
2pl_n100_p10000_rho-0.4,tbaem_c,tbaem_d,jointly_stable,brier,4,-6.72192210825831e-05,6.792420191706352e-06
2pl_n100_p10000_rho-0.4,tbaem_c,tbaem_d,jointly_stable,logloss,4,-0.00024706938234655973,3.1597697018897606e-05
2pl_n100_p10000_rho-0.4,tbaem_c,vi,all_returned,theta_replicate_rmse,4,0.026066574484101202,0.0023253345837458846
2pl_n100_p10000_rho-0.4,tbaem_c,vi,all_returned,b_replicate_rmse,4,-0.010068369903931687,0.0012211960187508983
2pl_n100_p10000_rho-0.4,tbaem_c,vi,all_returned,log_a_replicate_rmse,4,-0.01963311312521565,0.0010757439448536644
2pl_n100_p10000_rho-0.4,tbaem_c,vi,all_returned,a_replicate_rmse,4,-0.020856117850524575,0.0013764608998647397
2pl_n100_p10000_rho-0.4,tbaem_c,vi,all_returned,brier,4,-0.00020519225417838655,2.941636578876369e-05
2pl_n100_p10000_rho-0.4,tbaem_c,vi,all_returned,logloss,4,-0.0008413097519338886,0.00010866492056012325
2pl_n100_p10000_rho-0.4,tbaem_c,vi,jointly_stable,theta_replicate_rmse,4,0.026066574484101202,0.0023253345837458846
2pl_n100_p10000_rho-0.4,tbaem_c,vi,jointly_stable,b_replicate_rmse,4,-0.010068369903931687,0.0012211960187508983
2pl_n100_p10000_rho-0.4,tbaem_c,vi,jointly_stable,log_a_replicate_rmse,4,-0.01963311312521565,0.0010757439448536644
2pl_n100_p10000_rho-0.4,tbaem_c,vi,jointly_stable,a_replicate_rmse,4,-0.020856117850524575,0.0013764608998647397
2pl_n100_p10000_rho-0.4,tbaem_c,vi,jointly_stable,brier,4,-0.00020519225417838655,2.941636578876369e-05
2pl_n100_p10000_rho-0.4,tbaem_c,vi,jointly_stable,logloss,4,-0.0008413097519338886,0.00010866492056012325
2pl_n100_p10000_rho-0.4,tbaem_d,vi,all_returned,theta_replicate_rmse,4,0.04101233178354591,0.0016383511903221807
2pl_n100_p10000_rho-0.4,tbaem_d,vi,all_returned,b_replicate_rmse,4,-0.006918097968784356,0.0011473558989419205
2pl_n100_p10000_rho-0.4,tbaem_d,vi,all_returned,log_a_replicate_rmse,4,-0.011789164166090632,0.0008113685594333837
2pl_n100_p10000_rho-0.4,tbaem_d,vi,all_returned,a_replicate_rmse,4,-0.01188581367575528,0.0011887664382402975
2pl_n100_p10000_rho-0.4,tbaem_d,vi,all_returned,brier,4,-0.00013797303309580344,2.6506496408983594e-05
2pl_n100_p10000_rho-0.4,tbaem_d,vi,all_returned,logloss,4,-0.0005942403695873288,0.00010018587036354213
2pl_n100_p10000_rho-0.4,tbaem_d,vi,jointly_stable,theta_replicate_rmse,4,0.04101233178354591,0.0016383511903221807
2pl_n100_p10000_rho-0.4,tbaem_d,vi,jointly_stable,b_replicate_rmse,4,-0.006918097968784356,0.0011473558989419205
2pl_n100_p10000_rho-0.4,tbaem_d,vi,jointly_stable,log_a_replicate_rmse,4,-0.011789164166090632,0.0008113685594333837
2pl_n100_p10000_rho-0.4,tbaem_d,vi,jointly_stable,a_replicate_rmse,4,-0.01188581367575528,0.0011887664382402975
2pl_n100_p10000_rho-0.4,tbaem_d,vi,jointly_stable,brier,4,-0.00013797303309580344,2.6506496408983594e-05
2pl_n100_p10000_rho-0.4,tbaem_d,vi,jointly_stable,logloss,4,-0.0005942403695873288,0.00010018587036354213
2pl_n100_p1000_rho+0.0,jml,tbaem_c,all_returned,theta_replicate_rmse,5,-0.018826804920329874,0.003030599686743793
2pl_n100_p1000_rho+0.0,jml,tbaem_c,all_returned,b_replicate_rmse,5,0.03226447858620719,0.004875897800045877
2pl_n100_p1000_rho+0.0,jml,tbaem_c,all_returned,log_a_replicate_rmse,5,0.05305021892625563,0.0029230532681784067
2pl_n100_p1000_rho+0.0,jml,tbaem_c,all_returned,a_replicate_rmse,5,0.06672486804394309,0.006630079728229918
2pl_n100_p1000_rho+0.0,jml,tbaem_c,all_returned,brier,5,0.0005202858812486499,4.5374609314008736e-05
2pl_n100_p1000_rho+0.0,jml,tbaem_c,all_returned,logloss,5,0.0023367482004472253,0.00012665902042071942
2pl_n100_p1000_rho+0.0,jml,tbaem_c,jointly_stable,theta_replicate_rmse,5,-0.018826804920329874,0.003030599686743793
2pl_n100_p1000_rho+0.0,jml,tbaem_c,jointly_stable,b_replicate_rmse,5,0.03226447858620719,0.004875897800045877
2pl_n100_p1000_rho+0.0,jml,tbaem_c,jointly_stable,log_a_replicate_rmse,5,0.05305021892625563,0.0029230532681784067
2pl_n100_p1000_rho+0.0,jml,tbaem_c,jointly_stable,a_replicate_rmse,5,0.06672486804394309,0.006630079728229918
2pl_n100_p1000_rho+0.0,jml,tbaem_c,jointly_stable,brier,5,0.0005202858812486499,4.5374609314008736e-05
2pl_n100_p1000_rho+0.0,jml,tbaem_c,jointly_stable,logloss,5,0.0023367482004472253,0.00012665902042071942
2pl_n100_p1000_rho+0.0,jml,tbaem_d,all_returned,theta_replicate_rmse,5,-0.01881247470344065,0.0030614278436483814
2pl_n100_p1000_rho+0.0,jml,tbaem_d,all_returned,b_replicate_rmse,5,0.032247725287335625,0.004873675219381521
2pl_n100_p1000_rho+0.0,jml,tbaem_d,all_returned,log_a_replicate_rmse,5,0.053137321600306466,0.0029333385769564108
2pl_n100_p1000_rho+0.0,jml,tbaem_d,all_returned,a_replicate_rmse,5,0.06684816089570295,0.006642274159205373
2pl_n100_p1000_rho+0.0,jml,tbaem_d,all_returned,brier,5,0.000516714487493558,4.6987341019915156e-05
2pl_n100_p1000_rho+0.0,jml,tbaem_d,all_returned,logloss,5,0.002316334554356425,0.00012897295753858917
2pl_n100_p1000_rho+0.0,jml,tbaem_d,jointly_stable,theta_replicate_rmse,5,-0.01881247470344065,0.0030614278436483814
2pl_n100_p1000_rho+0.0,jml,tbaem_d,jointly_stable,b_replicate_rmse,5,0.032247725287335625,0.004873675219381521
2pl_n100_p1000_rho+0.0,jml,tbaem_d,jointly_stable,log_a_replicate_rmse,5,0.053137321600306466,0.0029333385769564108
2pl_n100_p1000_rho+0.0,jml,tbaem_d,jointly_stable,a_replicate_rmse,5,0.06684816089570295,0.006642274159205373
2pl_n100_p1000_rho+0.0,jml,tbaem_d,jointly_stable,brier,5,0.000516714487493558,4.6987341019915156e-05
2pl_n100_p1000_rho+0.0,jml,tbaem_d,jointly_stable,logloss,5,0.002316334554356425,0.00012897295753858917
2pl_n100_p1000_rho+0.0,jml,vi,all_returned,theta_replicate_rmse,5,0.009148696159756664,0.0021418449039214194
2pl_n100_p1000_rho+0.0,jml,vi,all_returned,b_replicate_rmse,5,0.025609423837918553,0.0034137670682163673
2pl_n100_p1000_rho+0.0,jml,vi,all_returned,log_a_replicate_rmse,5,0.041303135229333585,0.0021562992344122353
2pl_n100_p1000_rho+0.0,jml,vi,all_returned,a_replicate_rmse,5,0.05271505364288409,0.00450988640222623
2pl_n100_p1000_rho+0.0,jml,vi,all_returned,brier,5,0.0004394549286340921,2.8661796812733022e-05
2pl_n100_p1000_rho+0.0,jml,vi,all_returned,logloss,5,0.0018590445579873994,0.00010912704772082619
2pl_n100_p1000_rho+0.0,jml,vi,jointly_stable,theta_replicate_rmse,5,0.009148696159756664,0.0021418449039214194
2pl_n100_p1000_rho+0.0,jml,vi,jointly_stable,b_replicate_rmse,5,0.025609423837918553,0.0034137670682163673
2pl_n100_p1000_rho+0.0,jml,vi,jointly_stable,log_a_replicate_rmse,5,0.041303135229333585,0.0021562992344122353
2pl_n100_p1000_rho+0.0,jml,vi,jointly_stable,a_replicate_rmse,5,0.05271505364288409,0.00450988640222623
2pl_n100_p1000_rho+0.0,jml,vi,jointly_stable,brier,5,0.0004394549286340921,2.8661796812733022e-05
2pl_n100_p1000_rho+0.0,jml,vi,jointly_stable,logloss,5,0.0018590445579873994,0.00010912704772082619
2pl_n100_p1000_rho+0.0,tbaem_c,tbaem_d,all_returned,theta_replicate_rmse,5,1.4330216889224533e-05,7.21808165460151e-05
2pl_n100_p1000_rho+0.0,tbaem_c,tbaem_d,all_returned,b_replicate_rmse,5,-1.6753298871563515e-05,6.89585281814552e-05
2pl_n100_p1000_rho+0.0,tbaem_c,tbaem_d,all_returned,log_a_replicate_rmse,5,8.710267405083183e-05,6.340006000017349e-05
2pl_n100_p1000_rho+0.0,tbaem_c,tbaem_d,all_returned,a_replicate_rmse,5,0.00012329285175986527,6.464266722070388e-05
2pl_n100_p1000_rho+0.0,tbaem_c,tbaem_d,all_returned,brier,5,-3.571393755091856e-06,3.907103596754865e-06
2pl_n100_p1000_rho+0.0,tbaem_c,tbaem_d,all_returned,logloss,5,-2.0413646090799987e-05,1.456708583709212e-05
2pl_n100_p1000_rho+0.0,tbaem_c,tbaem_d,jointly_stable,theta_replicate_rmse,5,1.4330216889224533e-05,7.21808165460151e-05
2pl_n100_p1000_rho+0.0,tbaem_c,tbaem_d,jointly_stable,b_replicate_rmse,5,-1.6753298871563515e-05,6.89585281814552e-05
2pl_n100_p1000_rho+0.0,tbaem_c,tbaem_d,jointly_stable,log_a_replicate_rmse,5,8.710267405083183e-05,6.340006000017349e-05
2pl_n100_p1000_rho+0.0,tbaem_c,tbaem_d,jointly_stable,a_replicate_rmse,5,0.00012329285175986527,6.464266722070388e-05
2pl_n100_p1000_rho+0.0,tbaem_c,tbaem_d,jointly_stable,brier,5,-3.571393755091856e-06,3.907103596754865e-06
2pl_n100_p1000_rho+0.0,tbaem_c,tbaem_d,jointly_stable,logloss,5,-2.0413646090799987e-05,1.456708583709212e-05
2pl_n100_p1000_rho+0.0,tbaem_c,vi,all_returned,theta_replicate_rmse,5,0.02797550108008654,0.003809613858938238
2pl_n100_p1000_rho+0.0,tbaem_c,vi,all_returned,b_replicate_rmse,5,-0.006655054748288636,0.0014933103759492636
2pl_n100_p1000_rho+0.0,tbaem_c,vi,all_returned,log_a_replicate_rmse,5,-0.011747083696922057,0.0008957755223863403
2pl_n100_p1000_rho+0.0,tbaem_c,vi,all_returned,a_replicate_rmse,5,-0.01400981440105899,0.0021668394841090396
2pl_n100_p1000_rho+0.0,tbaem_c,vi,all_returned,brier,5,-8.083095261455786e-05,4.7181845996392e-05
2pl_n100_p1000_rho+0.0,tbaem_c,vi,all_returned,logloss,5,-0.0004777036424598258,9.23565855510737e-05
2pl_n100_p1000_rho+0.0,tbaem_c,vi,jointly_stable,theta_replicate_rmse,5,0.02797550108008654,0.003809613858938238
2pl_n100_p1000_rho+0.0,tbaem_c,vi,jointly_stable,b_replicate_rmse,5,-0.006655054748288636,0.0014933103759492636
2pl_n100_p1000_rho+0.0,tbaem_c,vi,jointly_stable,log_a_replicate_rmse,5,-0.011747083696922057,0.0008957755223863403
2pl_n100_p1000_rho+0.0,tbaem_c,vi,jointly_stable,a_replicate_rmse,5,-0.01400981440105899,0.0021668394841090396
2pl_n100_p1000_rho+0.0,tbaem_c,vi,jointly_stable,brier,5,-8.083095261455786e-05,4.7181845996392e-05
2pl_n100_p1000_rho+0.0,tbaem_c,vi,jointly_stable,logloss,5,-0.0004777036424598258,9.23565855510737e-05
2pl_n100_p1000_rho+0.0,tbaem_d,vi,all_returned,theta_replicate_rmse,5,0.027961170863197316,0.0038583787984167116
2pl_n100_p1000_rho+0.0,tbaem_d,vi,all_returned,b_replicate_rmse,5,-0.006638301449417072,0.0015028204888430428
2pl_n100_p1000_rho+0.0,tbaem_d,vi,all_returned,log_a_replicate_rmse,5,-0.011834186370972888,0.0008900439505907988
2pl_n100_p1000_rho+0.0,tbaem_d,vi,all_returned,a_replicate_rmse,5,-0.014133107252818855,0.0021819433953335966
2pl_n100_p1000_rho+0.0,tbaem_d,vi,all_returned,brier,5,-7.7259558859466e-05,4.866958254521553e-05
2pl_n100_p1000_rho+0.0,tbaem_d,vi,all_returned,logloss,5,-0.0004572899963690258,0.00010043799626783158
2pl_n100_p1000_rho+0.0,tbaem_d,vi,jointly_stable,theta_replicate_rmse,5,0.027961170863197316,0.0038583787984167116
2pl_n100_p1000_rho+0.0,tbaem_d,vi,jointly_stable,b_replicate_rmse,5,-0.006638301449417072,0.0015028204888430428
2pl_n100_p1000_rho+0.0,tbaem_d,vi,jointly_stable,log_a_replicate_rmse,5,-0.011834186370972888,0.0008900439505907988
2pl_n100_p1000_rho+0.0,tbaem_d,vi,jointly_stable,a_replicate_rmse,5,-0.014133107252818855,0.0021819433953335966
2pl_n100_p1000_rho+0.0,tbaem_d,vi,jointly_stable,brier,5,-7.7259558859466e-05,4.866958254521553e-05
2pl_n100_p1000_rho+0.0,tbaem_d,vi,jointly_stable,logloss,5,-0.0004572899963690258,0.00010043799626783158
2pl_n100_p1000_rho+0.4,jml,tbaem_c,all_returned,theta_replicate_rmse,5,-0.01747776868650592,0.0024743635834716072
2pl_n100_p1000_rho+0.4,jml,tbaem_c,all_returned,b_replicate_rmse,5,0.028143495694759955,0.0012151689435936357
2pl_n100_p1000_rho+0.4,jml,tbaem_c,all_returned,log_a_replicate_rmse,5,0.05761583258947576,0.003338832369674199
2pl_n100_p1000_rho+0.4,jml,tbaem_c,all_returned,a_replicate_rmse,5,0.08018780879073514,0.01921103749338129
2pl_n100_p1000_rho+0.4,jml,tbaem_c,all_returned,brier,5,0.0006902824515912954,0.00013965837314159848
2pl_n100_p1000_rho+0.4,jml,tbaem_c,all_returned,logloss,5,0.00276053718753273,0.00019185710539435717
2pl_n100_p1000_rho+0.4,jml,tbaem_c,jointly_stable,theta_replicate_rmse,5,-0.01747776868650592,0.0024743635834716072
2pl_n100_p1000_rho+0.4,jml,tbaem_c,jointly_stable,b_replicate_rmse,5,0.028143495694759955,0.0012151689435936357
2pl_n100_p1000_rho+0.4,jml,tbaem_c,jointly_stable,log_a_replicate_rmse,5,0.05761583258947576,0.003338832369674199
2pl_n100_p1000_rho+0.4,jml,tbaem_c,jointly_stable,a_replicate_rmse,5,0.08018780879073514,0.01921103749338129
2pl_n100_p1000_rho+0.4,jml,tbaem_c,jointly_stable,brier,5,0.0006902824515912954,0.00013965837314159848
2pl_n100_p1000_rho+0.4,jml,tbaem_c,jointly_stable,logloss,5,0.00276053718753273,0.00019185710539435717
2pl_n100_p1000_rho+0.4,jml,tbaem_d,all_returned,theta_replicate_rmse,5,-0.02531949734893766,0.002507871119054715
2pl_n100_p1000_rho+0.4,jml,tbaem_d,all_returned,b_replicate_rmse,5,0.0252341928395615,0.0014426681237704874
2pl_n100_p1000_rho+0.4,jml,tbaem_d,all_returned,log_a_replicate_rmse,5,0.05024326338256202,0.003336353061082414
2pl_n100_p1000_rho+0.4,jml,tbaem_d,all_returned,a_replicate_rmse,5,0.07123193717113094,0.018537819667002527
2pl_n100_p1000_rho+0.4,jml,tbaem_d,all_returned,brier,5,0.0006295147749842411,0.00012569840581357558
2pl_n100_p1000_rho+0.4,jml,tbaem_d,all_returned,logloss,5,0.002562661861961435,0.0001597426647534657
2pl_n100_p1000_rho+0.4,jml,tbaem_d,jointly_stable,theta_replicate_rmse,5,-0.02531949734893766,0.002507871119054715
2pl_n100_p1000_rho+0.4,jml,tbaem_d,jointly_stable,b_replicate_rmse,5,0.0252341928395615,0.0014426681237704874
2pl_n100_p1000_rho+0.4,jml,tbaem_d,jointly_stable,log_a_replicate_rmse,5,0.05024326338256202,0.003336353061082414
2pl_n100_p1000_rho+0.4,jml,tbaem_d,jointly_stable,a_replicate_rmse,5,0.07123193717113094,0.018537819667002527
2pl_n100_p1000_rho+0.4,jml,tbaem_d,jointly_stable,brier,5,0.0006295147749842411,0.00012569840581357558
2pl_n100_p1000_rho+0.4,jml,tbaem_d,jointly_stable,logloss,5,0.002562661861961435,0.0001597426647534657
2pl_n100_p1000_rho+0.4,jml,vi,all_returned,theta_replicate_rmse,5,0.003550087206603869,0.001795853665235543
2pl_n100_p1000_rho+0.4,jml,vi,all_returned,b_replicate_rmse,5,0.020057177060253874,0.001235896011725353
2pl_n100_p1000_rho+0.4,jml,vi,all_returned,log_a_replicate_rmse,5,0.040718612666922956,0.0013770572690511335
2pl_n100_p1000_rho+0.4,jml,vi,all_returned,a_replicate_rmse,5,0.06247096547737424,0.013544149027317156
2pl_n100_p1000_rho+0.4,jml,vi,all_returned,brier,5,0.0004545001050861641,6.246081917923236e-05
2pl_n100_p1000_rho+0.4,jml,vi,all_returned,logloss,5,0.0019276272791728167,0.00013643031414909359
2pl_n100_p1000_rho+0.4,jml,vi,jointly_stable,theta_replicate_rmse,5,0.003550087206603869,0.001795853665235543
2pl_n100_p1000_rho+0.4,jml,vi,jointly_stable,b_replicate_rmse,5,0.020057177060253874,0.001235896011725353
2pl_n100_p1000_rho+0.4,jml,vi,jointly_stable,log_a_replicate_rmse,5,0.040718612666922956,0.0013770572690511335
2pl_n100_p1000_rho+0.4,jml,vi,jointly_stable,a_replicate_rmse,5,0.06247096547737424,0.013544149027317156
2pl_n100_p1000_rho+0.4,jml,vi,jointly_stable,brier,5,0.0004545001050861641,6.246081917923236e-05
2pl_n100_p1000_rho+0.4,jml,vi,jointly_stable,logloss,5,0.0019276272791728167,0.00013643031414909359
2pl_n100_p1000_rho+0.4,tbaem_c,tbaem_d,all_returned,theta_replicate_rmse,5,-0.007841728662431744,0.0013738629366180596
2pl_n100_p1000_rho+0.4,tbaem_c,tbaem_d,all_returned,b_replicate_rmse,5,-0.002909302855198459,0.0004382389573278728
2pl_n100_p1000_rho+0.4,tbaem_c,tbaem_d,all_returned,log_a_replicate_rmse,5,-0.007372569206913737,0.0008910477912664913
2pl_n100_p1000_rho+0.4,tbaem_c,tbaem_d,all_returned,a_replicate_rmse,5,-0.008955871619604205,0.001326726252771297
2pl_n100_p1000_rho+0.4,tbaem_c,tbaem_d,all_returned,brier,5,-6.076767660705418e-05,1.7135796451701182e-05
2pl_n100_p1000_rho+0.4,tbaem_c,tbaem_d,all_returned,logloss,5,-0.00019787532557129505,5.986265923434381e-05
2pl_n100_p1000_rho+0.4,tbaem_c,tbaem_d,jointly_stable,theta_replicate_rmse,5,-0.007841728662431744,0.0013738629366180596
2pl_n100_p1000_rho+0.4,tbaem_c,tbaem_d,jointly_stable,b_replicate_rmse,5,-0.002909302855198459,0.0004382389573278728
2pl_n100_p1000_rho+0.4,tbaem_c,tbaem_d,jointly_stable,log_a_replicate_rmse,5,-0.007372569206913737,0.0008910477912664913
2pl_n100_p1000_rho+0.4,tbaem_c,tbaem_d,jointly_stable,a_replicate_rmse,5,-0.008955871619604205,0.001326726252771297
2pl_n100_p1000_rho+0.4,tbaem_c,tbaem_d,jointly_stable,brier,5,-6.076767660705418e-05,1.7135796451701182e-05
2pl_n100_p1000_rho+0.4,tbaem_c,tbaem_d,jointly_stable,logloss,5,-0.00019787532557129505,5.986265923434381e-05
2pl_n100_p1000_rho+0.4,tbaem_c,vi,all_returned,theta_replicate_rmse,5,0.021027855893109786,0.003845691488624584
2pl_n100_p1000_rho+0.4,tbaem_c,vi,all_returned,b_replicate_rmse,5,-0.008086318634506085,0.0006048046164404972
2pl_n100_p1000_rho+0.4,tbaem_c,vi,all_returned,log_a_replicate_rmse,5,-0.01689721992255281,0.002044141846281127
2pl_n100_p1000_rho+0.4,tbaem_c,vi,all_returned,a_replicate_rmse,5,-0.017716843313360903,0.0060610829624579
2pl_n100_p1000_rho+0.4,tbaem_c,vi,all_returned,brier,5,-0.0002357823465051312,8.548146684917233e-05
2pl_n100_p1000_rho+0.4,tbaem_c,vi,all_returned,logloss,5,-0.0008329099083599134,0.00017595571261735596
2pl_n100_p1000_rho+0.4,tbaem_c,vi,jointly_stable,theta_replicate_rmse,5,0.021027855893109786,0.003845691488624584
2pl_n100_p1000_rho+0.4,tbaem_c,vi,jointly_stable,b_replicate_rmse,5,-0.008086318634506085,0.0006048046164404972
2pl_n100_p1000_rho+0.4,tbaem_c,vi,jointly_stable,log_a_replicate_rmse,5,-0.01689721992255281,0.002044141846281127
2pl_n100_p1000_rho+0.4,tbaem_c,vi,jointly_stable,a_replicate_rmse,5,-0.017716843313360903,0.0060610829624579
2pl_n100_p1000_rho+0.4,tbaem_c,vi,jointly_stable,brier,5,-0.0002357823465051312,8.548146684917233e-05
2pl_n100_p1000_rho+0.4,tbaem_c,vi,jointly_stable,logloss,5,-0.0008329099083599134,0.00017595571261735596
2pl_n100_p1000_rho+0.4,tbaem_d,vi,all_returned,theta_replicate_rmse,5,0.028869584555541526,0.0033841356743805288
2pl_n100_p1000_rho+0.4,tbaem_d,vi,all_returned,b_replicate_rmse,5,-0.0051770157793076255,0.00037040697510090545
2pl_n100_p1000_rho+0.4,tbaem_d,vi,all_returned,log_a_replicate_rmse,5,-0.009524650715639071,0.002074533271018742
2pl_n100_p1000_rho+0.4,tbaem_d,vi,all_returned,a_replicate_rmse,5,-0.008760971693756697,0.005834250397031236
2pl_n100_p1000_rho+0.4,tbaem_d,vi,all_returned,brier,5,-0.000175014669898077,7.337739216618044e-05
2pl_n100_p1000_rho+0.4,tbaem_d,vi,all_returned,logloss,5,-0.0006350345827886184,0.00014029051590883727
2pl_n100_p1000_rho+0.4,tbaem_d,vi,jointly_stable,theta_replicate_rmse,5,0.028869584555541526,0.0033841356743805288
2pl_n100_p1000_rho+0.4,tbaem_d,vi,jointly_stable,b_replicate_rmse,5,-0.0051770157793076255,0.00037040697510090545
2pl_n100_p1000_rho+0.4,tbaem_d,vi,jointly_stable,log_a_replicate_rmse,5,-0.009524650715639071,0.002074533271018742
2pl_n100_p1000_rho+0.4,tbaem_d,vi,jointly_stable,a_replicate_rmse,5,-0.008760971693756697,0.005834250397031236
2pl_n100_p1000_rho+0.4,tbaem_d,vi,jointly_stable,brier,5,-0.000175014669898077,7.337739216618044e-05
2pl_n100_p1000_rho+0.4,tbaem_d,vi,jointly_stable,logloss,5,-0.0006350345827886184,0.00014029051590883727
2pl_n100_p1000_rho-0.4,jml,tbaem_c,all_returned,theta_replicate_rmse,5,-0.02014429019776049,0.0013402939138890456
2pl_n100_p1000_rho-0.4,jml,tbaem_c,all_returned,b_replicate_rmse,5,0.03491067875286939,0.002417708505990574
2pl_n100_p1000_rho-0.4,jml,tbaem_c,all_returned,log_a_replicate_rmse,5,0.063351533536567,0.0013818455893487881
2pl_n100_p1000_rho-0.4,jml,tbaem_c,all_returned,a_replicate_rmse,5,0.08216481479847562,0.004751365818565513
2pl_n100_p1000_rho-0.4,jml,tbaem_c,all_returned,brier,5,0.0006871836307636936,0.0001980759341501012
2pl_n100_p1000_rho-0.4,jml,tbaem_c,all_returned,logloss,5,0.0024973495737189875,0.00052600346755983
2pl_n100_p1000_rho-0.4,jml,tbaem_c,jointly_stable,theta_replicate_rmse,5,-0.02014429019776049,0.0013402939138890456
2pl_n100_p1000_rho-0.4,jml,tbaem_c,jointly_stable,b_replicate_rmse,5,0.03491067875286939,0.002417708505990574
2pl_n100_p1000_rho-0.4,jml,tbaem_c,jointly_stable,log_a_replicate_rmse,5,0.063351533536567,0.0013818455893487881
2pl_n100_p1000_rho-0.4,jml,tbaem_c,jointly_stable,a_replicate_rmse,5,0.08216481479847562,0.004751365818565513
2pl_n100_p1000_rho-0.4,jml,tbaem_c,jointly_stable,brier,5,0.0006871836307636936,0.0001980759341501012
2pl_n100_p1000_rho-0.4,jml,tbaem_c,jointly_stable,logloss,5,0.0024973495737189875,0.00052600346755983
2pl_n100_p1000_rho-0.4,jml,tbaem_d,all_returned,theta_replicate_rmse,5,-0.02884949642293811,0.0020121706276220682
2pl_n100_p1000_rho-0.4,jml,tbaem_d,all_returned,b_replicate_rmse,5,0.031882521078496914,0.0025828507354425847
2pl_n100_p1000_rho-0.4,jml,tbaem_d,all_returned,log_a_replicate_rmse,5,0.054989456582571636,0.0011849552364885476
2pl_n100_p1000_rho-0.4,jml,tbaem_d,all_returned,a_replicate_rmse,5,0.07181247235553082,0.00520205284592524
2pl_n100_p1000_rho-0.4,jml,tbaem_d,all_returned,brier,5,0.0006170645318233581,0.00019956842584064016
2pl_n100_p1000_rho-0.4,jml,tbaem_d,all_returned,logloss,5,0.0022286185154365644,0.0005393381288340225
2pl_n100_p1000_rho-0.4,jml,tbaem_d,jointly_stable,theta_replicate_rmse,5,-0.02884949642293811,0.0020121706276220682
2pl_n100_p1000_rho-0.4,jml,tbaem_d,jointly_stable,b_replicate_rmse,5,0.031882521078496914,0.0025828507354425847
2pl_n100_p1000_rho-0.4,jml,tbaem_d,jointly_stable,log_a_replicate_rmse,5,0.054989456582571636,0.0011849552364885476
2pl_n100_p1000_rho-0.4,jml,tbaem_d,jointly_stable,a_replicate_rmse,5,0.07181247235553082,0.00520205284592524
2pl_n100_p1000_rho-0.4,jml,tbaem_d,jointly_stable,brier,5,0.0006170645318233581,0.00019956842584064016
2pl_n100_p1000_rho-0.4,jml,tbaem_d,jointly_stable,logloss,5,0.0022286185154365644,0.0005393381288340225
2pl_n100_p1000_rho-0.4,jml,vi,all_returned,theta_replicate_rmse,5,-0.0005119914606787929,0.0012766184011451388
2pl_n100_p1000_rho-0.4,jml,vi,all_returned,b_replicate_rmse,5,0.025402170048895768,0.002320317656374038
2pl_n100_p1000_rho-0.4,jml,vi,all_returned,log_a_replicate_rmse,5,0.04465295413525131,0.0010886058117520006
2pl_n100_p1000_rho-0.4,jml,vi,all_returned,a_replicate_rmse,5,0.06414609925582065,0.007796795885404722
2pl_n100_p1000_rho-0.4,jml,vi,all_returned,brier,5,0.0004937722036474412,7.988281299060414e-05
2pl_n100_p1000_rho-0.4,jml,vi,all_returned,logloss,5,0.0017927175043395804,0.0002307966131597295
2pl_n100_p1000_rho-0.4,jml,vi,jointly_stable,theta_replicate_rmse,5,-0.0005119914606787929,0.0012766184011451388
2pl_n100_p1000_rho-0.4,jml,vi,jointly_stable,b_replicate_rmse,5,0.025402170048895768,0.002320317656374038
2pl_n100_p1000_rho-0.4,jml,vi,jointly_stable,log_a_replicate_rmse,5,0.04465295413525131,0.0010886058117520006
2pl_n100_p1000_rho-0.4,jml,vi,jointly_stable,a_replicate_rmse,5,0.06414609925582065,0.007796795885404722
2pl_n100_p1000_rho-0.4,jml,vi,jointly_stable,brier,5,0.0004937722036474412,7.988281299060414e-05
2pl_n100_p1000_rho-0.4,jml,vi,jointly_stable,logloss,5,0.0017927175043395804,0.0002307966131597295
2pl_n100_p1000_rho-0.4,tbaem_c,tbaem_d,all_returned,theta_replicate_rmse,5,-0.008705206225177616,0.0007508448793020969
2pl_n100_p1000_rho-0.4,tbaem_c,tbaem_d,all_returned,b_replicate_rmse,5,-0.003028157674372478,0.00033001532033554766
2pl_n100_p1000_rho-0.4,tbaem_c,tbaem_d,all_returned,log_a_replicate_rmse,5,-0.008362076953995346,0.00023813952220377767
2pl_n100_p1000_rho-0.4,tbaem_c,tbaem_d,all_returned,a_replicate_rmse,5,-0.010352342442944801,0.0006581918519481667
2pl_n100_p1000_rho-0.4,tbaem_c,tbaem_d,all_returned,brier,5,-7.011909894033552e-05,1.5994922742723664e-05
2pl_n100_p1000_rho-0.4,tbaem_c,tbaem_d,all_returned,logloss,5,-0.0002687310582824232,8.796900050320503e-05
2pl_n100_p1000_rho-0.4,tbaem_c,tbaem_d,jointly_stable,theta_replicate_rmse,5,-0.008705206225177616,0.0007508448793020969
2pl_n100_p1000_rho-0.4,tbaem_c,tbaem_d,jointly_stable,b_replicate_rmse,5,-0.003028157674372478,0.00033001532033554766
2pl_n100_p1000_rho-0.4,tbaem_c,tbaem_d,jointly_stable,log_a_replicate_rmse,5,-0.008362076953995346,0.00023813952220377767
2pl_n100_p1000_rho-0.4,tbaem_c,tbaem_d,jointly_stable,a_replicate_rmse,5,-0.010352342442944801,0.0006581918519481667
2pl_n100_p1000_rho-0.4,tbaem_c,tbaem_d,jointly_stable,brier,5,-7.011909894033552e-05,1.5994922742723664e-05
2pl_n100_p1000_rho-0.4,tbaem_c,tbaem_d,jointly_stable,logloss,5,-0.0002687310582824232,8.796900050320503e-05
2pl_n100_p1000_rho-0.4,tbaem_c,vi,all_returned,theta_replicate_rmse,5,0.0196322987370817,0.00146171314915184
2pl_n100_p1000_rho-0.4,tbaem_c,vi,all_returned,b_replicate_rmse,5,-0.009508508703973628,0.000524488375142516
2pl_n100_p1000_rho-0.4,tbaem_c,vi,all_returned,log_a_replicate_rmse,5,-0.01869857940131568,0.0011596359099734354
2pl_n100_p1000_rho-0.4,tbaem_c,vi,all_returned,a_replicate_rmse,5,-0.01801871554265496,0.0032467667696478722
2pl_n100_p1000_rho-0.4,tbaem_c,vi,all_returned,brier,5,-0.00019341142711625235,0.00012116644976262086
2pl_n100_p1000_rho-0.4,tbaem_c,vi,all_returned,logloss,5,-0.0007046320693794072,0.0003084749964835114
2pl_n100_p1000_rho-0.4,tbaem_c,vi,jointly_stable,theta_replicate_rmse,5,0.0196322987370817,0.00146171314915184
2pl_n100_p1000_rho-0.4,tbaem_c,vi,jointly_stable,b_replicate_rmse,5,-0.009508508703973628,0.000524488375142516
2pl_n100_p1000_rho-0.4,tbaem_c,vi,jointly_stable,log_a_replicate_rmse,5,-0.01869857940131568,0.0011596359099734354
2pl_n100_p1000_rho-0.4,tbaem_c,vi,jointly_stable,a_replicate_rmse,5,-0.01801871554265496,0.0032467667696478722
2pl_n100_p1000_rho-0.4,tbaem_c,vi,jointly_stable,brier,5,-0.00019341142711625235,0.00012116644976262086
2pl_n100_p1000_rho-0.4,tbaem_c,vi,jointly_stable,logloss,5,-0.0007046320693794072,0.0003084749964835114
2pl_n100_p1000_rho-0.4,tbaem_d,vi,all_returned,theta_replicate_rmse,5,0.02833750496225932,0.0017728323206007686
2pl_n100_p1000_rho-0.4,tbaem_d,vi,all_returned,b_replicate_rmse,5,-0.00648035102960115,0.0007549184496563973
2pl_n100_p1000_rho-0.4,tbaem_d,vi,all_returned,log_a_replicate_rmse,5,-0.010336502447320334,0.0011074117353181735
2pl_n100_p1000_rho-0.4,tbaem_d,vi,all_returned,a_replicate_rmse,5,-0.007666373099710161,0.002656465624328812
2pl_n100_p1000_rho-0.4,tbaem_d,vi,all_returned,brier,5,-0.00012329232817591683,0.00012378237589933378
2pl_n100_p1000_rho-0.4,tbaem_d,vi,all_returned,logloss,5,-0.0004359010110969841,0.00031329043907470555
2pl_n100_p1000_rho-0.4,tbaem_d,vi,jointly_stable,theta_replicate_rmse,5,0.02833750496225932,0.0017728323206007686
2pl_n100_p1000_rho-0.4,tbaem_d,vi,jointly_stable,b_replicate_rmse,5,-0.00648035102960115,0.0007549184496563973
2pl_n100_p1000_rho-0.4,tbaem_d,vi,jointly_stable,log_a_replicate_rmse,5,-0.010336502447320334,0.0011074117353181735
2pl_n100_p1000_rho-0.4,tbaem_d,vi,jointly_stable,a_replicate_rmse,5,-0.007666373099710161,0.002656465624328812
2pl_n100_p1000_rho-0.4,tbaem_d,vi,jointly_stable,brier,5,-0.00012329232817591683,0.00012378237589933378
2pl_n100_p1000_rho-0.4,tbaem_d,vi,jointly_stable,logloss,5,-0.0004359010110969841,0.00031329043907470555
2pl_n20_p10000_rho+0.0,jml,tbaem_c,all_returned,theta_replicate_rmse,5,0.3118143550748526,0.08214176653886977
2pl_n20_p10000_rho+0.0,jml,tbaem_c,all_returned,b_replicate_rmse,5,0.3841102628944609,0.028114447503366367
2pl_n20_p10000_rho+0.0,jml,tbaem_c,all_returned,log_a_replicate_rmse,5,0.4631111557133691,0.02153302542560397
2pl_n20_p10000_rho+0.0,jml,tbaem_c,all_returned,a_replicate_rmse,5,2.3830220255215915,0.17680028138365522
2pl_n20_p10000_rho+0.0,jml,tbaem_c,all_returned,brier,5,0.011365512844614201,0.0004529263932002127
2pl_n20_p10000_rho+0.0,jml,tbaem_c,all_returned,logloss,5,0.1184421867526954,0.008089513489990222
2pl_n20_p10000_rho+0.0,jml,tbaem_d,all_returned,theta_replicate_rmse,5,0.3138731186043126,0.08292096851093761
2pl_n20_p10000_rho+0.0,jml,tbaem_d,all_returned,b_replicate_rmse,5,0.384295015034445,0.028109448252088838
2pl_n20_p10000_rho+0.0,jml,tbaem_d,all_returned,log_a_replicate_rmse,5,0.4633223170474456,0.021543019547549423
2pl_n20_p10000_rho+0.0,jml,tbaem_d,all_returned,a_replicate_rmse,5,2.383208706432642,0.17685743148592492
2pl_n20_p10000_rho+0.0,jml,tbaem_d,all_returned,brier,5,0.011372240650469151,0.00045413244236955185
2pl_n20_p10000_rho+0.0,jml,tbaem_d,all_returned,logloss,5,0.11845731063996634,0.008097532676683452
2pl_n20_p10000_rho+0.0,jml,vi,all_returned,theta_replicate_rmse,5,0.30291450673475484,0.08189421640255581
2pl_n20_p10000_rho+0.0,jml,vi,all_returned,b_replicate_rmse,5,0.3472534775737149,0.02781728365501552
2pl_n20_p10000_rho+0.0,jml,vi,all_returned,log_a_replicate_rmse,5,0.4404050803282158,0.021884333239258147
2pl_n20_p10000_rho+0.0,jml,vi,all_returned,a_replicate_rmse,5,2.362092917831264,0.17715062388282105
2pl_n20_p10000_rho+0.0,jml,vi,all_returned,brier,5,0.009604653478657637,0.0003110631985804174
2pl_n20_p10000_rho+0.0,jml,vi,all_returned,logloss,5,0.11099585192584698,0.007425417080392728
2pl_n20_p10000_rho+0.0,tbaem_c,tbaem_d,all_returned,theta_replicate_rmse,5,0.0020587635294599727,0.0014211514102368823
2pl_n20_p10000_rho+0.0,tbaem_c,tbaem_d,all_returned,b_replicate_rmse,5,0.00018475213998416783,0.00010495041144252286
2pl_n20_p10000_rho+0.0,tbaem_c,tbaem_d,all_returned,log_a_replicate_rmse,5,0.00021116133407650395,0.00013370885583124101
2pl_n20_p10000_rho+0.0,tbaem_c,tbaem_d,all_returned,a_replicate_rmse,5,0.00018668091105040753,0.00012955308480439243
2pl_n20_p10000_rho+0.0,tbaem_c,tbaem_d,all_returned,brier,5,6.727805854950253e-06,4.9390611443505475e-06
2pl_n20_p10000_rho+0.0,tbaem_c,tbaem_d,all_returned,logloss,5,1.5123887270940273e-05,1.790580586510251e-05
2pl_n20_p10000_rho+0.0,tbaem_c,tbaem_d,jointly_stable,theta_replicate_rmse,5,0.0020587635294599727,0.0014211514102368823
2pl_n20_p10000_rho+0.0,tbaem_c,tbaem_d,jointly_stable,b_replicate_rmse,5,0.00018475213998416783,0.00010495041144252286
2pl_n20_p10000_rho+0.0,tbaem_c,tbaem_d,jointly_stable,log_a_replicate_rmse,5,0.00021116133407650395,0.00013370885583124101
2pl_n20_p10000_rho+0.0,tbaem_c,tbaem_d,jointly_stable,a_replicate_rmse,5,0.00018668091105040753,0.00012955308480439243
2pl_n20_p10000_rho+0.0,tbaem_c,tbaem_d,jointly_stable,brier,5,6.727805854950253e-06,4.9390611443505475e-06
2pl_n20_p10000_rho+0.0,tbaem_c,tbaem_d,jointly_stable,logloss,5,1.5123887270940273e-05,1.790580586510251e-05
2pl_n20_p10000_rho+0.0,tbaem_c,vi,all_returned,theta_replicate_rmse,5,-0.008899848340097789,0.0015514635472436897
2pl_n20_p10000_rho+0.0,tbaem_c,vi,all_returned,b_replicate_rmse,5,-0.03685678532074597,0.0018394707457743094
2pl_n20_p10000_rho+0.0,tbaem_c,vi,all_returned,log_a_replicate_rmse,5,-0.022706075385153367,0.0005647310117810773
2pl_n20_p10000_rho+0.0,tbaem_c,vi,all_returned,a_replicate_rmse,5,-0.02092910769032732,0.0009770403749353
2pl_n20_p10000_rho+0.0,tbaem_c,vi,all_returned,brier,5,-0.001760859365956563,0.00015246555497218223
2pl_n20_p10000_rho+0.0,tbaem_c,vi,all_returned,logloss,5,-0.007446334826848422,0.0007054584286192795
2pl_n20_p10000_rho+0.0,tbaem_c,vi,jointly_stable,theta_replicate_rmse,5,-0.008899848340097789,0.0015514635472436897
2pl_n20_p10000_rho+0.0,tbaem_c,vi,jointly_stable,b_replicate_rmse,5,-0.03685678532074597,0.0018394707457743094
2pl_n20_p10000_rho+0.0,tbaem_c,vi,jointly_stable,log_a_replicate_rmse,5,-0.022706075385153367,0.0005647310117810773
2pl_n20_p10000_rho+0.0,tbaem_c,vi,jointly_stable,a_replicate_rmse,5,-0.02092910769032732,0.0009770403749353
2pl_n20_p10000_rho+0.0,tbaem_c,vi,jointly_stable,brier,5,-0.001760859365956563,0.00015246555497218223
2pl_n20_p10000_rho+0.0,tbaem_c,vi,jointly_stable,logloss,5,-0.007446334826848422,0.0007054584286192795
2pl_n20_p10000_rho+0.0,tbaem_d,vi,all_returned,theta_replicate_rmse,5,-0.010958611869557761,0.0019704527874620853
2pl_n20_p10000_rho+0.0,tbaem_d,vi,all_returned,b_replicate_rmse,5,-0.037041537460730134,0.001930372336613745
2pl_n20_p10000_rho+0.0,tbaem_d,vi,all_returned,log_a_replicate_rmse,5,-0.02291723671922987,0.0006303540117549304
2pl_n20_p10000_rho+0.0,tbaem_d,vi,all_returned,a_replicate_rmse,5,-0.02111578860137773,0.0010159985631421026
2pl_n20_p10000_rho+0.0,tbaem_d,vi,all_returned,brier,5,-0.0017675871718115133,0.00015393825966436916
2pl_n20_p10000_rho+0.0,tbaem_d,vi,all_returned,logloss,5,-0.007461458714119362,0.000713568441203333
2pl_n20_p10000_rho+0.0,tbaem_d,vi,jointly_stable,theta_replicate_rmse,5,-0.010958611869557761,0.0019704527874620853
2pl_n20_p10000_rho+0.0,tbaem_d,vi,jointly_stable,b_replicate_rmse,5,-0.037041537460730134,0.001930372336613745
2pl_n20_p10000_rho+0.0,tbaem_d,vi,jointly_stable,log_a_replicate_rmse,5,-0.02291723671922987,0.0006303540117549304
2pl_n20_p10000_rho+0.0,tbaem_d,vi,jointly_stable,a_replicate_rmse,5,-0.02111578860137773,0.0010159985631421026
2pl_n20_p10000_rho+0.0,tbaem_d,vi,jointly_stable,brier,5,-0.0017675871718115133,0.00015393825966436916
2pl_n20_p10000_rho+0.0,tbaem_d,vi,jointly_stable,logloss,5,-0.007461458714119362,0.000713568441203333
2pl_n20_p10000_rho+0.4,jml,tbaem_c,all_returned,theta_replicate_rmse,5,0.18538655100352774,0.03700409229681176
2pl_n20_p10000_rho+0.4,jml,tbaem_c,all_returned,b_replicate_rmse,5,0.3437359994343836,0.011579502002003101
2pl_n20_p10000_rho+0.4,jml,tbaem_c,all_returned,log_a_replicate_rmse,5,0.4433773583212588,0.008945183304284279
2pl_n20_p10000_rho+0.4,jml,tbaem_c,all_returned,a_replicate_rmse,5,2.3450640519993526,0.17039835977540327
2pl_n20_p10000_rho+0.4,jml,tbaem_c,all_returned,brier,5,0.0110599129973806,0.00024314585726854855
2pl_n20_p10000_rho+0.4,jml,tbaem_c,all_returned,logloss,5,0.10749251878388129,0.004124187865794765
2pl_n20_p10000_rho+0.4,jml,tbaem_c,jointly_stable,theta_replicate_rmse,4,0.1527811310736769,0.022590168876049064
2pl_n20_p10000_rho+0.4,jml,tbaem_c,jointly_stable,b_replicate_rmse,4,0.34268141914561223,0.014886947696384281
2pl_n20_p10000_rho+0.4,jml,tbaem_c,jointly_stable,log_a_replicate_rmse,4,0.44249519000144927,0.01149188724004682
2pl_n20_p10000_rho+0.4,jml,tbaem_c,jointly_stable,a_replicate_rmse,4,2.2334937511085236,0.1662712090395172
2pl_n20_p10000_rho+0.4,jml,tbaem_c,jointly_stable,brier,4,0.01112043122432537,0.0003040215236742254
2pl_n20_p10000_rho+0.4,jml,tbaem_c,jointly_stable,logloss,4,0.10600575057223188,0.004966294030293551
2pl_n20_p10000_rho+0.4,jml,tbaem_d,all_returned,theta_replicate_rmse,5,0.178734967917155,0.03983937103494894
2pl_n20_p10000_rho+0.4,jml,tbaem_d,all_returned,b_replicate_rmse,5,0.34165746639727185,0.012108053325157016
2pl_n20_p10000_rho+0.4,jml,tbaem_d,all_returned,log_a_replicate_rmse,5,0.43585103723832663,0.010578646767608186
2pl_n20_p10000_rho+0.4,jml,tbaem_d,all_returned,a_replicate_rmse,5,2.3362031852061853,0.17042913402899637
2pl_n20_p10000_rho+0.4,jml,tbaem_d,all_returned,brier,5,0.010976988170513995,0.0002626554622293304
2pl_n20_p10000_rho+0.4,jml,tbaem_d,all_returned,logloss,5,0.1071862985517696,0.004054672452269218
2pl_n20_p10000_rho+0.4,jml,tbaem_d,jointly_stable,theta_replicate_rmse,4,0.14396654100689704,0.025110820199214803
2pl_n20_p10000_rho+0.4,jml,tbaem_d,jointly_stable,b_replicate_rmse,4,0.3406947156682949,0.015581937532428385
2pl_n20_p10000_rho+0.4,jml,tbaem_d,jointly_stable,log_a_replicate_rmse,4,0.43583869169429085,0.013656964952077844
2pl_n20_p10000_rho+0.4,jml,tbaem_d,jointly_stable,a_replicate_rmse,4,2.2257892118711915,0.16760491350321918
2pl_n20_p10000_rho+0.4,jml,tbaem_d,jointly_stable,brier,4,0.011053467348507685,0.0003243938634137849
2pl_n20_p10000_rho+0.4,jml,tbaem_d,jointly_stable,logloss,4,0.10573712849737457,0.004888809474816881
2pl_n20_p10000_rho+0.4,jml,vi,all_returned,theta_replicate_rmse,5,0.17228702561116865,0.039706568611481745
2pl_n20_p10000_rho+0.4,jml,vi,all_returned,b_replicate_rmse,5,0.30440606762013445,0.011103297909847234
2pl_n20_p10000_rho+0.4,jml,vi,all_returned,log_a_replicate_rmse,5,0.4128221516770635,0.011936173912433321
2pl_n20_p10000_rho+0.4,jml,vi,all_returned,a_replicate_rmse,5,2.3150669306400444,0.17062607816020817
2pl_n20_p10000_rho+0.4,jml,vi,all_returned,brier,5,0.009209646897158775,0.0002368485579485139
2pl_n20_p10000_rho+0.4,jml,vi,all_returned,logloss,5,0.09964604493706056,0.004007432534020497
2pl_n20_p10000_rho+0.4,jml,vi,jointly_stable,theta_replicate_rmse,4,0.13827908380434525,0.026459764579515196
2pl_n20_p10000_rho+0.4,jml,vi,jointly_stable,b_replicate_rmse,4,0.30310960847788815,0.014236245886662195
2pl_n20_p10000_rho+0.4,jml,vi,jointly_stable,log_a_replicate_rmse,4,0.41297915535851715,0.015408201144837545
2pl_n20_p10000_rho+0.4,jml,vi,jointly_stable,a_replicate_rmse,4,2.2050040292987845,0.16832219251917538
2pl_n20_p10000_rho+0.4,jml,vi,jointly_stable,brier,4,0.009314141653357769,0.0002744026400784172
2pl_n20_p10000_rho+0.4,jml,vi,jointly_stable,logloss,4,0.09845297851816098,0.004938978982681221
2pl_n20_p10000_rho+0.4,tbaem_c,tbaem_d,all_returned,theta_replicate_rmse,5,-0.006651583086372726,0.0032982863045141445
2pl_n20_p10000_rho+0.4,tbaem_c,tbaem_d,all_returned,b_replicate_rmse,5,-0.0020785330371117516,0.000671403378262827
2pl_n20_p10000_rho+0.4,tbaem_c,tbaem_d,all_returned,log_a_replicate_rmse,5,-0.007526321082932097,0.002245470775934464
2pl_n20_p10000_rho+0.4,tbaem_c,tbaem_d,all_returned,a_replicate_rmse,5,-0.008860866793167443,0.0026806290359140355
2pl_n20_p10000_rho+0.4,tbaem_c,tbaem_d,all_returned,brier,5,-8.292482686660385e-05,3.315883822095347e-05
2pl_n20_p10000_rho+0.4,tbaem_c,tbaem_d,all_returned,logloss,5,-0.0003062202321116869,0.0001399814115885391
2pl_n20_p10000_rho+0.4,tbaem_c,tbaem_d,jointly_stable,theta_replicate_rmse,5,-0.006651583086372726,0.0032982863045141445
2pl_n20_p10000_rho+0.4,tbaem_c,tbaem_d,jointly_stable,b_replicate_rmse,5,-0.0020785330371117516,0.000671403378262827
2pl_n20_p10000_rho+0.4,tbaem_c,tbaem_d,jointly_stable,log_a_replicate_rmse,5,-0.007526321082932097,0.002245470775934464
2pl_n20_p10000_rho+0.4,tbaem_c,tbaem_d,jointly_stable,a_replicate_rmse,5,-0.008860866793167443,0.0026806290359140355
2pl_n20_p10000_rho+0.4,tbaem_c,tbaem_d,jointly_stable,brier,5,-8.292482686660385e-05,3.315883822095347e-05
2pl_n20_p10000_rho+0.4,tbaem_c,tbaem_d,jointly_stable,logloss,5,-0.0003062202321116869,0.0001399814115885391
2pl_n20_p10000_rho+0.4,tbaem_c,vi,all_returned,theta_replicate_rmse,5,-0.013099525392359099,0.003491485074531319
2pl_n20_p10000_rho+0.4,tbaem_c,vi,all_returned,b_replicate_rmse,5,-0.03932993181424912,0.000904499652037079
2pl_n20_p10000_rho+0.4,tbaem_c,vi,all_returned,log_a_replicate_rmse,5,-0.0305552066441953,0.003703073840322753
2pl_n20_p10000_rho+0.4,tbaem_c,vi,all_returned,a_replicate_rmse,5,-0.029997121359307433,0.0040286519181722885
2pl_n20_p10000_rho+0.4,tbaem_c,vi,all_returned,brier,5,-0.0018502661002218258,5.4094665978432084e-05
2pl_n20_p10000_rho+0.4,tbaem_c,vi,all_returned,logloss,5,-0.007846473846820735,0.0003110760149686983
2pl_n20_p10000_rho+0.4,tbaem_c,vi,jointly_stable,theta_replicate_rmse,5,-0.013099525392359099,0.003491485074531319
2pl_n20_p10000_rho+0.4,tbaem_c,vi,jointly_stable,b_replicate_rmse,5,-0.03932993181424912,0.000904499652037079
2pl_n20_p10000_rho+0.4,tbaem_c,vi,jointly_stable,log_a_replicate_rmse,5,-0.0305552066441953,0.003703073840322753
2pl_n20_p10000_rho+0.4,tbaem_c,vi,jointly_stable,a_replicate_rmse,5,-0.029997121359307433,0.0040286519181722885
2pl_n20_p10000_rho+0.4,tbaem_c,vi,jointly_stable,brier,5,-0.0018502661002218258,5.4094665978432084e-05
2pl_n20_p10000_rho+0.4,tbaem_c,vi,jointly_stable,logloss,5,-0.007846473846820735,0.0003110760149686983
2pl_n20_p10000_rho+0.4,tbaem_d,vi,all_returned,theta_replicate_rmse,5,-0.006447942305986373,0.0019097461659931423
2pl_n20_p10000_rho+0.4,tbaem_d,vi,all_returned,b_replicate_rmse,5,-0.037251398777137366,0.001207913975715692
2pl_n20_p10000_rho+0.4,tbaem_d,vi,all_returned,log_a_replicate_rmse,5,-0.0230288855612632,0.0015276586452094777
2pl_n20_p10000_rho+0.4,tbaem_d,vi,all_returned,a_replicate_rmse,5,-0.02113625456613999,0.001397870616793784
2pl_n20_p10000_rho+0.4,tbaem_d,vi,all_returned,brier,5,-0.0017673412733552219,5.557273392143027e-05
2pl_n20_p10000_rho+0.4,tbaem_d,vi,all_returned,logloss,5,-0.007540253614709047,0.0002878707974841632
2pl_n20_p10000_rho+0.4,tbaem_d,vi,jointly_stable,theta_replicate_rmse,5,-0.006447942305986373,0.0019097461659931423
2pl_n20_p10000_rho+0.4,tbaem_d,vi,jointly_stable,b_replicate_rmse,5,-0.037251398777137366,0.001207913975715692
2pl_n20_p10000_rho+0.4,tbaem_d,vi,jointly_stable,log_a_replicate_rmse,5,-0.0230288855612632,0.0015276586452094777
2pl_n20_p10000_rho+0.4,tbaem_d,vi,jointly_stable,a_replicate_rmse,5,-0.02113625456613999,0.001397870616793784
2pl_n20_p10000_rho+0.4,tbaem_d,vi,jointly_stable,brier,5,-0.0017673412733552219,5.557273392143027e-05
2pl_n20_p10000_rho+0.4,tbaem_d,vi,jointly_stable,logloss,5,-0.007540253614709047,0.0002878707974841632
2pl_n20_p10000_rho-0.4,jml,tbaem_c,all_returned,theta_replicate_rmse,5,0.24395408417993353,0.09986608919815515
2pl_n20_p10000_rho-0.4,jml,tbaem_c,all_returned,b_replicate_rmse,5,0.36646891787844293,0.03951982083630637
2pl_n20_p10000_rho-0.4,jml,tbaem_c,all_returned,log_a_replicate_rmse,5,0.4763957161917567,0.02911645939702092
2pl_n20_p10000_rho-0.4,jml,tbaem_c,all_returned,a_replicate_rmse,5,2.317810878119719,0.15456225372570223
2pl_n20_p10000_rho-0.4,jml,tbaem_c,all_returned,brier,5,0.011070576133813237,0.0003366752718609909
2pl_n20_p10000_rho-0.4,jml,tbaem_c,all_returned,logloss,5,0.11146231800721632,0.006905732553651631
2pl_n20_p10000_rho-0.4,jml,tbaem_c,jointly_stable,theta_replicate_rmse,1,0.07714733157576203,
2pl_n20_p10000_rho-0.4,jml,tbaem_c,jointly_stable,b_replicate_rmse,1,0.3054067591263225,
2pl_n20_p10000_rho-0.4,jml,tbaem_c,jointly_stable,log_a_replicate_rmse,1,0.4128318992550376,
2pl_n20_p10000_rho-0.4,jml,tbaem_c,jointly_stable,a_replicate_rmse,1,2.2552285216421524,
2pl_n20_p10000_rho-0.4,jml,tbaem_c,jointly_stable,brier,1,0.011954179923457708,
2pl_n20_p10000_rho-0.4,jml,tbaem_c,jointly_stable,logloss,1,0.1139218896139994,
2pl_n20_p10000_rho-0.4,jml,tbaem_d,all_returned,theta_replicate_rmse,5,0.2303659998726153,0.0981291820822618
2pl_n20_p10000_rho-0.4,jml,tbaem_d,all_returned,b_replicate_rmse,5,0.3645782501801401,0.039262401929028905
2pl_n20_p10000_rho-0.4,jml,tbaem_d,all_returned,log_a_replicate_rmse,5,0.46598385337973286,0.02919824102668576
2pl_n20_p10000_rho-0.4,jml,tbaem_d,all_returned,a_replicate_rmse,5,2.3053518251065035,0.15494177568097356
2pl_n20_p10000_rho-0.4,jml,tbaem_d,all_returned,brier,5,0.010931469364170443,0.0003249323336333056
2pl_n20_p10000_rho-0.4,jml,tbaem_d,all_returned,logloss,5,0.11084222700891347,0.006859071164297056
2pl_n20_p10000_rho-0.4,jml,tbaem_d,jointly_stable,theta_replicate_rmse,1,0.07190481376628541,
2pl_n20_p10000_rho-0.4,jml,tbaem_d,jointly_stable,b_replicate_rmse,1,0.30282656174480777,
2pl_n20_p10000_rho-0.4,jml,tbaem_d,jointly_stable,log_a_replicate_rmse,1,0.40318623677921084,
2pl_n20_p10000_rho-0.4,jml,tbaem_d,jointly_stable,a_replicate_rmse,1,2.2438557486257826,
2pl_n20_p10000_rho-0.4,jml,tbaem_d,jointly_stable,brier,1,0.01183154427334751,
2pl_n20_p10000_rho-0.4,jml,tbaem_d,jointly_stable,logloss,1,0.11334024845133395,
2pl_n20_p10000_rho-0.4,jml,vi,all_returned,theta_replicate_rmse,5,0.22067678042708536,0.09825326580138054
2pl_n20_p10000_rho-0.4,jml,vi,all_returned,b_replicate_rmse,5,0.33056077915940946,0.03838162795001456
2pl_n20_p10000_rho-0.4,jml,vi,all_returned,log_a_replicate_rmse,5,0.44171272375384507,0.02945361593647743
2pl_n20_p10000_rho-0.4,jml,vi,all_returned,a_replicate_rmse,5,2.283192113695844,0.15583575911058734
2pl_n20_p10000_rho-0.4,jml,vi,all_returned,brier,5,0.009147476264771748,0.00022038118045046264
2pl_n20_p10000_rho-0.4,jml,vi,all_returned,logloss,5,0.10277135636762309,0.006542596002649025
2pl_n20_p10000_rho-0.4,jml,vi,jointly_stable,theta_replicate_rmse,1,0.0629216709005136,
2pl_n20_p10000_rho-0.4,jml,vi,jointly_stable,b_replicate_rmse,1,0.26551688901437565,
2pl_n20_p10000_rho-0.4,jml,vi,jointly_stable,log_a_replicate_rmse,1,0.3793665231158139,
2pl_n20_p10000_rho-0.4,jml,vi,jointly_stable,a_replicate_rmse,1,2.2205511084658274,
2pl_n20_p10000_rho-0.4,jml,vi,jointly_stable,brier,1,0.009615125928984947,
2pl_n20_p10000_rho-0.4,jml,vi,jointly_stable,logloss,1,0.10427955565583291,
2pl_n20_p10000_rho-0.4,tbaem_c,tbaem_d,all_returned,theta_replicate_rmse,5,-0.013588084307318168,0.002880463673337131
2pl_n20_p10000_rho-0.4,tbaem_c,tbaem_d,all_returned,b_replicate_rmse,5,-0.0018906676983027949,0.0005668264509819346
2pl_n20_p10000_rho-0.4,tbaem_c,tbaem_d,all_returned,log_a_replicate_rmse,5,-0.010411862812023841,0.00030283887421293624
2pl_n20_p10000_rho-0.4,tbaem_c,tbaem_d,all_returned,a_replicate_rmse,5,-0.012459053013215182,0.0005543518805375087
2pl_n20_p10000_rho-0.4,tbaem_c,tbaem_d,all_returned,brier,5,-0.0001391067696427939,2.5010090316646434e-05
2pl_n20_p10000_rho-0.4,tbaem_c,tbaem_d,all_returned,logloss,5,-0.0006200909983028469,5.3036028889268316e-05
2pl_n20_p10000_rho-0.4,tbaem_c,tbaem_d,jointly_stable,theta_replicate_rmse,5,-0.013588084307318168,0.002880463673337131
2pl_n20_p10000_rho-0.4,tbaem_c,tbaem_d,jointly_stable,b_replicate_rmse,5,-0.0018906676983027949,0.0005668264509819346
2pl_n20_p10000_rho-0.4,tbaem_c,tbaem_d,jointly_stable,log_a_replicate_rmse,5,-0.010411862812023841,0.00030283887421293624
2pl_n20_p10000_rho-0.4,tbaem_c,tbaem_d,jointly_stable,a_replicate_rmse,5,-0.012459053013215182,0.0005543518805375087
2pl_n20_p10000_rho-0.4,tbaem_c,tbaem_d,jointly_stable,brier,5,-0.0001391067696427939,2.5010090316646434e-05
2pl_n20_p10000_rho-0.4,tbaem_c,tbaem_d,jointly_stable,logloss,5,-0.0006200909983028469,5.3036028889268316e-05
2pl_n20_p10000_rho-0.4,tbaem_c,vi,all_returned,theta_replicate_rmse,5,-0.02327730375284817,0.0037489715816408304
2pl_n20_p10000_rho-0.4,tbaem_c,vi,all_returned,b_replicate_rmse,5,-0.03590813871903342,0.0023660646810572733
2pl_n20_p10000_rho-0.4,tbaem_c,vi,all_returned,log_a_replicate_rmse,5,-0.03468299243791162,0.0006952819184059037
2pl_n20_p10000_rho-0.4,tbaem_c,vi,all_returned,a_replicate_rmse,5,-0.03461876442387492,0.0014296382378665776
2pl_n20_p10000_rho-0.4,tbaem_c,vi,all_returned,brier,5,-0.001923099869041489,0.00013228639737996594
2pl_n20_p10000_rho-0.4,tbaem_c,vi,all_returned,logloss,5,-0.00869096163959322,0.00045867534693021364
2pl_n20_p10000_rho-0.4,tbaem_c,vi,jointly_stable,theta_replicate_rmse,5,-0.02327730375284817,0.0037489715816408304
2pl_n20_p10000_rho-0.4,tbaem_c,vi,jointly_stable,b_replicate_rmse,5,-0.03590813871903342,0.0023660646810572733
2pl_n20_p10000_rho-0.4,tbaem_c,vi,jointly_stable,log_a_replicate_rmse,5,-0.03468299243791162,0.0006952819184059037
2pl_n20_p10000_rho-0.4,tbaem_c,vi,jointly_stable,a_replicate_rmse,5,-0.03461876442387492,0.0014296382378665776
2pl_n20_p10000_rho-0.4,tbaem_c,vi,jointly_stable,brier,5,-0.001923099869041489,0.00013228639737996594
2pl_n20_p10000_rho-0.4,tbaem_c,vi,jointly_stable,logloss,5,-0.00869096163959322,0.00045867534693021364
2pl_n20_p10000_rho-0.4,tbaem_d,vi,all_returned,theta_replicate_rmse,5,-0.00968921944553,0.0011902830630426682
2pl_n20_p10000_rho-0.4,tbaem_d,vi,all_returned,b_replicate_rmse,5,-0.034017471020730626,0.00182156181817055
2pl_n20_p10000_rho-0.4,tbaem_d,vi,all_returned,log_a_replicate_rmse,5,-0.024271129625887778,0.00040676757615268057
2pl_n20_p10000_rho-0.4,tbaem_d,vi,all_returned,a_replicate_rmse,5,-0.022159711410659734,0.000993336448388745
2pl_n20_p10000_rho-0.4,tbaem_d,vi,all_returned,brier,5,-0.0017839930993986952,0.00012490693451301592
2pl_n20_p10000_rho-0.4,tbaem_d,vi,all_returned,logloss,5,-0.008070870641290372,0.0004363641595108597
2pl_n20_p10000_rho-0.4,tbaem_d,vi,jointly_stable,theta_replicate_rmse,5,-0.00968921944553,0.0011902830630426682
2pl_n20_p10000_rho-0.4,tbaem_d,vi,jointly_stable,b_replicate_rmse,5,-0.034017471020730626,0.00182156181817055
2pl_n20_p10000_rho-0.4,tbaem_d,vi,jointly_stable,log_a_replicate_rmse,5,-0.024271129625887778,0.00040676757615268057
2pl_n20_p10000_rho-0.4,tbaem_d,vi,jointly_stable,a_replicate_rmse,5,-0.022159711410659734,0.000993336448388745
2pl_n20_p10000_rho-0.4,tbaem_d,vi,jointly_stable,brier,5,-0.0017839930993986952,0.00012490693451301592
2pl_n20_p10000_rho-0.4,tbaem_d,vi,jointly_stable,logloss,5,-0.008070870641290372,0.0004363641595108597
2pl_n20_p1000_rho+0.0,jml,tbaem_c,all_returned,theta_replicate_rmse,5,0.24108793672525147,0.06154175773190983
2pl_n20_p1000_rho+0.0,jml,tbaem_c,all_returned,b_replicate_rmse,5,0.38358055167250416,0.028274753347715054
2pl_n20_p1000_rho+0.0,jml,tbaem_c,all_returned,log_a_replicate_rmse,5,0.46438088792223764,0.01979986352603573
2pl_n20_p1000_rho+0.0,jml,tbaem_c,all_returned,a_replicate_rmse,5,2.44173635460997,0.22643579320534968
2pl_n20_p1000_rho+0.0,jml,tbaem_c,all_returned,brier,5,0.010493558118982732,0.0007045449907717253
2pl_n20_p1000_rho+0.0,jml,tbaem_c,all_returned,logloss,5,0.10712761220293435,0.00825580638565591
2pl_n20_p1000_rho+0.0,jml,tbaem_c,jointly_stable,theta_replicate_rmse,5,0.24108793672525147,0.06154175773190983
2pl_n20_p1000_rho+0.0,jml,tbaem_c,jointly_stable,b_replicate_rmse,5,0.38358055167250416,0.028274753347715054
2pl_n20_p1000_rho+0.0,jml,tbaem_c,jointly_stable,log_a_replicate_rmse,5,0.46438088792223764,0.01979986352603573
2pl_n20_p1000_rho+0.0,jml,tbaem_c,jointly_stable,a_replicate_rmse,5,2.44173635460997,0.22643579320534968
2pl_n20_p1000_rho+0.0,jml,tbaem_c,jointly_stable,brier,5,0.010493558118982732,0.0007045449907717253
2pl_n20_p1000_rho+0.0,jml,tbaem_c,jointly_stable,logloss,5,0.10712761220293435,0.00825580638565591
2pl_n20_p1000_rho+0.0,jml,tbaem_d,all_returned,theta_replicate_rmse,5,0.24485541466193878,0.06341087024314884
2pl_n20_p1000_rho+0.0,jml,tbaem_d,all_returned,b_replicate_rmse,5,0.3839951647692751,0.028352663032736928
2pl_n20_p1000_rho+0.0,jml,tbaem_d,all_returned,log_a_replicate_rmse,5,0.46528132593850574,0.02002187885346759
2pl_n20_p1000_rho+0.0,jml,tbaem_d,all_returned,a_replicate_rmse,5,2.442496463902209,0.22663562240608684
2pl_n20_p1000_rho+0.0,jml,tbaem_d,all_returned,brier,5,0.01055713103675568,0.0007370086574305377
2pl_n20_p1000_rho+0.0,jml,tbaem_d,all_returned,logloss,5,0.1072808491201384,0.008285301454544827
2pl_n20_p1000_rho+0.0,jml,tbaem_d,jointly_stable,theta_replicate_rmse,5,0.24485541466193878,0.06341087024314884
2pl_n20_p1000_rho+0.0,jml,tbaem_d,jointly_stable,b_replicate_rmse,5,0.3839951647692751,0.028352663032736928
2pl_n20_p1000_rho+0.0,jml,tbaem_d,jointly_stable,log_a_replicate_rmse,5,0.46528132593850574,0.02002187885346759
2pl_n20_p1000_rho+0.0,jml,tbaem_d,jointly_stable,a_replicate_rmse,5,2.442496463902209,0.22663562240608684
2pl_n20_p1000_rho+0.0,jml,tbaem_d,jointly_stable,brier,5,0.01055713103675568,0.0007370086574305377
2pl_n20_p1000_rho+0.0,jml,tbaem_d,jointly_stable,logloss,5,0.1072808491201384,0.008285301454544827
2pl_n20_p1000_rho+0.0,jml,vi,all_returned,theta_replicate_rmse,5,0.2518718664495874,0.0675715087172471
2pl_n20_p1000_rho+0.0,jml,vi,all_returned,b_replicate_rmse,5,0.3488456282081335,0.02702227561419362
2pl_n20_p1000_rho+0.0,jml,vi,all_returned,log_a_replicate_rmse,5,0.44510953236020023,0.019682572708318767
2pl_n20_p1000_rho+0.0,jml,vi,all_returned,a_replicate_rmse,5,2.4232811936835033,0.22555184571122475
2pl_n20_p1000_rho+0.0,jml,vi,all_returned,brier,5,0.009231310471242565,0.0006123248484634932
2pl_n20_p1000_rho+0.0,jml,vi,all_returned,logloss,5,0.10180979188513103,0.0079001317675187
2pl_n20_p1000_rho+0.0,jml,vi,jointly_stable,theta_replicate_rmse,5,0.2518718664495874,0.0675715087172471
2pl_n20_p1000_rho+0.0,jml,vi,jointly_stable,b_replicate_rmse,5,0.3488456282081335,0.02702227561419362
2pl_n20_p1000_rho+0.0,jml,vi,jointly_stable,log_a_replicate_rmse,5,0.44510953236020023,0.019682572708318767
2pl_n20_p1000_rho+0.0,jml,vi,jointly_stable,a_replicate_rmse,5,2.4232811936835033,0.22555184571122475
2pl_n20_p1000_rho+0.0,jml,vi,jointly_stable,brier,5,0.009231310471242565,0.0006123248484634932
2pl_n20_p1000_rho+0.0,jml,vi,jointly_stable,logloss,5,0.10180979188513103,0.0079001317675187
2pl_n20_p1000_rho+0.0,tbaem_c,tbaem_d,all_returned,theta_replicate_rmse,5,0.003767477936687344,0.0020136877655022242
2pl_n20_p1000_rho+0.0,tbaem_c,tbaem_d,all_returned,b_replicate_rmse,5,0.0004146130967708439,0.00023663387639047466
2pl_n20_p1000_rho+0.0,tbaem_c,tbaem_d,all_returned,log_a_replicate_rmse,5,0.0009004380162680569,0.00038339498432226455
2pl_n20_p1000_rho+0.0,tbaem_c,tbaem_d,all_returned,a_replicate_rmse,5,0.0007601092922384755,0.00039243974656029304
2pl_n20_p1000_rho+0.0,tbaem_c,tbaem_d,all_returned,brier,5,6.357291777294715e-05,3.694382241855674e-05
2pl_n20_p1000_rho+0.0,tbaem_c,tbaem_d,all_returned,logloss,5,0.00015323691720405818,0.00013315141394104797
2pl_n20_p1000_rho+0.0,tbaem_c,tbaem_d,jointly_stable,theta_replicate_rmse,5,0.003767477936687344,0.0020136877655022242
2pl_n20_p1000_rho+0.0,tbaem_c,tbaem_d,jointly_stable,b_replicate_rmse,5,0.0004146130967708439,0.00023663387639047466
2pl_n20_p1000_rho+0.0,tbaem_c,tbaem_d,jointly_stable,log_a_replicate_rmse,5,0.0009004380162680569,0.00038339498432226455
2pl_n20_p1000_rho+0.0,tbaem_c,tbaem_d,jointly_stable,a_replicate_rmse,5,0.0007601092922384755,0.00039243974656029304
2pl_n20_p1000_rho+0.0,tbaem_c,tbaem_d,jointly_stable,brier,5,6.357291777294715e-05,3.694382241855674e-05
2pl_n20_p1000_rho+0.0,tbaem_c,tbaem_d,jointly_stable,logloss,5,0.00015323691720405818,0.00013315141394104797
2pl_n20_p1000_rho+0.0,tbaem_c,vi,all_returned,theta_replicate_rmse,5,0.010783929724335974,0.006745799737600944
2pl_n20_p1000_rho+0.0,tbaem_c,vi,all_returned,b_replicate_rmse,5,-0.03473492346437074,0.0021340368586373485
2pl_n20_p1000_rho+0.0,tbaem_c,vi,all_returned,log_a_replicate_rmse,5,-0.019271355562037396,0.0004851153733252173
2pl_n20_p1000_rho+0.0,tbaem_c,vi,all_returned,a_replicate_rmse,5,-0.018455160926467196,0.0015101559393450516
2pl_n20_p1000_rho+0.0,tbaem_c,vi,all_returned,brier,5,-0.0012622476477401668,0.00014671039898479413
2pl_n20_p1000_rho+0.0,tbaem_c,vi,all_returned,logloss,5,-0.005317820317803301,0.0009312376678708682
2pl_n20_p1000_rho+0.0,tbaem_c,vi,jointly_stable,theta_replicate_rmse,5,0.010783929724335974,0.006745799737600944
2pl_n20_p1000_rho+0.0,tbaem_c,vi,jointly_stable,b_replicate_rmse,5,-0.03473492346437074,0.0021340368586373485
2pl_n20_p1000_rho+0.0,tbaem_c,vi,jointly_stable,log_a_replicate_rmse,5,-0.019271355562037396,0.0004851153733252173
2pl_n20_p1000_rho+0.0,tbaem_c,vi,jointly_stable,a_replicate_rmse,5,-0.018455160926467196,0.0015101559393450516
2pl_n20_p1000_rho+0.0,tbaem_c,vi,jointly_stable,brier,5,-0.0012622476477401668,0.00014671039898479413
2pl_n20_p1000_rho+0.0,tbaem_c,vi,jointly_stable,logloss,5,-0.005317820317803301,0.0009312376678708682
2pl_n20_p1000_rho+0.0,tbaem_d,vi,all_returned,theta_replicate_rmse,5,0.007016451787648631,0.005318917715039341
2pl_n20_p1000_rho+0.0,tbaem_d,vi,all_returned,b_replicate_rmse,5,-0.03514953656114158,0.002076352312691821
2pl_n20_p1000_rho+0.0,tbaem_d,vi,all_returned,log_a_replicate_rmse,5,-0.020171793578305452,0.00043362445654068386
2pl_n20_p1000_rho+0.0,tbaem_d,vi,all_returned,a_replicate_rmse,5,-0.01921527021870567,0.001601155609993627
2pl_n20_p1000_rho+0.0,tbaem_d,vi,all_returned,brier,5,-0.0013258205655131139,0.0001673756960665624
2pl_n20_p1000_rho+0.0,tbaem_d,vi,all_returned,logloss,5,-0.00547105723500736,0.0009046212837842399
2pl_n20_p1000_rho+0.0,tbaem_d,vi,jointly_stable,theta_replicate_rmse,5,0.007016451787648631,0.005318917715039341
2pl_n20_p1000_rho+0.0,tbaem_d,vi,jointly_stable,b_replicate_rmse,5,-0.03514953656114158,0.002076352312691821
2pl_n20_p1000_rho+0.0,tbaem_d,vi,jointly_stable,log_a_replicate_rmse,5,-0.020171793578305452,0.00043362445654068386
2pl_n20_p1000_rho+0.0,tbaem_d,vi,jointly_stable,a_replicate_rmse,5,-0.01921527021870567,0.001601155609993627
2pl_n20_p1000_rho+0.0,tbaem_d,vi,jointly_stable,brier,5,-0.0013258205655131139,0.0001673756960665624
2pl_n20_p1000_rho+0.0,tbaem_d,vi,jointly_stable,logloss,5,-0.00547105723500736,0.0009046212837842399
2pl_n20_p1000_rho+0.4,jml,tbaem_c,all_returned,theta_replicate_rmse,5,0.19562153194586834,0.02956767987023303
2pl_n20_p1000_rho+0.4,jml,tbaem_c,all_returned,b_replicate_rmse,5,0.37570304220360085,0.02123441323300368
2pl_n20_p1000_rho+0.4,jml,tbaem_c,all_returned,log_a_replicate_rmse,5,0.4761607186845658,0.020377165183434194
2pl_n20_p1000_rho+0.4,jml,tbaem_c,all_returned,a_replicate_rmse,5,2.6971804236416426,0.16686078280955183
2pl_n20_p1000_rho+0.4,jml,tbaem_c,all_returned,brier,5,0.012188174931919654,0.0009837880387836841
2pl_n20_p1000_rho+0.4,jml,tbaem_c,all_returned,logloss,5,0.11975633903615708,0.014707950084450147
2pl_n20_p1000_rho+0.4,jml,tbaem_c,jointly_stable,theta_replicate_rmse,5,0.19562153194586834,0.02956767987023303
2pl_n20_p1000_rho+0.4,jml,tbaem_c,jointly_stable,b_replicate_rmse,5,0.37570304220360085,0.02123441323300368
2pl_n20_p1000_rho+0.4,jml,tbaem_c,jointly_stable,log_a_replicate_rmse,5,0.4761607186845658,0.020377165183434194
2pl_n20_p1000_rho+0.4,jml,tbaem_c,jointly_stable,a_replicate_rmse,5,2.6971804236416426,0.16686078280955183
2pl_n20_p1000_rho+0.4,jml,tbaem_c,jointly_stable,brier,5,0.012188174931919654,0.0009837880387836841
2pl_n20_p1000_rho+0.4,jml,tbaem_c,jointly_stable,logloss,5,0.11975633903615708,0.014707950084450147
2pl_n20_p1000_rho+0.4,jml,tbaem_d,all_returned,theta_replicate_rmse,5,0.1937050134932397,0.030478924969998735
2pl_n20_p1000_rho+0.4,jml,tbaem_d,all_returned,b_replicate_rmse,5,0.37386309873536455,0.021785788262904962
2pl_n20_p1000_rho+0.4,jml,tbaem_d,all_returned,log_a_replicate_rmse,5,0.4660815344517456,0.021180564269155495
2pl_n20_p1000_rho+0.4,jml,tbaem_d,all_returned,a_replicate_rmse,5,2.684723779428108,0.16765785811495676
2pl_n20_p1000_rho+0.4,jml,tbaem_d,all_returned,brier,5,0.011986823768829046,0.0009733469678130372
2pl_n20_p1000_rho+0.4,jml,tbaem_d,all_returned,logloss,5,0.11906716043232443,0.01463663050360258
2pl_n20_p1000_rho+0.4,jml,tbaem_d,jointly_stable,theta_replicate_rmse,5,0.1937050134932397,0.030478924969998735
2pl_n20_p1000_rho+0.4,jml,tbaem_d,jointly_stable,b_replicate_rmse,5,0.37386309873536455,0.021785788262904962
2pl_n20_p1000_rho+0.4,jml,tbaem_d,jointly_stable,log_a_replicate_rmse,5,0.4660815344517456,0.021180564269155495
2pl_n20_p1000_rho+0.4,jml,tbaem_d,jointly_stable,a_replicate_rmse,5,2.684723779428108,0.16765785811495676
2pl_n20_p1000_rho+0.4,jml,tbaem_d,jointly_stable,brier,5,0.011986823768829046,0.0009733469678130372
2pl_n20_p1000_rho+0.4,jml,tbaem_d,jointly_stable,logloss,5,0.11906716043232443,0.01463663050360258
2pl_n20_p1000_rho+0.4,jml,vi,all_returned,theta_replicate_rmse,5,0.19018005153831413,0.03227216562600728
2pl_n20_p1000_rho+0.4,jml,vi,all_returned,b_replicate_rmse,5,0.3400913411098118,0.02219785221512321
2pl_n20_p1000_rho+0.4,jml,vi,all_returned,log_a_replicate_rmse,5,0.4432272310128428,0.020899093300971193
2pl_n20_p1000_rho+0.4,jml,vi,all_returned,a_replicate_rmse,5,2.663073876210579,0.16754468820615662
2pl_n20_p1000_rho+0.4,jml,vi,all_returned,brier,5,0.01000023558655117,0.0008077454850137072
2pl_n20_p1000_rho+0.4,jml,vi,all_returned,logloss,5,0.11012146906798426,0.013617651321808522
2pl_n20_p1000_rho+0.4,jml,vi,jointly_stable,theta_replicate_rmse,5,0.19018005153831413,0.03227216562600728
2pl_n20_p1000_rho+0.4,jml,vi,jointly_stable,b_replicate_rmse,5,0.3400913411098118,0.02219785221512321
2pl_n20_p1000_rho+0.4,jml,vi,jointly_stable,log_a_replicate_rmse,5,0.4432272310128428,0.020899093300971193
2pl_n20_p1000_rho+0.4,jml,vi,jointly_stable,a_replicate_rmse,5,2.663073876210579,0.16754468820615662
2pl_n20_p1000_rho+0.4,jml,vi,jointly_stable,brier,5,0.01000023558655117,0.0008077454850137072
2pl_n20_p1000_rho+0.4,jml,vi,jointly_stable,logloss,5,0.11012146906798426,0.013617651321808522
2pl_n20_p1000_rho+0.4,tbaem_c,tbaem_d,all_returned,theta_replicate_rmse,5,-0.0019165184526286432,0.0025162911524100853
2pl_n20_p1000_rho+0.4,tbaem_c,tbaem_d,all_returned,b_replicate_rmse,5,-0.001839943468236216,0.0006837701487949517
2pl_n20_p1000_rho+0.4,tbaem_c,tbaem_d,all_returned,log_a_replicate_rmse,5,-0.010079184232820204,0.0009523144717651254
2pl_n20_p1000_rho+0.4,tbaem_c,tbaem_d,all_returned,a_replicate_rmse,5,-0.012456644213534717,0.0009906477299575246
2pl_n20_p1000_rho+0.4,tbaem_c,tbaem_d,all_returned,brier,5,-0.0002013511630906073,7.035631478771647e-05
2pl_n20_p1000_rho+0.4,tbaem_c,tbaem_d,all_returned,logloss,5,-0.0006891786038326408,0.00023032200061330174
2pl_n20_p1000_rho+0.4,tbaem_c,tbaem_d,jointly_stable,theta_replicate_rmse,5,-0.0019165184526286432,0.0025162911524100853
2pl_n20_p1000_rho+0.4,tbaem_c,tbaem_d,jointly_stable,b_replicate_rmse,5,-0.001839943468236216,0.0006837701487949517
2pl_n20_p1000_rho+0.4,tbaem_c,tbaem_d,jointly_stable,log_a_replicate_rmse,5,-0.010079184232820204,0.0009523144717651254
2pl_n20_p1000_rho+0.4,tbaem_c,tbaem_d,jointly_stable,a_replicate_rmse,5,-0.012456644213534717,0.0009906477299575246
2pl_n20_p1000_rho+0.4,tbaem_c,tbaem_d,jointly_stable,brier,5,-0.0002013511630906073,7.035631478771647e-05
2pl_n20_p1000_rho+0.4,tbaem_c,tbaem_d,jointly_stable,logloss,5,-0.0006891786038326408,0.00023032200061330174
2pl_n20_p1000_rho+0.4,tbaem_c,vi,all_returned,theta_replicate_rmse,5,-0.0054414804075542,0.004071039365269681
2pl_n20_p1000_rho+0.4,tbaem_c,vi,all_returned,b_replicate_rmse,5,-0.035611701093789014,0.002904394640391635
2pl_n20_p1000_rho+0.4,tbaem_c,vi,all_returned,log_a_replicate_rmse,5,-0.032933487671722994,0.0015218642285889285
2pl_n20_p1000_rho+0.4,tbaem_c,vi,all_returned,a_replicate_rmse,5,-0.03410654743106376,0.0023546630994160695
2pl_n20_p1000_rho+0.4,tbaem_c,vi,all_returned,brier,5,-0.0021879393453684837,0.000393289740933128
2pl_n20_p1000_rho+0.4,tbaem_c,vi,all_returned,logloss,5,-0.00963486996817282,0.0020021467749314474
2pl_n20_p1000_rho+0.4,tbaem_c,vi,jointly_stable,theta_replicate_rmse,5,-0.0054414804075542,0.004071039365269681
2pl_n20_p1000_rho+0.4,tbaem_c,vi,jointly_stable,b_replicate_rmse,5,-0.035611701093789014,0.002904394640391635
2pl_n20_p1000_rho+0.4,tbaem_c,vi,jointly_stable,log_a_replicate_rmse,5,-0.032933487671722994,0.0015218642285889285
2pl_n20_p1000_rho+0.4,tbaem_c,vi,jointly_stable,a_replicate_rmse,5,-0.03410654743106376,0.0023546630994160695
2pl_n20_p1000_rho+0.4,tbaem_c,vi,jointly_stable,brier,5,-0.0021879393453684837,0.000393289740933128
2pl_n20_p1000_rho+0.4,tbaem_c,vi,jointly_stable,logloss,5,-0.00963486996817282,0.0020021467749314474
2pl_n20_p1000_rho+0.4,tbaem_d,vi,all_returned,theta_replicate_rmse,5,-0.0035249619549255567,0.005675510573716548
2pl_n20_p1000_rho+0.4,tbaem_d,vi,all_returned,b_replicate_rmse,5,-0.033771757625552803,0.0026336929391511453
2pl_n20_p1000_rho+0.4,tbaem_d,vi,all_returned,log_a_replicate_rmse,5,-0.02285430343890279,0.0010189333648397564
2pl_n20_p1000_rho+0.4,tbaem_d,vi,all_returned,a_replicate_rmse,5,-0.02164990321752904,0.002101878392159053
2pl_n20_p1000_rho+0.4,tbaem_d,vi,all_returned,brier,5,-0.0019865881822778765,0.000359620786812068
2pl_n20_p1000_rho+0.4,tbaem_d,vi,all_returned,logloss,5,-0.00894569136434018,0.0018440682282447052
2pl_n20_p1000_rho+0.4,tbaem_d,vi,jointly_stable,theta_replicate_rmse,5,-0.0035249619549255567,0.005675510573716548
2pl_n20_p1000_rho+0.4,tbaem_d,vi,jointly_stable,b_replicate_rmse,5,-0.033771757625552803,0.0026336929391511453
2pl_n20_p1000_rho+0.4,tbaem_d,vi,jointly_stable,log_a_replicate_rmse,5,-0.02285430343890279,0.0010189333648397564
2pl_n20_p1000_rho+0.4,tbaem_d,vi,jointly_stable,a_replicate_rmse,5,-0.02164990321752904,0.002101878392159053
2pl_n20_p1000_rho+0.4,tbaem_d,vi,jointly_stable,brier,5,-0.0019865881822778765,0.000359620786812068
2pl_n20_p1000_rho+0.4,tbaem_d,vi,jointly_stable,logloss,5,-0.00894569136434018,0.0018440682282447052
2pl_n20_p1000_rho-0.4,jml,tbaem_c,all_returned,theta_replicate_rmse,5,0.09457821450101794,0.01612744010558645
2pl_n20_p1000_rho-0.4,jml,tbaem_c,all_returned,b_replicate_rmse,5,0.31639145750404996,0.01344217948283946
2pl_n20_p1000_rho-0.4,jml,tbaem_c,all_returned,log_a_replicate_rmse,5,0.44696740089082815,0.011692661116177188
2pl_n20_p1000_rho-0.4,jml,tbaem_c,all_returned,a_replicate_rmse,5,2.51495070384848,0.45053791184017544
2pl_n20_p1000_rho-0.4,jml,tbaem_c,all_returned,brier,5,0.01200258306939378,0.001189337513911364
2pl_n20_p1000_rho-0.4,jml,tbaem_c,all_returned,logloss,5,0.12012562837890524,0.008197545779046102
2pl_n20_p1000_rho-0.4,jml,tbaem_c,jointly_stable,theta_replicate_rmse,5,0.09457821450101794,0.01612744010558645
2pl_n20_p1000_rho-0.4,jml,tbaem_c,jointly_stable,b_replicate_rmse,5,0.31639145750404996,0.01344217948283946
2pl_n20_p1000_rho-0.4,jml,tbaem_c,jointly_stable,log_a_replicate_rmse,5,0.44696740089082815,0.011692661116177188
2pl_n20_p1000_rho-0.4,jml,tbaem_c,jointly_stable,a_replicate_rmse,5,2.51495070384848,0.45053791184017544
2pl_n20_p1000_rho-0.4,jml,tbaem_c,jointly_stable,brier,5,0.01200258306939378,0.001189337513911364
2pl_n20_p1000_rho-0.4,jml,tbaem_c,jointly_stable,logloss,5,0.12012562837890524,0.008197545779046102
2pl_n20_p1000_rho-0.4,jml,tbaem_d,all_returned,theta_replicate_rmse,5,0.09003310135735143,0.01538676549719314
2pl_n20_p1000_rho-0.4,jml,tbaem_d,all_returned,b_replicate_rmse,5,0.31470315320101594,0.013896011110780695
2pl_n20_p1000_rho-0.4,jml,tbaem_d,all_returned,log_a_replicate_rmse,5,0.43761254873428,0.011517810907522456
2pl_n20_p1000_rho-0.4,jml,tbaem_d,all_returned,a_replicate_rmse,5,2.5035552106408248,0.45129733456596277
2pl_n20_p1000_rho-0.4,jml,tbaem_d,all_returned,brier,5,0.011951805336321064,0.0011745018629282236
2pl_n20_p1000_rho-0.4,jml,tbaem_d,all_returned,logloss,5,0.11983642498777329,0.008199673066407422
2pl_n20_p1000_rho-0.4,jml,tbaem_d,jointly_stable,theta_replicate_rmse,5,0.09003310135735143,0.01538676549719314
2pl_n20_p1000_rho-0.4,jml,tbaem_d,jointly_stable,b_replicate_rmse,5,0.31470315320101594,0.013896011110780695
2pl_n20_p1000_rho-0.4,jml,tbaem_d,jointly_stable,log_a_replicate_rmse,5,0.43761254873428,0.011517810907522456
2pl_n20_p1000_rho-0.4,jml,tbaem_d,jointly_stable,a_replicate_rmse,5,2.5035552106408248,0.45129733456596277
2pl_n20_p1000_rho-0.4,jml,tbaem_d,jointly_stable,brier,5,0.011951805336321064,0.0011745018629282236
2pl_n20_p1000_rho-0.4,jml,tbaem_d,jointly_stable,logloss,5,0.11983642498777329,0.008199673066407422
2pl_n20_p1000_rho-0.4,jml,vi,all_returned,theta_replicate_rmse,5,0.086227188799372,0.013457575778347657
2pl_n20_p1000_rho-0.4,jml,vi,all_returned,b_replicate_rmse,5,0.27969246386136853,0.016262543272778162
2pl_n20_p1000_rho-0.4,jml,vi,all_returned,log_a_replicate_rmse,5,0.41679478312446,0.011952878436164851
2pl_n20_p1000_rho-0.4,jml,vi,all_returned,a_replicate_rmse,5,2.4832218284459198,0.45260975631259626
2pl_n20_p1000_rho-0.4,jml,vi,all_returned,brier,5,0.009865003177297837,0.0008142086841631458
2pl_n20_p1000_rho-0.4,jml,vi,all_returned,logloss,5,0.11193252144458107,0.008564484063116036
2pl_n20_p1000_rho-0.4,jml,vi,jointly_stable,theta_replicate_rmse,5,0.086227188799372,0.013457575778347657
2pl_n20_p1000_rho-0.4,jml,vi,jointly_stable,b_replicate_rmse,5,0.27969246386136853,0.016262543272778162
2pl_n20_p1000_rho-0.4,jml,vi,jointly_stable,log_a_replicate_rmse,5,0.41679478312446,0.011952878436164851
2pl_n20_p1000_rho-0.4,jml,vi,jointly_stable,a_replicate_rmse,5,2.4832218284459198,0.45260975631259626
2pl_n20_p1000_rho-0.4,jml,vi,jointly_stable,brier,5,0.009865003177297837,0.0008142086841631458
2pl_n20_p1000_rho-0.4,jml,vi,jointly_stable,logloss,5,0.11193252144458107,0.008564484063116036
2pl_n20_p1000_rho-0.4,tbaem_c,tbaem_d,all_returned,theta_replicate_rmse,5,-0.004545113143666504,0.0015719232155262338
2pl_n20_p1000_rho-0.4,tbaem_c,tbaem_d,all_returned,b_replicate_rmse,5,-0.0016883043030340161,0.0005185434814652999
2pl_n20_p1000_rho-0.4,tbaem_c,tbaem_d,all_returned,log_a_replicate_rmse,5,-0.009354852156548178,0.0010004745091048662
2pl_n20_p1000_rho-0.4,tbaem_c,tbaem_d,all_returned,a_replicate_rmse,5,-0.011395493207655238,0.0013179156444050742
2pl_n20_p1000_rho-0.4,tbaem_c,tbaem_d,all_returned,brier,5,-5.077773307271549e-05,3.755059770138009e-05
2pl_n20_p1000_rho-0.4,tbaem_c,tbaem_d,all_returned,logloss,5,-0.0002892033911319425,0.0001819052150878333
2pl_n20_p1000_rho-0.4,tbaem_c,tbaem_d,jointly_stable,theta_replicate_rmse,5,-0.004545113143666504,0.0015719232155262338
2pl_n20_p1000_rho-0.4,tbaem_c,tbaem_d,jointly_stable,b_replicate_rmse,5,-0.0016883043030340161,0.0005185434814652999
2pl_n20_p1000_rho-0.4,tbaem_c,tbaem_d,jointly_stable,log_a_replicate_rmse,5,-0.009354852156548178,0.0010004745091048662
2pl_n20_p1000_rho-0.4,tbaem_c,tbaem_d,jointly_stable,a_replicate_rmse,5,-0.011395493207655238,0.0013179156444050742
2pl_n20_p1000_rho-0.4,tbaem_c,tbaem_d,jointly_stable,brier,5,-5.077773307271549e-05,3.755059770138009e-05
2pl_n20_p1000_rho-0.4,tbaem_c,tbaem_d,jointly_stable,logloss,5,-0.0002892033911319425,0.0001819052150878333
2pl_n20_p1000_rho-0.4,tbaem_c,vi,all_returned,theta_replicate_rmse,5,-0.008351025701645953,0.0033701816475566423
2pl_n20_p1000_rho-0.4,tbaem_c,vi,all_returned,b_replicate_rmse,5,-0.03669899364268144,0.003310373010120919
2pl_n20_p1000_rho-0.4,tbaem_c,vi,all_returned,log_a_replicate_rmse,5,-0.03017261776636825,0.0019671358052061674
2pl_n20_p1000_rho-0.4,tbaem_c,vi,all_returned,a_replicate_rmse,5,-0.03172887540256022,0.003032310537123303
2pl_n20_p1000_rho-0.4,tbaem_c,vi,all_returned,brier,5,-0.002137579892095942,0.00045327394999306536
2pl_n20_p1000_rho-0.4,tbaem_c,vi,all_returned,logloss,5,-0.008193106934324157,0.0013517957128342296
2pl_n20_p1000_rho-0.4,tbaem_c,vi,jointly_stable,theta_replicate_rmse,5,-0.008351025701645953,0.0033701816475566423
2pl_n20_p1000_rho-0.4,tbaem_c,vi,jointly_stable,b_replicate_rmse,5,-0.03669899364268144,0.003310373010120919
2pl_n20_p1000_rho-0.4,tbaem_c,vi,jointly_stable,log_a_replicate_rmse,5,-0.03017261776636825,0.0019671358052061674
2pl_n20_p1000_rho-0.4,tbaem_c,vi,jointly_stable,a_replicate_rmse,5,-0.03172887540256022,0.003032310537123303
2pl_n20_p1000_rho-0.4,tbaem_c,vi,jointly_stable,brier,5,-0.002137579892095942,0.00045327394999306536
2pl_n20_p1000_rho-0.4,tbaem_c,vi,jointly_stable,logloss,5,-0.008193106934324157,0.0013517957128342296
2pl_n20_p1000_rho-0.4,tbaem_d,vi,all_returned,theta_replicate_rmse,5,-0.003805912557979449,0.0027132272665840343
2pl_n20_p1000_rho-0.4,tbaem_d,vi,all_returned,b_replicate_rmse,5,-0.035010689339647426,0.0028763542098465384
2pl_n20_p1000_rho-0.4,tbaem_d,vi,all_returned,log_a_replicate_rmse,5,-0.02081776560982007,0.001207808022486837
2pl_n20_p1000_rho-0.4,tbaem_d,vi,all_returned,a_replicate_rmse,5,-0.02033338219490498,0.0022640745386280138
2pl_n20_p1000_rho-0.4,tbaem_d,vi,all_returned,brier,5,-0.0020868021590232265,0.00043399985503288555
2pl_n20_p1000_rho-0.4,tbaem_d,vi,all_returned,logloss,5,-0.007903903543192214,0.0012431704847281782
2pl_n20_p1000_rho-0.4,tbaem_d,vi,jointly_stable,theta_replicate_rmse,5,-0.003805912557979449,0.0027132272665840343
2pl_n20_p1000_rho-0.4,tbaem_d,vi,jointly_stable,b_replicate_rmse,5,-0.035010689339647426,0.0028763542098465384
2pl_n20_p1000_rho-0.4,tbaem_d,vi,jointly_stable,log_a_replicate_rmse,5,-0.02081776560982007,0.001207808022486837
2pl_n20_p1000_rho-0.4,tbaem_d,vi,jointly_stable,a_replicate_rmse,5,-0.02033338219490498,0.0022640745386280138
2pl_n20_p1000_rho-0.4,tbaem_d,vi,jointly_stable,brier,5,-0.0020868021590232265,0.00043399985503288555
2pl_n20_p1000_rho-0.4,tbaem_d,vi,jointly_stable,logloss,5,-0.007903903543192214,0.0012431704847281782
