model,n_subjects,n_items,item_correlation,cell,method,cohort,attempted,planned,returned,brier_count,brier_mean,brier_mcse,brier_max,logloss_count,logloss_mean,logloss_mcse,logloss_max,elapsed_seconds_count,elapsed_seconds_mean,elapsed_seconds_mcse,elapsed_seconds_max,iterations_count,iterations_mean,iterations_mcse,iterations_max,theta_score_max_count,theta_score_max_mean,theta_score_max_mcse,theta_score_max_max,covariance_score_max_count,covariance_score_max_mean,covariance_score_max_mcse,covariance_score_max_max
1pl,100,10000,0.0,1pl_n100_p10000_rho+0.0,jml,all_returned,5,5,5,5,0.18985473111117135,0.0023443415164538526,0.19823934513459285,5,0.5601320587610653,0.00555111750651179,0.5799235550806123,5,7.394020083600026,0.33561678917503524,8.043292959000155,5,14.0,0.0,14,0,,,,0,,,
1pl,100,10000,0.0,1pl_n100_p10000_rho+0.0,jml,rule_stable,5,5,5,5,0.18985473111117135,0.0023443415164538526,0.19823934513459285,5,0.5601320587610653,0.00555111750651179,0.5799235550806123,5,7.394020083600026,0.33561678917503524,8.043292959000155,5,14.0,0.0,14,0,,,,0,,,
1pl,100,10000,0.0,1pl_n100_p10000_rho+0.0,tbaem_d,all_returned,5,5,5,5,0.18985426672636704,0.0023445983206256734,0.19823950207041063,5,0.560131414270899,0.00555197925084929,0.5799256786369592,5,37.514878991600014,1.0567523156172,41.283916957999736,5,24.0,0.0,24,5,0.00012401422460718022,5.294545233328855e-05,0.00032562254734867487,5,4.167159604601898e-06,1.261836829347808e-06,6.706166574845967e-06
1pl,100,10000,0.0,1pl_n100_p10000_rho+0.0,tbaem_d,rule_stable,5,5,5,5,0.18985426672636704,0.0023445983206256734,0.19823950207041063,5,0.560131414270899,0.00555197925084929,0.5799256786369592,5,37.514878991600014,1.0567523156172,41.283916957999736,5,24.0,0.0,24,5,0.00012401422460718022,5.294545233328855e-05,0.00032562254734867487,5,4.167159604601898e-06,1.261836829347808e-06,6.706166574845967e-06
1pl,100,10000,0.0,1pl_n100_p10000_rho+0.0,vi,all_returned,5,5,5,5,0.18996728736216556,0.002356739729640881,0.19838886507893555,5,0.5605171108039002,0.005588232107827765,0.5804457973536081,5,86.06574571660022,2.6796666891554675,96.66447691600024,5,3800.0,0.0,3800,0,,,,0,,,
1pl,100,10000,0.0,1pl_n100_p10000_rho+0.0,vi,rule_stable,5,5,5,5,0.18996728736216556,0.002356739729640881,0.19838886507893555,5,0.5605171108039002,0.005588232107827765,0.5804457973536081,5,86.06574571660022,2.6796666891554675,96.66447691600024,5,3800.0,0.0,3800,0,,,,0,,,
1pl,100,1000,0.0,1pl_n100_p1000_rho+0.0,jml,all_returned,5,5,5,5,0.19305499680748722,0.002316849784423388,0.1978794596506939,5,0.5680700907813954,0.0054871645467922964,0.5793225077255872,5,0.2536067082000045,0.009479561358899134,0.2906306670001868,5,14.0,0.0,14,0,,,,0,,,
1pl,100,1000,0.0,1pl_n100_p1000_rho+0.0,jml,rule_stable,5,5,5,5,0.19305499680748722,0.002316849784423388,0.1978794596506939,5,0.5680700907813954,0.0054871645467922964,0.5793225077255872,5,0.2536067082000045,0.009479561358899134,0.2906306670001868,5,14.0,0.0,14,0,,,,0,,,
1pl,100,1000,0.0,1pl_n100_p1000_rho+0.0,tbaem_d,all_returned,5,5,5,5,0.19308338657931687,0.0023081604209545204,0.19788824842432165,5,0.5681943318080419,0.005429613104503312,0.5793304848325386,5,3.83531188320012,0.2570313095416258,4.817748541000128,5,24.0,0.0,24,5,0.00010570262106218933,2.437489046139507e-05,0.00016348344812514817,5,3.0084322909812465e-06,1.4695654738014305e-06,8.78430845753264e-06
1pl,100,1000,0.0,1pl_n100_p1000_rho+0.0,tbaem_d,rule_stable,5,5,5,5,0.19308338657931687,0.0023081604209545204,0.19788824842432165,5,0.5681943318080419,0.005429613104503312,0.5793304848325386,5,3.83531188320012,0.2570313095416258,4.817748541000128,5,24.0,0.0,24,5,0.00010570262106218933,2.437489046139507e-05,0.00016348344812514817,5,3.0084322909812465e-06,1.4695654738014305e-06,8.78430845753264e-06
1pl,100,1000,0.0,1pl_n100_p1000_rho+0.0,vi,all_returned,5,5,5,5,0.1931432070918931,0.002331412308532336,0.1979612643388702,5,0.5685484926334934,0.005514034407716295,0.5797864008559968,5,10.721900691799965,0.16586927949142208,11.361083624999992,5,3820.0,20.0,3900,0,,,,0,,,
1pl,100,1000,0.0,1pl_n100_p1000_rho+0.0,vi,rule_stable,5,5,5,5,0.1931432070918931,0.002331412308532336,0.1979612643388702,5,0.5685484926334934,0.005514034407716295,0.5797864008559968,5,10.721900691799965,0.16586927949142208,11.361083624999992,5,3820.0,20.0,3900,0,,,,0,,,
1pl,20,10000,0.0,1pl_n20_p10000_rho+0.0,jml,all_returned,5,5,5,5,0.20174186986743906,0.0035249503258215466,0.2088608626286824,5,0.5891759756126934,0.008510347460514182,0.6067258244980706,5,2.5405411748000004,0.13192176601086286,2.7461170840001614,5,17.8,1.4966629547095764,23,0,,,,0,,,
1pl,20,10000,0.0,1pl_n20_p10000_rho+0.0,jml,rule_stable,5,5,5,5,0.20174186986743906,0.0035249503258215466,0.2088608626286824,5,0.5891759756126934,0.008510347460514182,0.6067258244980706,5,2.5405411748000004,0.13192176601086286,2.7461170840001614,5,17.8,1.4966629547095764,23,0,,,,0,,,
1pl,20,10000,0.0,1pl_n20_p10000_rho+0.0,tbaem_d,all_returned,5,5,5,5,0.1997359577597268,0.0035569146811907826,0.2069271348920219,5,0.5833702933609276,0.00854643229887016,0.6007483001466478,5,20.1668989417999,0.8736963898373225,23.167255082999873,5,34.4,0.6,35,5,0.000655275616923367,0.00022332586489461444,0.0014514430456400269,5,9.256294677287429e-05,9.213185319776733e-06,0.00010747048589622194
1pl,20,10000,0.0,1pl_n20_p10000_rho+0.0,tbaem_d,rule_stable,5,5,5,5,0.1997359577597268,0.0035569146811907826,0.2069271348920219,5,0.5833702933609276,0.00854643229887016,0.6007483001466478,5,20.1668989417999,0.8736963898373225,23.167255082999873,5,34.4,0.6,35,5,0.000655275616923367,0.00022332586489461444,0.0014514430456400269,5,9.256294677287429e-05,9.213185319776733e-06,0.00010747048589622194
1pl,20,10000,0.0,1pl_n20_p10000_rho+0.0,vi,all_returned,5,5,5,5,0.2019471340458324,0.0035522632498858142,0.20912109052208472,5,0.5900889569334757,0.00856253035785183,0.6077884690704748,5,20.15414570819994,0.4898393417599479,21.83654424999986,5,3800.0,0.0,3800,0,,,,0,,,
1pl,20,10000,0.0,1pl_n20_p10000_rho+0.0,vi,rule_stable,5,5,5,5,0.2019471340458324,0.0035522632498858142,0.20912109052208472,5,0.5900889569334757,0.00856253035785183,0.6077884690704748,5,20.15414570819994,0.4898393417599479,21.83654424999986,5,3800.0,0.0,3800,0,,,,0,,,
1pl,20,1000,0.0,1pl_n20_p1000_rho+0.0,jml,all_returned,5,5,5,5,0.19660084941813213,0.002141317648415169,0.20327225655760225,5,0.5762783857541025,0.004420197016061078,0.5900938338438765,5,1.3027425585999481,1.1034111144339143,5.716273083000033,5,14.0,0.0,14,0,,,,0,,,
1pl,20,1000,0.0,1pl_n20_p1000_rho+0.0,jml,rule_stable,5,5,5,5,0.19660084941813213,0.002141317648415169,0.20327225655760225,5,0.5762783857541025,0.004420197016061078,0.5900938338438765,5,1.3027425585999481,1.1034111144339143,5.716273083000033,5,14.0,0.0,14,0,,,,0,,,
1pl,20,1000,0.0,1pl_n20_p1000_rho+0.0,tbaem_d,all_returned,5,5,5,5,0.19446275784425354,0.0020986457765272983,0.20104985172652876,5,0.5700707653884018,0.004578737883599813,0.5846009146532621,5,2.7199396084,0.0816951549147622,3.039815207999709,5,35.2,0.6633249580710798,37,5,0.0009112312501977374,0.00017786510601963955,0.0014276205582020656,5,8.812374012255513e-05,1.2156175010705874e-05,0.000134257011460474
1pl,20,1000,0.0,1pl_n20_p1000_rho+0.0,tbaem_d,rule_stable,5,5,5,5,0.19446275784425354,0.0020986457765272983,0.20104985172652876,5,0.5700707653884018,0.004578737883599813,0.5846009146532621,5,2.7199396084,0.0816951549147622,3.039815207999709,5,35.2,0.6633249580710798,37,5,0.0009112312501977374,0.00017786510601963955,0.0014276205582020656,5,8.812374012255513e-05,1.2156175010705874e-05,0.000134257011460474
1pl,20,1000,0.0,1pl_n20_p1000_rho+0.0,vi,all_returned,5,5,5,5,0.1967357103619655,0.0021616391598896245,0.20344491890172084,5,0.5769284779342749,0.004485653783041293,0.590781242159342,5,7.274385508400064,0.2115196834394364,7.782705417000216,5,3860.0,40.0,4000,0,,,,0,,,
1pl,20,1000,0.0,1pl_n20_p1000_rho+0.0,vi,rule_stable,5,5,5,5,0.1967357103619655,0.0021616391598896245,0.20344491890172084,5,0.5769284779342749,0.004485653783041293,0.590781242159342,5,7.274385508400064,0.2115196834394364,7.782705417000216,5,3860.0,40.0,4000,0,,,,0,,,
2pl,100,10000,-0.4,2pl_n100_p10000_rho-0.4,jml,all_returned,4,5,4,4,0.19003133938788402,0.0016887489303660582,0.19502365338712582,4,0.5594061876641292,0.0039499833122283255,0.5711915029657815,4,33.41748985425011,2.6723606952993184,40.84100820800086,4,31.0,6.096447052723961,49,0,,,,0,,,
2pl,100,10000,-0.4,2pl_n100_p10000_rho-0.4,jml,rule_stable,4,5,4,4,0.19003133938788402,0.0016887489303660582,0.19502365338712582,4,0.5594061876641292,0.0039499833122283255,0.5711915029657815,4,33.41748985425011,2.6723606952993184,40.84100820800086,4,31.0,6.096447052723961,49,0,,,,0,,,
2pl,100,10000,-0.4,2pl_n100_p10000_rho-0.4,tbaem_c,all_returned,4,5,4,4,0.1893769263431607,0.0016816531555005692,0.19431574904392204,4,0.5568012833016909,0.003944140107800187,0.568491914397809,4,55.26854522924941,4.1608721891056115,67.52075195799989,4,29.75,2.5617376914898995,37,4,0.013071227059184978,0.0010292701766281584,0.01612645042284582,4,0.14112150989878672,0.012514983203556292,0.17856138427523569
2pl,100,10000,-0.4,2pl_n100_p10000_rho-0.4,tbaem_c,rule_stable,4,5,4,4,0.1893769263431607,0.0016816531555005692,0.19431574904392204,4,0.5568012833016909,0.003944140107800187,0.568491914397809,4,55.26854522924941,4.1608721891056115,67.52075195799989,4,29.75,2.5617376914898995,37,4,0.013071227059184978,0.0010292701766281584,0.01612645042284582,4,0.14112150989878672,0.012514983203556292,0.17856138427523569
2pl,100,10000,-0.4,2pl_n100_p10000_rho-0.4,tbaem_d,all_returned,4,5,4,4,0.18944414556424327,0.0016754247843105761,0.19436624955626267,4,0.5570483526840374,0.003912974015472048,0.5686483004537918,4,50.13220911474991,2.0340831316530386,55.233814958999574,4,27.0,1.7795130420052185,32,4,0.01515987828044177,0.0013357600531520792,0.0191041205770605,4,0.12862392549852092,0.012665754879538338,0.16656974024762147
2pl,100,10000,-0.4,2pl_n100_p10000_rho-0.4,tbaem_d,rule_stable,4,5,4,4,0.18944414556424327,0.0016754247843105761,0.19436624955626267,4,0.5570483526840374,0.003912974015472048,0.5686483004537918,4,50.13220911474991,2.0340831316530386,55.233814958999574,4,27.0,1.7795130420052185,32,4,0.01515987828044177,0.0013357600531520792,0.0191041205770605,4,0.12862392549852092,0.012665754879538338,0.16656974024762147
2pl,100,10000,-0.4,2pl_n100_p10000_rho-0.4,vi,all_returned,4,5,4,4,0.1895821185973391,0.0016775333949818844,0.1945258020529621,4,0.5576425930536247,0.003911291545488011,0.5692790352085809,4,101.66517780225058,0.4913536642476196,103.09595720900143,4,3800.0,0.0,3800,0,,,,0,,,
2pl,100,10000,-0.4,2pl_n100_p10000_rho-0.4,vi,rule_stable,4,5,4,4,0.1895821185973391,0.0016775333949818844,0.1945258020529621,4,0.5576425930536247,0.003911291545488011,0.5692790352085809,4,101.66517780225058,0.4913536642476196,103.09595720900143,4,3800.0,0.0,3800,0,,,,0,,,
2pl,100,1000,0.0,2pl_n100_p1000_rho+0.0,jml,all_returned,5,5,5,5,0.18810872990349067,0.0023264513684441365,0.19550670050922891,5,0.5553737106795029,0.005630194966378335,0.5732022820266452,5,5.989780908600006,1.4026481005309173,9.09806958399895,5,14.0,0.0,14,0,,,,0,,,
2pl,100,1000,0.0,2pl_n100_p1000_rho+0.0,jml,rule_stable,5,5,5,5,0.18810872990349067,0.0023264513684441365,0.19550670050922891,5,0.5553737106795029,0.005630194966378335,0.5732022820266452,5,5.989780908600006,1.4026481005309173,9.09806958399895,5,14.0,0.0,14,0,,,,0,,,
2pl,100,1000,0.0,2pl_n100_p1000_rho+0.0,tbaem_c,all_returned,5,5,5,5,0.187588444022242,0.0023133723530376032,0.19495142995735604,5,0.5530369624790558,0.005535819439425856,0.5705768219002152,5,4.762498716599657,0.32569438977484505,5.96373633300027,5,25.2,0.7348469228349533,27,5,0.013544366651051085,0.0005075384522208662,0.015196099374525228,5,0.11976106738664818,0.006606463711653375,0.1384010557056058
2pl,100,1000,0.0,2pl_n100_p1000_rho+0.0,tbaem_c,rule_stable,5,5,5,5,0.187588444022242,0.0023133723530376032,0.19495142995735604,5,0.5530369624790558,0.005535819439425856,0.5705768219002152,5,4.762498716599657,0.32569438977484505,5.96373633300027,5,25.2,0.7348469228349533,27,5,0.013544366651051085,0.0005075384522208662,0.015196099374525228,5,0.11976106738664818,0.006606463711653375,0.1384010557056058
2pl,100,1000,0.0,2pl_n100_p1000_rho+0.0,tbaem_d,all_returned,5,5,5,5,0.18759201541599713,0.0023121337788578715,0.19494607509238537,5,0.5530573761251466,0.005532261899601358,0.570574039638494,5,5.967588991600133,0.20974936260847057,6.375980791999609,5,25.4,0.8717797887081347,28,5,0.01355590686678788,0.000538303647073922,0.015433455691543254,5,0.11940487508048037,0.006820884791846556,0.13886947250422696
2pl,100,1000,0.0,2pl_n100_p1000_rho+0.0,tbaem_d,rule_stable,5,5,5,5,0.18759201541599713,0.0023121337788578715,0.19494607509238537,5,0.5530573761251466,0.005532261899601358,0.570574039638494,5,5.967588991600133,0.20974936260847057,6.375980791999609,5,25.4,0.8717797887081347,28,5,0.01355590686678788,0.000538303647073922,0.015433455691543254,5,0.11940487508048037,0.006820884791846556,0.13886947250422696
2pl,100,1000,0.0,2pl_n100_p1000_rho+0.0,vi,all_returned,5,5,5,5,0.18766927497485658,0.002299147899989418,0.19499196734222624,5,0.5535146661215155,0.005537823938442491,0.5710949675488775,5,13.890264608200232,0.18320063802890638,14.401031084000351,5,3820.0,20.0,3900,0,,,,0,,,
2pl,100,1000,0.0,2pl_n100_p1000_rho+0.0,vi,rule_stable,5,5,5,5,0.18766927497485658,0.002299147899989418,0.19499196734222624,5,0.5535146661215155,0.005537823938442491,0.5710949675488775,5,13.890264608200232,0.18320063802890638,14.401031084000351,5,3820.0,20.0,3900,0,,,,0,,,
2pl,100,1000,0.4,2pl_n100_p1000_rho+0.4,jml,all_returned,5,5,5,5,0.1860592233415478,0.0008180439145181918,0.18816862318934535,5,0.5499777179661782,0.0014624355154563254,0.5536472197745679,5,6.545575658400049,0.6010695462989707,8.909017292000499,5,14.0,0.0,14,0,,,,0,,,
2pl,100,1000,0.4,2pl_n100_p1000_rho+0.4,jml,rule_stable,5,5,5,5,0.1860592233415478,0.0008180439145181918,0.18816862318934535,5,0.5499777179661782,0.0014624355154563254,0.5536472197745679,5,6.545575658400049,0.6010695462989707,8.909017292000499,5,14.0,0.0,14,0,,,,0,,,
2pl,100,1000,0.4,2pl_n100_p1000_rho+0.4,tbaem_c,all_returned,5,5,5,5,0.1853689408899565,0.0007527244930760787,0.18714415308614696,5,0.5472171807786455,0.0014422446603546085,0.5504632333165684,5,5.603652316599982,0.5714522421000879,7.731133500001306,5,26.2,0.7999999999999999,28,5,0.012187795794668874,0.0003658033548458938,0.013629640814186786,5,0.12466981086528846,0.006899548417889417,0.13526424780167876
2pl,100,1000,0.4,2pl_n100_p1000_rho+0.4,tbaem_c,rule_stable,5,5,5,5,0.1853689408899565,0.0007527244930760787,0.18714415308614696,5,0.5472171807786455,0.0014422446603546085,0.5504632333165684,5,5.603652316599982,0.5714522421000879,7.731133500001306,5,26.2,0.7999999999999999,28,5,0.012187795794668874,0.0003658033548458938,0.013629640814186786,5,0.12466981086528846,0.006899548417889417,0.13526424780167876
2pl,100,1000,0.4,2pl_n100_p1000_rho+0.4,tbaem_d,all_returned,5,5,5,5,0.18542970856656354,0.0007617957046200279,0.18725520393060768,5,0.5474150561042168,0.0014791777276472254,0.550818107830731,5,6.301976674999969,0.4472603540695425,8.012768874999892,5,24.2,0.19999999999999998,25,5,0.013735351298676618,0.0006303552344828273,0.015869238988942058,5,0.11421124524942103,0.006364578225751236,0.12318600814314055
2pl,100,1000,0.4,2pl_n100_p1000_rho+0.4,tbaem_d,rule_stable,5,5,5,5,0.18542970856656354,0.0007617957046200279,0.18725520393060768,5,0.5474150561042168,0.0014791777276472254,0.550818107830731,5,6.301976674999969,0.4472603540695425,8.012768874999892,5,24.2,0.19999999999999998,25,5,0.013735351298676618,0.0006303552344828273,0.015869238988942058,5,0.11421124524942103,0.006364578225751236,0.12318600814314055
2pl,100,1000,0.4,2pl_n100_p1000_rho+0.4,vi,all_returned,5,5,5,5,0.18560472323646163,0.0007743099463341757,0.18750573374523402,5,0.5480500906870054,0.0014289826584106531,0.5514940619426367,5,15.119810916799906,0.7107434463274822,17.36314508400028,5,3800.0,0.0,3800,0,,,,0,,,
2pl,100,1000,0.4,2pl_n100_p1000_rho+0.4,vi,rule_stable,5,5,5,5,0.18560472323646163,0.0007743099463341757,0.18750573374523402,5,0.5480500906870054,0.0014289826584106531,0.5514940619426367,5,15.119810916799906,0.7107434463274822,17.36314508400028,5,3800.0,0.0,3800,0,,,,0,,,
2pl,100,1000,-0.4,2pl_n100_p1000_rho-0.4,jml,all_returned,5,5,5,5,0.1922463816480074,0.001263782356581629,0.1950735930494511,5,0.5648449082765163,0.003313395741168725,0.5725738706661863,5,1.590979733200038,0.52887659213103,3.679045374999987,5,14.0,0.0,14,0,,,,0,,,
2pl,100,1000,-0.4,2pl_n100_p1000_rho-0.4,jml,rule_stable,5,5,5,5,0.1922463816480074,0.001263782356581629,0.1950735930494511,5,0.5648449082765163,0.003313395741168725,0.5725738706661863,5,1.590979733200038,0.52887659213103,3.679045374999987,5,14.0,0.0,14,0,,,,0,,,
2pl,100,1000,-0.4,2pl_n100_p1000_rho-0.4,tbaem_c,all_returned,5,5,5,5,0.1915591980172437,0.0013109818070594483,0.1941261575032986,5,0.5623475587027973,0.003406293858756322,0.569029688466967,5,6.031165933600096,0.2621167429243834,6.712555834000341,5,30.0,1.4491376746189437,34,5,0.013144585341251926,0.000336927222394694,0.014171773132303776,5,0.14471424230882662,0.006512367778219565,0.16514999835691066
2pl,100,1000,-0.4,2pl_n100_p1000_rho-0.4,tbaem_c,rule_stable,5,5,5,5,0.1915591980172437,0.0013109818070594483,0.1941261575032986,5,0.5623475587027973,0.003406293858756322,0.569029688466967,5,6.031165933600096,0.2621167429243834,6.712555834000341,5,30.0,1.4491376746189437,34,5,0.013144585341251926,0.000336927222394694,0.014171773132303776,5,0.14471424230882662,0.006512367778219565,0.16514999835691066
2pl,100,1000,-0.4,2pl_n100_p1000_rho-0.4,tbaem_d,all_returned,5,5,5,5,0.19162931711618403,0.0013132645213798902,0.19421013965812026,5,0.5626162897610797,0.0033758732300773124,0.5693052332332478,5,5.604470933200173,0.4261049936588156,7.146218040999884,5,26.6,1.0770329614269007,30,5,0.014812353774974354,0.000583594507689239,0.01633380384654783,5,0.13068541355227228,0.006479669273986807,0.15256449078382875
2pl,100,1000,-0.4,2pl_n100_p1000_rho-0.4,tbaem_d,rule_stable,5,5,5,5,0.19162931711618403,0.0013132645213798902,0.19421013965812026,5,0.5626162897610797,0.0033758732300773124,0.5693052332332478,5,5.604470933200173,0.4261049936588156,7.146218040999884,5,26.6,1.0770329614269007,30,5,0.014812353774974354,0.000583594507689239,0.01633380384654783,5,0.13068541355227228,0.006479669273986807,0.15256449078382875
2pl,100,1000,-0.4,2pl_n100_p1000_rho-0.4,vi,all_returned,5,5,5,5,0.19175260944435996,0.0012631736596590566,0.19444280632690844,5,0.5630521907721767,0.0032957426911071125,0.5702770809430157,5,13.490434508400176,0.13899709963462703,13.936295584000618,5,3840.0,24.49489742783178,3900,0,,,,0,,,
2pl,100,1000,-0.4,2pl_n100_p1000_rho-0.4,vi,rule_stable,5,5,5,5,0.19175260944435996,0.0012631736596590566,0.19444280632690844,5,0.5630521907721767,0.0032957426911071125,0.5702770809430157,5,13.490434508400176,0.13899709963462703,13.936295584000618,5,3840.0,24.49489742783178,3900,0,,,,0,,,
2pl,20,10000,0.0,2pl_n20_p10000_rho+0.0,jml,all_returned,5,5,5,5,0.20607672646662642,0.002560590877865858,0.2105338224427883,5,0.6897314810461241,0.007775573586601041,0.7096558613519867,5,45.17902535020003,3.356270767429126,52.72547674999987,5,300.0,0.0,300,0,,,,0,,,
2pl,20,10000,0.0,2pl_n20_p10000_rho+0.0,tbaem_c,all_returned,5,5,5,5,0.19471121362201224,0.002695797718045498,0.2004476595722884,5,0.5712892942934289,0.006295343290510707,0.5837880337960308,5,87.69453067480008,5.5485371980170255,108.17794891599988,5,120.8,3.215587038162705,127,5,0.01681769365852003,0.0005975553382069218,0.01820783632019155,5,0.1332698571969207,0.006633318861476647,0.14669455732485065
2pl,20,10000,0.0,2pl_n20_p10000_rho+0.0,tbaem_c,rule_stable,5,5,5,5,0.19471121362201224,0.002695797718045498,0.2004476595722884,5,0.5712892942934289,0.006295343290510707,0.5837880337960308,5,87.69453067480008,5.5485371980170255,108.17794891599988,5,120.8,3.215587038162705,127,5,0.01681769365852003,0.0005975553382069218,0.01820783632019155,5,0.1332698571969207,0.006633318861476647,0.14669455732485065
2pl,20,10000,0.0,2pl_n20_p10000_rho+0.0,tbaem_d,all_returned,5,5,5,5,0.19470448581615732,0.002700656081178608,0.20044920512891426,5,0.5712741704061578,0.00630661015806618,0.5837930292602118,5,88.23160408320018,2.9749488529718042,97.64531075000014,5,120.6,2.8913664589601917,127,5,0.01630128569619415,0.0006391489488934884,0.017895795749357922,5,0.13348633747317715,0.006505013245719724,0.14656659175144152
2pl,20,10000,0.0,2pl_n20_p10000_rho+0.0,tbaem_d,rule_stable,5,5,5,5,0.19470448581615732,0.002700656081178608,0.20044920512891426,5,0.5712741704061578,0.00630661015806618,0.5837930292602118,5,88.23160408320018,2.9749488529718042,97.64531075000014,5,120.6,2.8913664589601917,127,5,0.01630128569619415,0.0006391489488934884,0.017895795749357922,5,0.13348633747317715,0.006505013245719724,0.14656659175144152
2pl,20,10000,0.0,2pl_n20_p10000_rho+0.0,vi,all_returned,5,5,5,5,0.19647207298796882,0.0026378840290660205,0.20163656169683353,5,0.5787356291202772,0.005965963641287453,0.589609031479401,5,28.711370849799824,2.177389128645423,37.21129275000021,5,3840.0,40.0,4000,0,,,,0,,,
2pl,20,10000,0.0,2pl_n20_p10000_rho+0.0,vi,rule_stable,5,5,5,5,0.19647207298796882,0.0026378840290660205,0.20163656169683353,5,0.5787356291202772,0.005965963641287453,0.589609031479401,5,28.711370849799824,2.177389128645423,37.21129275000021,5,3840.0,40.0,4000,0,,,,0,,,
2pl,20,10000,0.4,2pl_n20_p10000_rho+0.4,jml,all_returned,5,5,5,5,0.20410768661951129,0.000682625577684856,0.20525797450589334,5,0.6750807481041685,0.004788741993716118,0.6878400739509593,5,41.45305220860009,7.935651963744816,72.14217420800014,5,187.6,28.838515911884233,300,0,,,,0,,,
2pl,20,10000,0.4,2pl_n20_p10000_rho+0.4,jml,rule_stable,5,5,4,4,0.20382011464791575,0.0007992496902952721,0.20523021660637278,4,0.6726905886218963,0.005357111711187361,0.6878400739509593,4,33.78077170875008,2.617468249189219,40.88822008399984,4,159.5,8.371578903249572,178,0,,,,0,,,
2pl,20,10000,0.4,2pl_n20_p10000_rho+0.4,tbaem_c,all_returned,5,5,5,5,0.1930477736221307,0.0008268938990846805,0.19444013441629182,5,0.5675882293202873,0.0019179183526745669,0.5712017944027785,5,89.54976601619983,1.0311309928666041,93.50710312499996,5,129.4,1.0770329614269007,132,5,0.018094757869903243,0.0019013829773862302,0.024038476696988272,5,0.13426405897528854,0.0017632392272012194,0.1397290856430502
2pl,20,10000,0.4,2pl_n20_p10000_rho+0.4,tbaem_c,rule_stable,5,5,5,5,0.1930477736221307,0.0008268938990846805,0.19444013441629182,5,0.5675882293202873,0.0019179183526745669,0.5712017944027785,5,89.54976601619983,1.0311309928666041,93.50710312499996,5,129.4,1.0770329614269007,132,5,0.018094757869903243,0.0019013829773862302,0.024038476696988272,5,0.13426405897528854,0.0017632392272012194,0.1397290856430502
2pl,20,10000,0.4,2pl_n20_p10000_rho+0.4,tbaem_d,all_returned,5,5,5,5,0.1931306984489973,0.0008461411233736574,0.1945869030473541,5,0.567894449552399,0.0020180392099084722,0.5716584072639077,5,88.85727089140019,6.6677925813401195,114.46548220800014,5,120.8,3.9166312055132275,131,5,0.017565420375340673,0.0014953074275058727,0.023425858931333057,5,0.13443720163020095,0.0017639919301270094,0.13914022854855204
2pl,20,10000,0.4,2pl_n20_p10000_rho+0.4,tbaem_d,rule_stable,5,5,5,5,0.1931306984489973,0.0008461411233736574,0.1945869030473541,5,0.567894449552399,0.0020180392099084722,0.5716584072639077,5,88.85727089140019,6.6677925813401195,114.46548220800014,5,120.8,3.9166312055132275,131,5,0.017565420375340673,0.0014953074275058727,0.023425858931333057,5,0.13443720163020095,0.0017639919301270094,0.13914022854855204
2pl,20,10000,0.4,2pl_n20_p10000_rho+0.4,vi,all_returned,5,5,5,5,0.19489803972235253,0.0008200444460201041,0.19646630663353054,5,0.575434703167108,0.0020488705999398104,0.5802230754205986,5,27.90845787520011,0.9588597492674662,30.941138459000285,5,3820.0,20.0,3900,0,,,,0,,,
2pl,20,10000,0.4,2pl_n20_p10000_rho+0.4,vi,rule_stable,5,5,5,5,0.19489803972235253,0.0008200444460201041,0.19646630663353054,5,0.575434703167108,0.0020488705999398104,0.5802230754205986,5,27.90845787520011,0.9588597492674662,30.941138459000285,5,3820.0,20.0,3900,0,,,,0,,,
2pl,20,10000,-0.4,2pl_n20_p10000_rho-0.4,jml,all_returned,5,5,5,5,0.2091747182066023,0.001715902498906289,0.21556328253410956,5,0.6909908144409549,0.003602732280163337,0.7039519505351334,5,42.43198981679998,3.2927953709564908,52.181498042000385,5,272.6,27.4,300,0,,,,0,,,
2pl,20,10000,-0.4,2pl_n20_p10000_rho-0.4,jml,rule_stable,5,5,1,1,0.2097244074725029,,0.2097244074725029,1,0.6935399780407039,,0.6935399780407039,1,32.9819063749992,,32.9819063749992,1,163.0,,163,0,,,,0,,,
2pl,20,10000,-0.4,2pl_n20_p10000_rho-0.4,tbaem_c,all_returned,5,5,5,5,0.19810414207278906,0.001906104381152434,0.2055265497768085,5,0.5795284964337386,0.004535063133822997,0.597034845289141,5,93.39231038299985,4.531452481094908,104.62271370800045,5,132.8,4.779121258139408,143,5,0.02004957615531161,0.0021377014608037342,0.027391927670992997,5,0.13681804554087107,0.005328429435053347,0.15378511434087375
2pl,20,10000,-0.4,2pl_n20_p10000_rho-0.4,tbaem_c,rule_stable,5,5,5,5,0.19810414207278906,0.001906104381152434,0.2055265497768085,5,0.5795284964337386,0.004535063133822997,0.597034845289141,5,93.39231038299985,4.531452481094908,104.62271370800045,5,132.8,4.779121258139408,143,5,0.02004957615531161,0.0021377014608037342,0.027391927670992997,5,0.13681804554087107,0.005328429435053347,0.15378511434087375
2pl,20,10000,-0.4,2pl_n20_p10000_rho-0.4,tbaem_d,all_returned,5,5,5,5,0.19824324884243186,0.0018919319738074142,0.20560634015202722,5,0.5801485874320416,0.0045010778866566205,0.5975315438735497,5,88.02797576659978,4.7867295724714936,103.35849249999956,5,124.0,5.319774431308154,139,5,0.016560307266989087,0.0012248706860361507,0.020499216644498837,5,0.135733897960157,0.0048107371323868105,0.1490156819226667
2pl,20,10000,-0.4,2pl_n20_p10000_rho-0.4,tbaem_d,rule_stable,5,5,5,5,0.19824324884243186,0.0018919319738074142,0.20560634015202722,5,0.5801485874320416,0.0045010778866566205,0.5975315438735497,5,88.02797576659978,4.7867295724714936,103.35849249999956,5,124.0,5.319774431308154,139,5,0.016560307266989087,0.0012248706860361507,0.020499216644498837,5,0.135733897960157,0.0048107371323868105,0.1490156819226667
2pl,20,10000,-0.4,2pl_n20_p10000_rho-0.4,vi,all_returned,5,5,5,5,0.20002724194183052,0.0018283857815887647,0.20704049075573322,5,0.5882194580733319,0.004151328751496164,0.6039697265955735,5,28.0176409832,0.6652511210095099,29.63245850000021,5,3800.0,0.0,3800,0,,,,0,,,
2pl,20,10000,-0.4,2pl_n20_p10000_rho-0.4,vi,rule_stable,5,5,5,5,0.20002724194183052,0.0018283857815887647,0.20704049075573322,5,0.5882194580733319,0.004151328751496164,0.6039697265955735,5,28.0176409832,0.6652511210095099,29.63245850000021,5,3800.0,0.0,3800,0,,,,0,,,
2pl,20,1000,0.0,2pl_n20_p1000_rho+0.0,jml,all_returned,5,5,5,5,0.20280731103726907,0.004007861081085515,0.2121480687223887,5,0.6725673079092058,0.0072608525131421615,0.6898773161913843,5,1.2719653170003766,0.12673463576654936,1.747714334000193,5,40.0,3.7682887362833544,53,0,,,,0,,,
2pl,20,1000,0.0,2pl_n20_p1000_rho+0.0,jml,rule_stable,5,5,5,5,0.20280731103726907,0.004007861081085515,0.2121480687223887,5,0.6725673079092058,0.0072608525131421615,0.6898773161913843,5,1.2719653170003766,0.12673463576654936,1.747714334000193,5,40.0,3.7682887362833544,53,0,,,,0,,,
2pl,20,1000,0.0,2pl_n20_p1000_rho+0.0,tbaem_c,all_returned,5,5,5,5,0.19231375291828634,0.0038983434664624354,0.20226290021724797,5,0.5654396957062715,0.009447748652340403,0.5890841510278485,5,7.468302016800226,0.4571490296765218,9.039024750000408,5,106.2,6.858571279792899,130,5,0.019855288224598786,0.0014877031958121017,0.02308494203731447,5,0.12104228647303669,0.00855472065619498,0.14983793407847026
2pl,20,1000,0.0,2pl_n20_p1000_rho+0.0,tbaem_c,rule_stable,5,5,5,5,0.19231375291828634,0.0038983434664624354,0.20226290021724797,5,0.5654396957062715,0.009447748652340403,0.5890841510278485,5,7.468302016800226,0.4571490296765218,9.039024750000408,5,106.2,6.858571279792899,130,5,0.019855288224598786,0.0014877031958121017,0.02308494203731447,5,0.12104228647303669,0.00855472065619498,0.14983793407847026
2pl,20,1000,0.0,2pl_n20_p1000_rho+0.0,tbaem_d,all_returned,5,5,5,5,0.1922501800005134,0.003911824185200208,0.2022639438305227,5,0.5652864587890675,0.009502974396871564,0.5890885741510431,5,7.444525683600022,0.4740243600273828,9.136136499999793,5,106.4,6.493073232299171,129,5,0.018485952599279203,0.0010563472041534233,0.021067527328785845,5,0.12183577991464027,0.008208161704383193,0.14981501268560732
2pl,20,1000,0.0,2pl_n20_p1000_rho+0.0,tbaem_d,rule_stable,5,5,5,5,0.1922501800005134,0.003911824185200208,0.2022639438305227,5,0.5652864587890675,0.009502974396871564,0.5890885741510431,5,7.444525683600022,0.4740243600273828,9.136136499999793,5,106.4,6.493073232299171,129,5,0.018485952599279203,0.0010563472041534233,0.021067527328785845,5,0.12183577991464027,0.008208161704383193,0.14981501268560732
2pl,20,1000,0.0,2pl_n20_p1000_rho+0.0,vi,all_returned,5,5,5,5,0.1935760005660265,0.003969485626883851,0.20338061371702473,5,0.5707575160240748,0.009837892194781934,0.5928651189226061,5,7.901397208399885,0.10507581667455126,8.218829290999565,5,3820.0,20.0,3900,0,,,,0,,,
2pl,20,1000,0.0,2pl_n20_p1000_rho+0.0,vi,rule_stable,5,5,5,5,0.1935760005660265,0.003969485626883851,0.20338061371702473,5,0.5707575160240748,0.009837892194781934,0.5928651189226061,5,7.901397208399885,0.10507581667455126,8.218829290999565,5,3820.0,20.0,3900,0,,,,0,,,
2pl,20,1000,0.4,2pl_n20_p1000_rho+0.4,jml,all_returned,5,5,5,5,0.21223086765105958,0.003926905851752052,0.2217564480076794,5,0.7040483935689957,0.019480963689748675,0.7772270191261724,5,1.673795974800123,0.2905988315797627,2.724674832999881,5,77.2,30.50803172936596,198,0,,,,0,,,
2pl,20,1000,0.4,2pl_n20_p1000_rho+0.4,jml,rule_stable,5,5,5,5,0.21223086765105958,0.003926905851752052,0.2217564480076794,5,0.7040483935689957,0.019480963689748675,0.7772270191261724,5,1.673795974800123,0.2905988315797627,2.724674832999881,5,77.2,30.50803172936596,198,0,,,,0,,,
2pl,20,1000,0.4,2pl_n20_p1000_rho+0.4,tbaem_c,all_returned,5,5,5,5,0.20004269271913994,0.003183027718742864,0.2060763679046463,5,0.5842920545328386,0.00672918744506329,0.599160313812837,5,10.643243083599918,1.4840074172808757,16.495066167000004,5,140.0,10.024968827881711,178,5,0.01885940388973368,0.0009708237556614903,0.021761618518922665,5,0.14113182572423577,0.005392560247734141,0.1515539714927883
2pl,20,1000,0.4,2pl_n20_p1000_rho+0.4,tbaem_c,rule_stable,5,5,5,5,0.20004269271913994,0.003183027718742864,0.2060763679046463,5,0.5842920545328386,0.00672918744506329,0.599160313812837,5,10.643243083599918,1.4840074172808757,16.495066167000004,5,140.0,10.024968827881711,178,5,0.01885940388973368,0.0009708237556614903,0.021761618518922665,5,0.14113182572423577,0.005392560247734141,0.1515539714927883
2pl,20,1000,0.4,2pl_n20_p1000_rho+0.4,tbaem_d,all_returned,5,5,5,5,0.20024404388223055,0.00315621136398318,0.20639115833836302,5,0.5849812331366714,0.006686950530480568,0.600131448081545,5,9.534883141600039,1.1029644826783593,13.898677125000177,5,138.4,16.463899902513983,203,5,0.016047557936359952,0.0017234103453667151,0.02254504296558392,5,0.14215670625437488,0.004957519656041258,0.15232892820063224
2pl,20,1000,0.4,2pl_n20_p1000_rho+0.4,tbaem_d,rule_stable,5,5,5,5,0.20024404388223055,0.00315621136398318,0.20639115833836302,5,0.5849812331366714,0.006686950530480568,0.600131448081545,5,9.534883141600039,1.1029644826783593,13.898677125000177,5,138.4,16.463899902513983,203,5,0.016047557936359952,0.0017234103453667151,0.02254504296558392,5,0.14215670625437488,0.004957519656041258,0.15232892820063224
2pl,20,1000,0.4,2pl_n20_p1000_rho+0.4,vi,all_returned,5,5,5,5,0.20223063206450842,0.003355350103927479,0.20958856562734243,5,0.5939269245010115,0.006971055030181449,0.6140755729409798,5,7.71966186640002,0.14326011617759363,8.208853582999836,5,3840.0,24.49489742783178,3900,0,,,,0,,,
2pl,20,1000,0.4,2pl_n20_p1000_rho+0.4,vi,rule_stable,5,5,5,5,0.20223063206450842,0.003355350103927479,0.20958856562734243,5,0.5939269245010115,0.006971055030181449,0.6140755729409798,5,7.71966186640002,0.14326011617759363,8.208853582999836,5,3840.0,24.49489742783178,3900,0,,,,0,,,
2pl,20,1000,-0.4,2pl_n20_p1000_rho-0.4,jml,all_returned,5,5,5,5,0.21257518629902333,0.0035621292502790417,0.2235586310595896,5,0.7047828201888986,0.006989386312705372,0.7196796315141915,5,1.5077536079999845,0.16735333032996003,2.140263582999978,5,40.6,3.9319206502674993,51,0,,,,0,,,
2pl,20,1000,-0.4,2pl_n20_p1000_rho-0.4,jml,rule_stable,5,5,5,5,0.21257518629902333,0.0035621292502790417,0.2235586310595896,5,0.7047828201888986,0.006989386312705372,0.7196796315141915,5,1.5077536079999845,0.16735333032996003,2.140263582999978,5,40.6,3.9319206502674993,51,0,,,,0,,,
2pl,20,1000,-0.4,2pl_n20_p1000_rho-0.4,tbaem_c,all_returned,5,5,5,5,0.2005726032296295,0.0025023601735725994,0.20805364681926,5,0.5846571918099932,0.00561824467873034,0.6013725611697116,5,11.900344816600136,0.5889397322973197,13.825777125000059,5,146.0,3.331666249791536,155,5,0.018191989013584084,0.002427189487932753,0.027175789690915303,5,0.15187398990896334,0.006742616767841813,0.16491448618521545
2pl,20,1000,-0.4,2pl_n20_p1000_rho-0.4,tbaem_c,rule_stable,5,5,5,5,0.2005726032296295,0.0025023601735725994,0.20805364681926,5,0.5846571918099932,0.00561824467873034,0.6013725611697116,5,11.900344816600136,0.5889397322973197,13.825777125000059,5,146.0,3.331666249791536,155,5,0.018191989013584084,0.002427189487932753,0.027175789690915303,5,0.15187398990896334,0.006742616767841813,0.16491448618521545
2pl,20,1000,-0.4,2pl_n20_p1000_rho-0.4,tbaem_d,all_returned,5,5,5,5,0.2006233809627022,0.0025183098055941637,0.20821894725160056,5,0.5849463952011251,0.005663562716960218,0.6020187394364764,5,11.651519150000059,0.7998780839500834,14.77468591700017,5,138.8,3.2771939216347876,148,5,0.016516997840517116,0.0014191914670864502,0.020391626996792877,5,0.15167885024549216,0.0062743595688933805,0.1614572151175129
2pl,20,1000,-0.4,2pl_n20_p1000_rho-0.4,tbaem_d,rule_stable,5,5,5,5,0.2006233809627022,0.0025183098055941637,0.20821894725160056,5,0.5849463952011251,0.005663562716960218,0.6020187394364764,5,11.651519150000059,0.7998780839500834,14.77468591700017,5,138.8,3.2771939216347876,148,5,0.016516997840517116,0.0014191914670864502,0.020391626996792877,5,0.15167885024549216,0.0062743595688933805,0.1614572151175129
2pl,20,1000,-0.4,2pl_n20_p1000_rho-0.4,vi,all_returned,5,5,5,5,0.20271018312172545,0.0029490891184470354,0.21172372185064744,5,0.5928502987443174,0.006809283710211311,0.6141986792835119,5,9.071951616599927,0.6684096095204541,10.678643083000225,5,3800.0,0.0,3800,0,,,,0,,,
2pl,20,1000,-0.4,2pl_n20_p1000_rho-0.4,vi,rule_stable,5,5,5,5,0.20271018312172545,0.0029490891184470354,0.21172372185064744,5,0.5928502987443174,0.006809283710211311,0.6141986792835119,5,9.071951616599927,0.6684096095204541,10.678643083000225,5,3800.0,0.0,3800,0,,,,0,,,
