model,n_subjects,n_items,item_correlation,cell,method,cohort,attempted,planned,parameter,role,replicates,parameters_per_replicate,bias,mcse_bias,mae,mcse_mae,mse,mcse_mse,rmse,mcse_rmse,mean_rep_rmse,mcse_mean_rep_rmse
1pl,100,10000,0.0,1pl_n100_p10000_rho+0.0,tbaem_d,all_returned,5,5,sd_b,estimated,5,1,-0.008793152962377416,0.0028737783363137048,0.009506292433026498,0.0022351929951691936,0.00011035394672483058,3.7363369948148526e-05,0.010504948677877041,0.0017783699422936798,0.009506292433026498,0.0022351929951691936
1pl,100,10000,0.0,1pl_n100_p10000_rho+0.0,tbaem_d,all_returned,5,5,variance_b,estimated,5,1,-0.013958690793078987,0.004563266024788554,0.015100985365879028,0.0035390280052669007,0.0002781386359087462,9.382708352744811e-05,0.016677488896975654,0.0028129859389222256,0.015100985365879028,0.0035390280052669007
1pl,100,10000,0.0,1pl_n100_p10000_rho+0.0,tbaem_d,rule_stable,5,5,sd_b,estimated,5,1,-0.008793152962377416,0.0028737783363137048,0.009506292433026498,0.0022351929951691936,0.00011035394672483058,3.7363369948148526e-05,0.010504948677877041,0.0017783699422936798,0.009506292433026498,0.0022351929951691936
1pl,100,10000,0.0,1pl_n100_p10000_rho+0.0,tbaem_d,rule_stable,5,5,variance_b,estimated,5,1,-0.013958690793078987,0.004563266024788554,0.015100985365879028,0.0035390280052669007,0.0002781386359087462,9.382708352744811e-05,0.016677488896975654,0.0028129859389222256,0.015100985365879028,0.0035390280052669007
1pl,100,1000,0.0,1pl_n100_p1000_rho+0.0,tbaem_d,all_returned,5,5,sd_b,estimated,5,1,-0.00640702045097159,0.007997321714032616,0.01436251666992141,0.00475911347722315,0.00029687852945011844,0.00015560993716426464,0.017230163361097842,0.004515625705430043,0.01436251666992141,0.00475911347722315
1pl,100,1000,0.0,1pl_n100_p1000_rho+0.0,tbaem_d,all_returned,5,5,variance_b,estimated,5,1,-0.009954354192104376,0.012673956829137217,0.02278055288170795,0.007460769139520894,0.0007416058942092017,0.0003830728344164752,0.027232441943556986,0.007033391188539882,0.02278055288170795,0.007460769139520894
1pl,100,1000,0.0,1pl_n100_p1000_rho+0.0,tbaem_d,rule_stable,5,5,sd_b,estimated,5,1,-0.00640702045097159,0.007997321714032616,0.01436251666992141,0.00475911347722315,0.00029687852945011844,0.00015560993716426464,0.017230163361097842,0.004515625705430043,0.01436251666992141,0.00475911347722315
1pl,100,1000,0.0,1pl_n100_p1000_rho+0.0,tbaem_d,rule_stable,5,5,variance_b,estimated,5,1,-0.009954354192104376,0.012673956829137217,0.02278055288170795,0.007460769139520894,0.0007416058942092017,0.0003830728344164752,0.027232441943556986,0.007033391188539882,0.02278055288170795,0.007460769139520894
1pl,20,10000,0.0,1pl_n20_p10000_rho+0.0,tbaem_d,all_returned,5,5,sd_b,estimated,5,1,-0.033992275362547494,0.004594027239650235,0.033992275362547494,0.004594027239650235,0.0012398951294378471,0.00030971611785559033,0.035212144629912095,0.004397859333914185,0.033992275362547494,0.004594027239650235
1pl,20,10000,0.0,1pl_n20_p10000_rho+0.0,tbaem_d,all_returned,5,5,variance_b,estimated,5,1,-0.05314774545063809,0.007042194950419794,0.05314774545063809,0.007042194950419794,0.0030230528853646943,0.0007414530032995693,0.05498229610851746,0.006742652233331419,0.05314774545063809,0.007042194950419794
1pl,20,10000,0.0,1pl_n20_p10000_rho+0.0,tbaem_d,rule_stable,5,5,sd_b,estimated,5,1,-0.033992275362547494,0.004594027239650235,0.033992275362547494,0.004594027239650235,0.0012398951294378471,0.00030971611785559033,0.035212144629912095,0.004397859333914185,0.033992275362547494,0.004594027239650235
1pl,20,10000,0.0,1pl_n20_p10000_rho+0.0,tbaem_d,rule_stable,5,5,variance_b,estimated,5,1,-0.05314774545063809,0.007042194950419794,0.05314774545063809,0.007042194950419794,0.0030230528853646943,0.0007414530032995693,0.05498229610851746,0.006742652233331419,0.05314774545063809,0.007042194950419794
1pl,20,1000,0.0,1pl_n20_p1000_rho+0.0,tbaem_d,all_returned,5,5,sd_b,estimated,5,1,-0.029170489601528793,0.01032885023903991,0.029170489601528793,0.01032885023903991,0.0012776580526349585,0.0007133656843164426,0.035744342945911854,0.009978721463643963,0.029170489601528793,0.01032885023903991
1pl,20,1000,0.0,1pl_n20_p1000_rho+0.0,tbaem_d,all_returned,5,5,variance_b,estimated,5,1,-0.045395125309811046,0.015833710433092712,0.045395125309811046,0.015833710433092712,0.0030635429462095632,0.0016855029979261135,0.05534928135224127,0.015226060363815925,0.045395125309811046,0.015833710433092712
1pl,20,1000,0.0,1pl_n20_p1000_rho+0.0,tbaem_d,rule_stable,5,5,sd_b,estimated,5,1,-0.029170489601528793,0.01032885023903991,0.029170489601528793,0.01032885023903991,0.0012776580526349585,0.0007133656843164426,0.035744342945911854,0.009978721463643963,0.029170489601528793,0.01032885023903991
1pl,20,1000,0.0,1pl_n20_p1000_rho+0.0,tbaem_d,rule_stable,5,5,variance_b,estimated,5,1,-0.045395125309811046,0.015833710433092712,0.045395125309811046,0.015833710433092712,0.0030635429462095632,0.0016855029979261135,0.05534928135224127,0.015226060363815925,0.045395125309811046,0.015833710433092712
2pl,100,10000,-0.4,2pl_n100_p10000_rho-0.4,tbaem_c,all_returned,4,5,sd_b,estimated,4,1,0.011513410248665867,0.0013362350047911756,0.011513410248665867,0.0013362350047911756,0.00013791518751817203,3.23178225253446e-05,0.011743729710708264,0.001375960760399496,0.011513410248665867,0.0013362350047911756
2pl,100,10000,-0.4,2pl_n100_p10000_rho-0.4,tbaem_c,all_returned,4,5,variance_b,estimated,4,1,0.01855937158538362,0.0021701917084436997,0.01855937158538362,0.0021701917084436997,0.0003585794697985383,8.466511483053758e-05,0.018936194702171245,0.00223553665776445,0.01855937158538362,0.0021701917084436997
2pl,100,10000,-0.4,2pl_n100_p10000_rho-0.4,tbaem_c,all_returned,4,5,sd_log_a,estimated,4,1,-0.026693113207018296,0.0015560095505380938,0.026693113207018296,0.0015560095505380938,0.0007197857898467918,8.211327405648561e-05,0.026828823862532474,0.0015303181845992154,0.026693113207018296,0.0015560095505380938
2pl,100,10000,-0.4,2pl_n100_p10000_rho-0.4,tbaem_c,all_returned,4,5,variance_log_a,estimated,4,1,-0.01796539345506602,0.001007174456191011,0.01796539345506602,0.001007174456191011,0.0003257985631509399,3.577131949871857e-05,0.018049890945679974,0.000990901263790738,0.01796539345506602,0.001007174456191011
2pl,100,10000,-0.4,2pl_n100_p10000_rho-0.4,tbaem_c,all_returned,4,5,cov_b_log_a,estimated,4,1,0.020345269065518524,0.003459345952350067,0.020345269065518524,0.003459345952350067,0.0004498311966024673,0.0001529564765382598,0.021209224328165972,0.0036058951089298612,0.020345269065518524,0.003459345952350067
2pl,100,10000,-0.4,2pl_n100_p10000_rho-0.4,tbaem_c,all_returned,4,5,corr_b_log_a,estimated,4,1,0.05074687276216208,0.012293712119168352,0.05074687276216208,0.012293712119168352,0.0030286511681460286,0.0014444033421064277,0.055033182427931863,0.01312302213303702,0.05074687276216208,0.012293712119168352
2pl,100,10000,-0.4,2pl_n100_p10000_rho-0.4,tbaem_c,rule_stable,4,5,sd_b,estimated,4,1,0.011513410248665867,0.0013362350047911756,0.011513410248665867,0.0013362350047911756,0.00013791518751817203,3.23178225253446e-05,0.011743729710708264,0.001375960760399496,0.011513410248665867,0.0013362350047911756
2pl,100,10000,-0.4,2pl_n100_p10000_rho-0.4,tbaem_c,rule_stable,4,5,variance_b,estimated,4,1,0.01855937158538362,0.0021701917084436997,0.01855937158538362,0.0021701917084436997,0.0003585794697985383,8.466511483053758e-05,0.018936194702171245,0.00223553665776445,0.01855937158538362,0.0021701917084436997
2pl,100,10000,-0.4,2pl_n100_p10000_rho-0.4,tbaem_c,rule_stable,4,5,sd_log_a,estimated,4,1,-0.026693113207018296,0.0015560095505380938,0.026693113207018296,0.0015560095505380938,0.0007197857898467918,8.211327405648561e-05,0.026828823862532474,0.0015303181845992154,0.026693113207018296,0.0015560095505380938
2pl,100,10000,-0.4,2pl_n100_p10000_rho-0.4,tbaem_c,rule_stable,4,5,variance_log_a,estimated,4,1,-0.01796539345506602,0.001007174456191011,0.01796539345506602,0.001007174456191011,0.0003257985631509399,3.577131949871857e-05,0.018049890945679974,0.000990901263790738,0.01796539345506602,0.001007174456191011
2pl,100,10000,-0.4,2pl_n100_p10000_rho-0.4,tbaem_c,rule_stable,4,5,cov_b_log_a,estimated,4,1,0.020345269065518524,0.003459345952350067,0.020345269065518524,0.003459345952350067,0.0004498311966024673,0.0001529564765382598,0.021209224328165972,0.0036058951089298612,0.020345269065518524,0.003459345952350067
2pl,100,10000,-0.4,2pl_n100_p10000_rho-0.4,tbaem_c,rule_stable,4,5,corr_b_log_a,estimated,4,1,0.05074687276216208,0.012293712119168352,0.05074687276216208,0.012293712119168352,0.0030286511681460286,0.0014444033421064277,0.055033182427931863,0.01312302213303702,0.05074687276216208,0.012293712119168352
2pl,100,10000,-0.4,2pl_n100_p10000_rho-0.4,tbaem_d,all_returned,4,5,sd_b,estimated,4,1,0.014937726332671208,0.0031103365244482812,0.014937726332671208,0.0031103365244482812,0.00025215824787572986,9.199838054203462e-05,0.01587949142371159,0.002896767222804778,0.014937726332671208,0.0031103365244482812
2pl,100,10000,-0.4,2pl_n100_p10000_rho-0.4,tbaem_d,all_returned,4,5,variance_b,estimated,4,1,0.0241525203801497,0.005068126065060466,0.0241525203801497,0.005068126065060466,0.0006604019461475824,0.00024248786063984707,0.02569828683293076,0.0047179771596508515,0.0241525203801497,0.005068126065060466
2pl,100,10000,-0.4,2pl_n100_p10000_rho-0.4,tbaem_d,all_returned,4,5,sd_log_a,estimated,4,1,-0.026075764220304,0.0015402043220548928,0.026075764220304,0.0015402043220548928,0.000687062167733916,8.108697858190224e-05,0.026211870740828782,0.0015467606143730432,0.026075764220304,0.0015402043220548928
2pl,100,10000,-0.4,2pl_n100_p10000_rho-0.4,tbaem_d,all_returned,4,5,variance_log_a,estimated,4,1,-0.017565972786478895,0.0009971381311917162,0.017565972786478895,0.0009971381311917162,0.0003115462532933467,3.533450751935742e-05,0.017650672885002053,0.001000939390514157,0.017565972786478895,0.0009971381311917162
2pl,100,10000,-0.4,2pl_n100_p10000_rho-0.4,tbaem_d,all_returned,4,5,cov_b_log_a,fixed,4,1,0.11200000000000002,0.0,0.11200000000000002,0.0,0.012544000000000003,0.0,0.11200000000000002,0.0,0.11200000000000002,0.0
2pl,100,10000,-0.4,2pl_n100_p10000_rho-0.4,tbaem_d,all_returned,4,5,corr_b_log_a,fixed,4,1,0.4,0.0,0.4,0.0,0.16000000000000003,0.0,0.4,0.0,0.4,0.0
2pl,100,10000,-0.4,2pl_n100_p10000_rho-0.4,tbaem_d,rule_stable,4,5,sd_b,estimated,4,1,0.014937726332671208,0.0031103365244482812,0.014937726332671208,0.0031103365244482812,0.00025215824787572986,9.199838054203462e-05,0.01587949142371159,0.002896767222804778,0.014937726332671208,0.0031103365244482812
2pl,100,10000,-0.4,2pl_n100_p10000_rho-0.4,tbaem_d,rule_stable,4,5,variance_b,estimated,4,1,0.0241525203801497,0.005068126065060466,0.0241525203801497,0.005068126065060466,0.0006604019461475824,0.00024248786063984707,0.02569828683293076,0.0047179771596508515,0.0241525203801497,0.005068126065060466
2pl,100,10000,-0.4,2pl_n100_p10000_rho-0.4,tbaem_d,rule_stable,4,5,sd_log_a,estimated,4,1,-0.026075764220304,0.0015402043220548928,0.026075764220304,0.0015402043220548928,0.000687062167733916,8.108697858190224e-05,0.026211870740828782,0.0015467606143730432,0.026075764220304,0.0015402043220548928
2pl,100,10000,-0.4,2pl_n100_p10000_rho-0.4,tbaem_d,rule_stable,4,5,variance_log_a,estimated,4,1,-0.017565972786478895,0.0009971381311917162,0.017565972786478895,0.0009971381311917162,0.0003115462532933467,3.533450751935742e-05,0.017650672885002053,0.001000939390514157,0.017565972786478895,0.0009971381311917162
2pl,100,10000,-0.4,2pl_n100_p10000_rho-0.4,tbaem_d,rule_stable,4,5,cov_b_log_a,fixed,4,1,0.11200000000000002,0.0,0.11200000000000002,0.0,0.012544000000000003,0.0,0.11200000000000002,0.0,0.11200000000000002,0.0
2pl,100,10000,-0.4,2pl_n100_p10000_rho-0.4,tbaem_d,rule_stable,4,5,corr_b_log_a,fixed,4,1,0.4,0.0,0.4,0.0,0.16000000000000003,0.0,0.4,0.0,0.4,0.0
2pl,100,1000,0.0,2pl_n100_p1000_rho+0.0,tbaem_c,all_returned,5,5,sd_b,estimated,5,1,0.03172837144933338,0.01505958288394516,0.034005654730073887,0.013761078698266474,0.0019138537013805295,0.0010881909645721357,0.04374761366498211,0.012437146548214822,0.034005654730073887,0.013761078698266474
2pl,100,1000,0.0,2pl_n100_p1000_rho+0.0,tbaem_c,all_returned,5,5,variance_b,estimated,5,1,0.052679248020314026,0.025154551940198888,0.05630993622164695,0.023104654227819918,0.005306109105234415,0.003037397452137747,0.07284304431608014,0.020848918936981053,0.05630993622164695,0.023104654227819918
2pl,100,1000,0.0,2pl_n100_p1000_rho+0.0,tbaem_c,all_returned,5,5,sd_log_a,estimated,5,1,-0.029345819917921456,0.006202431979341048,0.029345819917921456,0.006202431979341048,0.0010150577964884856,0.000339048094002172,0.031859971696291345,0.005320910157017478,0.029345819917921456,0.006202431979341048
2pl,100,1000,0.0,2pl_n100_p1000_rho+0.0,tbaem_c,all_returned,5,5,variance_log_a,estimated,5,1,-0.019527016146056543,0.004012310853328819,0.019527016146056543,0.004012310853328819,0.000445698913103314,0.00014423464310453965,0.021111582439583113,0.0034160073864029075,0.019527016146056543,0.004012310853328819
2pl,100,1000,0.0,2pl_n100_p1000_rho+0.0,tbaem_c,all_returned,5,5,cov_b_log_a,estimated,5,1,-0.0007828857482603067,0.006518806861762945,0.01028758247464399,0.0040236155546379436,0.0001705922816986998,9.46300782714615e-05,0.013061098028064096,0.0036225927585924215,0.01028758247464399,0.0040236155546379436
2pl,100,1000,0.0,2pl_n100_p1000_rho+0.0,tbaem_c,all_returned,5,5,corr_b_log_a,estimated,5,1,-0.004279098480523843,0.02265559029189225,0.03668060261307754,0.013471703322555765,0.0020714137697023507,0.0010790162860818638,0.045512786881296896,0.011853990493881146,0.03668060261307754,0.013471703322555765
2pl,100,1000,0.0,2pl_n100_p1000_rho+0.0,tbaem_c,rule_stable,5,5,sd_b,estimated,5,1,0.03172837144933338,0.01505958288394516,0.034005654730073887,0.013761078698266474,0.0019138537013805295,0.0010881909645721357,0.04374761366498211,0.012437146548214822,0.034005654730073887,0.013761078698266474
2pl,100,1000,0.0,2pl_n100_p1000_rho+0.0,tbaem_c,rule_stable,5,5,variance_b,estimated,5,1,0.052679248020314026,0.025154551940198888,0.05630993622164695,0.023104654227819918,0.005306109105234415,0.003037397452137747,0.07284304431608014,0.020848918936981053,0.05630993622164695,0.023104654227819918
2pl,100,1000,0.0,2pl_n100_p1000_rho+0.0,tbaem_c,rule_stable,5,5,sd_log_a,estimated,5,1,-0.029345819917921456,0.006202431979341048,0.029345819917921456,0.006202431979341048,0.0010150577964884856,0.000339048094002172,0.031859971696291345,0.005320910157017478,0.029345819917921456,0.006202431979341048
2pl,100,1000,0.0,2pl_n100_p1000_rho+0.0,tbaem_c,rule_stable,5,5,variance_log_a,estimated,5,1,-0.019527016146056543,0.004012310853328819,0.019527016146056543,0.004012310853328819,0.000445698913103314,0.00014423464310453965,0.021111582439583113,0.0034160073864029075,0.019527016146056543,0.004012310853328819
2pl,100,1000,0.0,2pl_n100_p1000_rho+0.0,tbaem_c,rule_stable,5,5,cov_b_log_a,estimated,5,1,-0.0007828857482603067,0.006518806861762945,0.01028758247464399,0.0040236155546379436,0.0001705922816986998,9.46300782714615e-05,0.013061098028064096,0.0036225927585924215,0.01028758247464399,0.0040236155546379436
2pl,100,1000,0.0,2pl_n100_p1000_rho+0.0,tbaem_c,rule_stable,5,5,corr_b_log_a,estimated,5,1,-0.004279098480523843,0.02265559029189225,0.03668060261307754,0.013471703322555765,0.0020714137697023507,0.0010790162860818638,0.045512786881296896,0.011853990493881146,0.03668060261307754,0.013471703322555765
2pl,100,1000,0.0,2pl_n100_p1000_rho+0.0,tbaem_d,all_returned,5,5,sd_b,estimated,5,1,0.031813852103566506,0.015158851128229995,0.034051870783156926,0.01389023354686798,0.0019312842557789628,0.0011075904448364956,0.04394637932502475,0.012601612030934607,0.034051870783156926,0.01389023354686798
2pl,100,1000,0.0,2pl_n100_p1000_rho+0.0,tbaem_d,all_returned,5,5,variance_b,estimated,5,1,0.05283344762148545,0.02533207361784308,0.056401755689804586,0.02332954649044387,0.005358229002691532,0.003094657864028601,0.07319992488173421,0.021138395080517493,0.056401755689804586,0.02332954649044387
2pl,100,1000,0.0,2pl_n100_p1000_rho+0.0,tbaem_d,all_returned,5,5,sd_log_a,estimated,5,1,-0.02932113796664987,0.006290616468257256,0.02932113796664987,0.006290616468257256,0.001018016553862154,0.00034004997289161865,0.03190637168125129,0.005328872494321215,0.02932113796664987,0.006290616468257256
2pl,100,1000,0.0,2pl_n100_p1000_rho+0.0,tbaem_d,all_returned,5,5,variance_log_a,estimated,5,1,-0.019506780022792766,0.004073418232511291,0.019506780022792766,0.004073418232511291,0.0004468854112454486,0.0001447521661377653,0.02113966440711509,0.003423710124959346,0.019506780022792766,0.004073418232511291
2pl,100,1000,0.0,2pl_n100_p1000_rho+0.0,tbaem_d,all_returned,5,5,cov_b_log_a,fixed,5,1,0.0,0.0,0.0,0.0,0.0,0.0,0.0,0.0,0.0,0.0
2pl,100,1000,0.0,2pl_n100_p1000_rho+0.0,tbaem_d,all_returned,5,5,corr_b_log_a,fixed,5,1,0.0,0.0,0.0,0.0,0.0,0.0,0.0,0.0,0.0,0.0
2pl,100,1000,0.0,2pl_n100_p1000_rho+0.0,tbaem_d,rule_stable,5,5,sd_b,estimated,5,1,0.031813852103566506,0.015158851128229995,0.034051870783156926,0.01389023354686798,0.0019312842557789628,0.0011075904448364956,0.04394637932502475,0.012601612030934607,0.034051870783156926,0.01389023354686798
2pl,100,1000,0.0,2pl_n100_p1000_rho+0.0,tbaem_d,rule_stable,5,5,variance_b,estimated,5,1,0.05283344762148545,0.02533207361784308,0.056401755689804586,0.02332954649044387,0.005358229002691532,0.003094657864028601,0.07319992488173421,0.021138395080517493,0.056401755689804586,0.02332954649044387
2pl,100,1000,0.0,2pl_n100_p1000_rho+0.0,tbaem_d,rule_stable,5,5,sd_log_a,estimated,5,1,-0.02932113796664987,0.006290616468257256,0.02932113796664987,0.006290616468257256,0.001018016553862154,0.00034004997289161865,0.03190637168125129,0.005328872494321215,0.02932113796664987,0.006290616468257256
2pl,100,1000,0.0,2pl_n100_p1000_rho+0.0,tbaem_d,rule_stable,5,5,variance_log_a,estimated,5,1,-0.019506780022792766,0.004073418232511291,0.019506780022792766,0.004073418232511291,0.0004468854112454486,0.0001447521661377653,0.02113966440711509,0.003423710124959346,0.019506780022792766,0.004073418232511291
2pl,100,1000,0.0,2pl_n100_p1000_rho+0.0,tbaem_d,rule_stable,5,5,cov_b_log_a,fixed,5,1,0.0,0.0,0.0,0.0,0.0,0.0,0.0,0.0,0.0,0.0
2pl,100,1000,0.0,2pl_n100_p1000_rho+0.0,tbaem_d,rule_stable,5,5,corr_b_log_a,fixed,5,1,0.0,0.0,0.0,0.0,0.0,0.0,0.0,0.0,0.0,0.0
2pl,100,1000,0.4,2pl_n100_p1000_rho+0.4,tbaem_c,all_returned,5,5,sd_b,estimated,5,1,0.015061080244250813,0.010005754717922203,0.021840570167750227,0.006129562438955789,0.0006272966480246518,0.00035343186512458875,0.025045890841107084,0.007055685648531843,0.021840570167750227,0.006129562438955789
2pl,100,1000,0.4,2pl_n100_p1000_rho+0.4,tbaem_c,all_returned,5,5,variance_b,estimated,5,1,0.02472502503882601,0.016282641913540483,0.035457305207367985,0.010180914513692641,0.0016718245739089145,0.0009614644328836329,0.04088795145160631,0.01175730745549324,0.035457305207367985,0.010180914513692641
2pl,100,1000,0.4,2pl_n100_p1000_rho+0.4,tbaem_c,all_returned,5,5,sd_log_a,estimated,5,1,-0.02577727873414796,0.007365399304600613,0.02577727873414796,0.007365399304600613,0.0008814645266028012,0.00035570366589029995,0.02968946827753574,0.005990401420550866,0.02577727873414796,0.007365399304600613
2pl,100,1000,0.4,2pl_n100_p1000_rho+0.4,tbaem_c,all_returned,5,5,variance_log_a,estimated,5,1,-0.017162630587300776,0.004804116165884977,0.017162630587300776,0.004804116165884977,0.00038687401721742166,0.00015388676766756712,0.019669113279897028,0.003911888794317137,0.017162630587300776,0.004804116165884977
2pl,100,1000,0.4,2pl_n100_p1000_rho+0.4,tbaem_c,all_returned,5,5,cov_b_log_a,estimated,5,1,-0.01693174474405331,0.005537716459062125,0.017882381796877435,0.004732061275817173,0.0004093491944016472,0.0001538036193082023,0.02023237985017203,0.0038009275341599155,0.017882381796877435,0.004732061275817173
2pl,100,1000,0.4,2pl_n100_p1000_rho+0.4,tbaem_c,all_returned,5,5,corr_b_log_a,estimated,5,1,-0.04082771183728504,0.015143793898707446,0.04082771183728504,0.015143793898707446,0.0025842400284545007,0.0012757164191826518,0.050835421002038535,0.012547515040069155,0.04082771183728504,0.015143793898707446
2pl,100,1000,0.4,2pl_n100_p1000_rho+0.4,tbaem_c,rule_stable,5,5,sd_b,estimated,5,1,0.015061080244250813,0.010005754717922203,0.021840570167750227,0.006129562438955789,0.0006272966480246518,0.00035343186512458875,0.025045890841107084,0.007055685648531843,0.021840570167750227,0.006129562438955789
2pl,100,1000,0.4,2pl_n100_p1000_rho+0.4,tbaem_c,rule_stable,5,5,variance_b,estimated,5,1,0.02472502503882601,0.016282641913540483,0.035457305207367985,0.010180914513692641,0.0016718245739089145,0.0009614644328836329,0.04088795145160631,0.01175730745549324,0.035457305207367985,0.010180914513692641
2pl,100,1000,0.4,2pl_n100_p1000_rho+0.4,tbaem_c,rule_stable,5,5,sd_log_a,estimated,5,1,-0.02577727873414796,0.007365399304600613,0.02577727873414796,0.007365399304600613,0.0008814645266028012,0.00035570366589029995,0.02968946827753574,0.005990401420550866,0.02577727873414796,0.007365399304600613
2pl,100,1000,0.4,2pl_n100_p1000_rho+0.4,tbaem_c,rule_stable,5,5,variance_log_a,estimated,5,1,-0.017162630587300776,0.004804116165884977,0.017162630587300776,0.004804116165884977,0.00038687401721742166,0.00015388676766756712,0.019669113279897028,0.003911888794317137,0.017162630587300776,0.004804116165884977
2pl,100,1000,0.4,2pl_n100_p1000_rho+0.4,tbaem_c,rule_stable,5,5,cov_b_log_a,estimated,5,1,-0.01693174474405331,0.005537716459062125,0.017882381796877435,0.004732061275817173,0.0004093491944016472,0.0001538036193082023,0.02023237985017203,0.0038009275341599155,0.017882381796877435,0.004732061275817173
2pl,100,1000,0.4,2pl_n100_p1000_rho+0.4,tbaem_c,rule_stable,5,5,corr_b_log_a,estimated,5,1,-0.04082771183728504,0.015143793898707446,0.04082771183728504,0.015143793898707446,0.0025842400284545007,0.0012757164191826518,0.050835421002038535,0.012547515040069155,0.04082771183728504,0.015143793898707446
2pl,100,1000,0.4,2pl_n100_p1000_rho+0.4,tbaem_d,all_returned,5,5,sd_b,estimated,5,1,0.01742545531139752,0.010904216479587288,0.024280303622684872,0.00688696407959559,0.0007792542409443239,0.0004375004768147475,0.027915125665923912,0.007836261997358762,0.024280303622684872,0.00688696407959559
2pl,100,1000,0.4,2pl_n100_p1000_rho+0.4,tbaem_d,all_returned,5,5,variance_b,estimated,5,1,0.028659982739180422,0.01779769091052749,0.03951026767381327,0.011482209782315832,0.0020884258175968115,0.0011977464408862324,0.045699297780128,0.013104648201039357,0.03951026767381327,0.011482209782315832
2pl,100,1000,0.4,2pl_n100_p1000_rho+0.4,tbaem_d,all_returned,5,5,sd_log_a,estimated,5,1,-0.027055230818581476,0.006972501907832297,0.027055230818581476,0.006972501907832297,0.000926448646065621,0.0003516429349893827,0.030437618928977034,0.0057764527476657146,0.027055230818581476,0.006972501907832297
2pl,100,1000,0.4,2pl_n100_p1000_rho+0.4,tbaem_d,all_returned,5,5,variance_log_a,estimated,5,1,-0.018012212926941426,0.004531880219640073,0.018012212926941426,0.004531880219640073,0.00040659156782613565,0.00015187653847450723,0.020164115845385723,0.003766010363138785,0.018012212926941426,0.004531880219640073
2pl,100,1000,0.4,2pl_n100_p1000_rho+0.4,tbaem_d,all_returned,5,5,cov_b_log_a,fixed,5,1,-0.11200000000000002,0.0,0.11200000000000002,0.0,0.012544000000000003,0.0,0.11200000000000002,0.0,0.11200000000000002,0.0
2pl,100,1000,0.4,2pl_n100_p1000_rho+0.4,tbaem_d,all_returned,5,5,corr_b_log_a,fixed,5,1,-0.4,0.0,0.4,0.0,0.16000000000000003,0.0,0.4,0.0,0.4,0.0
2pl,100,1000,0.4,2pl_n100_p1000_rho+0.4,tbaem_d,rule_stable,5,5,sd_b,estimated,5,1,0.01742545531139752,0.010904216479587288,0.024280303622684872,0.00688696407959559,0.0007792542409443239,0.0004375004768147475,0.027915125665923912,0.007836261997358762,0.024280303622684872,0.00688696407959559
2pl,100,1000,0.4,2pl_n100_p1000_rho+0.4,tbaem_d,rule_stable,5,5,variance_b,estimated,5,1,0.028659982739180422,0.01779769091052749,0.03951026767381327,0.011482209782315832,0.0020884258175968115,0.0011977464408862324,0.045699297780128,0.013104648201039357,0.03951026767381327,0.011482209782315832
2pl,100,1000,0.4,2pl_n100_p1000_rho+0.4,tbaem_d,rule_stable,5,5,sd_log_a,estimated,5,1,-0.027055230818581476,0.006972501907832297,0.027055230818581476,0.006972501907832297,0.000926448646065621,0.0003516429349893827,0.030437618928977034,0.0057764527476657146,0.027055230818581476,0.006972501907832297
2pl,100,1000,0.4,2pl_n100_p1000_rho+0.4,tbaem_d,rule_stable,5,5,variance_log_a,estimated,5,1,-0.018012212926941426,0.004531880219640073,0.018012212926941426,0.004531880219640073,0.00040659156782613565,0.00015187653847450723,0.020164115845385723,0.003766010363138785,0.018012212926941426,0.004531880219640073
2pl,100,1000,0.4,2pl_n100_p1000_rho+0.4,tbaem_d,rule_stable,5,5,cov_b_log_a,fixed,5,1,-0.11200000000000002,0.0,0.11200000000000002,0.0,0.012544000000000003,0.0,0.11200000000000002,0.0,0.11200000000000002,0.0
2pl,100,1000,0.4,2pl_n100_p1000_rho+0.4,tbaem_d,rule_stable,5,5,corr_b_log_a,fixed,5,1,-0.4,0.0,0.4,0.0,0.16000000000000003,0.0,0.4,0.0,0.4,0.0
2pl,100,1000,-0.4,2pl_n100_p1000_rho-0.4,tbaem_c,all_returned,5,5,sd_b,estimated,5,1,0.015045120579243277,0.005390446052269972,0.015045120579243277,0.005390446052269972,0.0003425832878137013,0.0002059390053036367,0.018509005586840727,0.005563210955267427,0.015045120579243277,0.005390446052269972
2pl,100,1000,-0.4,2pl_n100_p1000_rho-0.4,tbaem_c,all_returned,5,5,variance_b,estimated,5,1,0.02441477621460302,0.008825267743715434,0.02441477621460302,0.008825267743715434,0.0009076227006022019,0.000550170881044397,0.030126777135999826,0.009130928252975547,0.02441477621460302,0.008825267743715434
2pl,100,1000,-0.4,2pl_n100_p1000_rho-0.4,tbaem_c,all_returned,5,5,sd_log_a,estimated,5,1,-0.022138914170895287,0.004057513935258896,0.022138914170895287,0.004057513935258896,0.0005559851980055486,0.00019994246081115566,0.023579338370818395,0.004239780982544508,0.022138914170895287,0.004057513935258896
2pl,100,1000,-0.4,2pl_n100_p1000_rho-0.4,tbaem_c,all_returned,5,5,variance_log_a,estimated,5,1,-0.014941254721621158,0.0026417429580004653,0.014941254721621158,0.0026417429580004653,0.00025115631608094673,8.72671957787466e-05,0.01584791204168381,0.0027532710791558198,0.014941254721621158,0.0026417429580004653
2pl,100,1000,-0.4,2pl_n100_p1000_rho-0.4,tbaem_c,all_returned,5,5,cov_b_log_a,estimated,5,1,0.010381341396726284,0.003560727739367952,0.010381341396726284,0.003560727739367952,0.0001584873773310005,8.525929047837325e-05,0.012589176991805322,0.0033862138300967217,0.010381341396726284,0.003560727739367952
2pl,100,1000,-0.4,2pl_n100_p1000_rho-0.4,tbaem_c,all_returned,5,5,corr_b_log_a,estimated,5,1,0.01997857488421566,0.010024063934109064,0.02154824626311751,0.00917529248047003,0.0008010708854246371,0.0005758085255813257,0.02830319567512893,0.010172146852083385,0.02154824626311751,0.00917529248047003
2pl,100,1000,-0.4,2pl_n100_p1000_rho-0.4,tbaem_c,rule_stable,5,5,sd_b,estimated,5,1,0.015045120579243277,0.005390446052269972,0.015045120579243277,0.005390446052269972,0.0003425832878137013,0.0002059390053036367,0.018509005586840727,0.005563210955267427,0.015045120579243277,0.005390446052269972
2pl,100,1000,-0.4,2pl_n100_p1000_rho-0.4,tbaem_c,rule_stable,5,5,variance_b,estimated,5,1,0.02441477621460302,0.008825267743715434,0.02441477621460302,0.008825267743715434,0.0009076227006022019,0.000550170881044397,0.030126777135999826,0.009130928252975547,0.02441477621460302,0.008825267743715434
2pl,100,1000,-0.4,2pl_n100_p1000_rho-0.4,tbaem_c,rule_stable,5,5,sd_log_a,estimated,5,1,-0.022138914170895287,0.004057513935258896,0.022138914170895287,0.004057513935258896,0.0005559851980055486,0.00019994246081115566,0.023579338370818395,0.004239780982544508,0.022138914170895287,0.004057513935258896
2pl,100,1000,-0.4,2pl_n100_p1000_rho-0.4,tbaem_c,rule_stable,5,5,variance_log_a,estimated,5,1,-0.014941254721621158,0.0026417429580004653,0.014941254721621158,0.0026417429580004653,0.00025115631608094673,8.72671957787466e-05,0.01584791204168381,0.0027532710791558198,0.014941254721621158,0.0026417429580004653
2pl,100,1000,-0.4,2pl_n100_p1000_rho-0.4,tbaem_c,rule_stable,5,5,cov_b_log_a,estimated,5,1,0.010381341396726284,0.003560727739367952,0.010381341396726284,0.003560727739367952,0.0001584873773310005,8.525929047837325e-05,0.012589176991805322,0.0033862138300967217,0.010381341396726284,0.003560727739367952
2pl,100,1000,-0.4,2pl_n100_p1000_rho-0.4,tbaem_c,rule_stable,5,5,corr_b_log_a,estimated,5,1,0.01997857488421566,0.010024063934109064,0.02154824626311751,0.00917529248047003,0.0008010708854246371,0.0005758085255813257,0.02830319567512893,0.010172146852083385,0.02154824626311751,0.00917529248047003
2pl,100,1000,-0.4,2pl_n100_p1000_rho-0.4,tbaem_d,all_returned,5,5,sd_b,estimated,5,1,0.016358287370467805,0.005529303536830439,0.016358287370467805,0.005529303536830439,0.0003898863561044289,0.00022689598999783354,0.019745540157322335,0.0057454996974011015,0.016358287370467805,0.005529303536830439
2pl,100,1000,-0.4,2pl_n100_p1000_rho-0.4,tbaem_d,all_returned,5,5,variance_b,estimated,5,1,0.026563146148852978,0.009066356622273997,0.026563146148852978,0.009066356622273997,0.0010343960229343293,0.0006081348953847104,0.03216202765582931,0.009454237492306972,0.026563146148852978,0.009066356622273997
2pl,100,1000,-0.4,2pl_n100_p1000_rho-0.4,tbaem_d,all_returned,5,5,sd_log_a,estimated,5,1,-0.023560536426426425,0.003991659850270582,0.023560536426426425,0.003991659850270582,0.0006188322701420151,0.0002042074322279838,0.024876339564775505,0.004104450972303382,0.023560536426426425,0.003991659850270582
2pl,100,1000,-0.4,2pl_n100_p1000_rho-0.4,tbaem_d,all_returned,5,5,variance_log_a,estimated,5,1,-0.015873543228356497,0.0025912398712460553,0.015873543228356497,0.0025912398712460553,0.0002788274709038434,8.880035690416494e-05,0.016698127766424695,0.0026589914194667334,0.015873543228356497,0.0025912398712460553
2pl,100,1000,-0.4,2pl_n100_p1000_rho-0.4,tbaem_d,all_returned,5,5,cov_b_log_a,fixed,5,1,0.11200000000000002,0.0,0.11200000000000002,0.0,0.012544000000000003,0.0,0.11200000000000002,0.0,0.11200000000000002,0.0
2pl,100,1000,-0.4,2pl_n100_p1000_rho-0.4,tbaem_d,all_returned,5,5,corr_b_log_a,fixed,5,1,0.4,0.0,0.4,0.0,0.16000000000000003,0.0,0.4,0.0,0.4,0.0
2pl,100,1000,-0.4,2pl_n100_p1000_rho-0.4,tbaem_d,rule_stable,5,5,sd_b,estimated,5,1,0.016358287370467805,0.005529303536830439,0.016358287370467805,0.005529303536830439,0.0003898863561044289,0.00022689598999783354,0.019745540157322335,0.0057454996974011015,0.016358287370467805,0.005529303536830439
2pl,100,1000,-0.4,2pl_n100_p1000_rho-0.4,tbaem_d,rule_stable,5,5,variance_b,estimated,5,1,0.026563146148852978,0.009066356622273997,0.026563146148852978,0.009066356622273997,0.0010343960229343293,0.0006081348953847104,0.03216202765582931,0.009454237492306972,0.026563146148852978,0.009066356622273997
2pl,100,1000,-0.4,2pl_n100_p1000_rho-0.4,tbaem_d,rule_stable,5,5,sd_log_a,estimated,5,1,-0.023560536426426425,0.003991659850270582,0.023560536426426425,0.003991659850270582,0.0006188322701420151,0.0002042074322279838,0.024876339564775505,0.004104450972303382,0.023560536426426425,0.003991659850270582
2pl,100,1000,-0.4,2pl_n100_p1000_rho-0.4,tbaem_d,rule_stable,5,5,variance_log_a,estimated,5,1,-0.015873543228356497,0.0025912398712460553,0.015873543228356497,0.0025912398712460553,0.0002788274709038434,8.880035690416494e-05,0.016698127766424695,0.0026589914194667334,0.015873543228356497,0.0025912398712460553
2pl,100,1000,-0.4,2pl_n100_p1000_rho-0.4,tbaem_d,rule_stable,5,5,cov_b_log_a,fixed,5,1,0.11200000000000002,0.0,0.11200000000000002,0.0,0.012544000000000003,0.0,0.11200000000000002,0.0,0.11200000000000002,0.0
2pl,100,1000,-0.4,2pl_n100_p1000_rho-0.4,tbaem_d,rule_stable,5,5,corr_b_log_a,fixed,5,1,0.4,0.0,0.4,0.0,0.16000000000000003,0.0,0.4,0.0,0.4,0.0
2pl,20,10000,0.0,2pl_n20_p10000_rho+0.0,tbaem_c,all_returned,5,5,sd_b,estimated,5,1,0.06430450997688766,0.001093438599890492,0.06430450997688766,0.001093438599890492,0.004139852435254566,0.00014334831864090843,0.0643416850514079,0.0011139614895566972,0.06430450997688766,0.001093438599890492
2pl,20,10000,0.0,2pl_n20_p10000_rho+0.0,tbaem_c,all_returned,5,5,variance_b,estimated,5,1,0.10702706839827489,0.0018928414217443885,0.10702706839827489,0.0018928414217443885,0.011469124764520496,0.0004133419776312572,0.1070939996662768,0.0019298092279646918,0.10702706839827489,0.0018928414217443885
2pl,20,10000,0.0,2pl_n20_p10000_rho+0.0,tbaem_c,all_returned,5,5,sd_log_a,estimated,5,1,-0.007493122099519934,0.003667780008141686,0.00816864488160467,0.0032874975417877942,0.00010995731955080933,5.8896500570230116e-05,0.010486053573714437,0.002808325370274044,0.00816864488160467,0.0032874975417877942
2pl,20,10000,0.0,2pl_n20_p10000_rho+0.0,tbaem_c,all_returned,5,5,variance_log_a,estimated,5,1,-0.005135228150113158,0.002511962136689794,0.005608854622644777,0.0022445006727779986,5.1610383258367244e-05,2.7398968206435518e-05,0.0071840366966189175,0.0019069340374702234,0.005608854622644777,0.0022445006727779986
2pl,20,10000,0.0,2pl_n20_p10000_rho+0.0,tbaem_c,all_returned,5,5,cov_b_log_a,estimated,5,1,-0.006000895306953035,0.004960812270851846,0.0093974009763683,0.003396256502419249,0.000134449378031548,7.665824692553239e-05,0.01159523083131802,0.003305593827355428,0.0093974009763683,0.003396256502419249
2pl,20,10000,0.0,2pl_n20_p10000_rho+0.0,tbaem_c,all_returned,5,5,corr_b_log_a,estimated,5,1,-0.0202941706581398,0.016654330012697543,0.031718651114548295,0.011349530462343136,0.0015213201953890552,0.0008469994840993641,0.039004104853067136,0.010857824930095265,0.031718651114548295,0.011349530462343136
2pl,20,10000,0.0,2pl_n20_p10000_rho+0.0,tbaem_c,rule_stable,5,5,sd_b,estimated,5,1,0.06430450997688766,0.001093438599890492,0.06430450997688766,0.001093438599890492,0.004139852435254566,0.00014334831864090843,0.0643416850514079,0.0011139614895566972,0.06430450997688766,0.001093438599890492
2pl,20,10000,0.0,2pl_n20_p10000_rho+0.0,tbaem_c,rule_stable,5,5,variance_b,estimated,5,1,0.10702706839827489,0.0018928414217443885,0.10702706839827489,0.0018928414217443885,0.011469124764520496,0.0004133419776312572,0.1070939996662768,0.0019298092279646918,0.10702706839827489,0.0018928414217443885
2pl,20,10000,0.0,2pl_n20_p10000_rho+0.0,tbaem_c,rule_stable,5,5,sd_log_a,estimated,5,1,-0.007493122099519934,0.003667780008141686,0.00816864488160467,0.0032874975417877942,0.00010995731955080933,5.8896500570230116e-05,0.010486053573714437,0.002808325370274044,0.00816864488160467,0.0032874975417877942
2pl,20,10000,0.0,2pl_n20_p10000_rho+0.0,tbaem_c,rule_stable,5,5,variance_log_a,estimated,5,1,-0.005135228150113158,0.002511962136689794,0.005608854622644777,0.0022445006727779986,5.1610383258367244e-05,2.7398968206435518e-05,0.0071840366966189175,0.0019069340374702234,0.005608854622644777,0.0022445006727779986
2pl,20,10000,0.0,2pl_n20_p10000_rho+0.0,tbaem_c,rule_stable,5,5,cov_b_log_a,estimated,5,1,-0.006000895306953035,0.004960812270851846,0.0093974009763683,0.003396256502419249,0.000134449378031548,7.665824692553239e-05,0.01159523083131802,0.003305593827355428,0.0093974009763683,0.003396256502419249
2pl,20,10000,0.0,2pl_n20_p10000_rho+0.0,tbaem_c,rule_stable,5,5,corr_b_log_a,estimated,5,1,-0.0202941706581398,0.016654330012697543,0.031718651114548295,0.011349530462343136,0.0015213201953890552,0.0008469994840993641,0.039004104853067136,0.010857824930095265,0.031718651114548295,0.011349530462343136
2pl,20,10000,0.0,2pl_n20_p10000_rho+0.0,tbaem_d,all_returned,5,5,sd_b,estimated,5,1,0.06306655442909695,0.0006025745261373544,0.06306655442909695,0.0006025745261373544,0.0039788426717964455,7.629107059042797e-05,0.06307806807279727,0.0006047353138842317,0.06306655442909695,0.0006025745261373544
2pl,20,10000,0.0,2pl_n20_p10000_rho+0.0,tbaem_d,all_returned,5,5,variance_b,estimated,5,1,0.10488532975835163,0.0010404097494463183,0.10488532975835163,0.0010404097494463183,0.011005262208305134,0.00021910232806787342,0.10490596841126407,0.0010442796124283608,0.10488532975835163,0.0010404097494463183
2pl,20,10000,0.0,2pl_n20_p10000_rho+0.0,tbaem_d,all_returned,5,5,sd_log_a,estimated,5,1,-0.00866768599572466,0.003755202231943588,0.009312797278078044,0.0033468926853530874,0.00013153495573165784,7.331562314921181e-05,0.011468868982234379,0.0031962882853915197,0.009312797278078044,0.0033468926853530874
2pl,20,10000,0.0,2pl_n20_p10000_rho+0.0,tbaem_d,all_returned,5,5,variance_log_a,estimated,5,1,-0.005935845241275617,0.002560232578526768,0.0063884635603395305,0.0022716159166542467,6.145342215297368e-05,3.384414428308445e-05,0.00783922331312061,0.0021586414196441543,0.0063884635603395305,0.0022716159166542467
2pl,20,10000,0.0,2pl_n20_p10000_rho+0.0,tbaem_d,all_returned,5,5,cov_b_log_a,fixed,5,1,0.0,0.0,0.0,0.0,0.0,0.0,0.0,0.0,0.0,0.0
2pl,20,10000,0.0,2pl_n20_p10000_rho+0.0,tbaem_d,all_returned,5,5,corr_b_log_a,fixed,5,1,0.0,0.0,0.0,0.0,0.0,0.0,0.0,0.0,0.0,0.0
2pl,20,10000,0.0,2pl_n20_p10000_rho+0.0,tbaem_d,rule_stable,5,5,sd_b,estimated,5,1,0.06306655442909695,0.0006025745261373544,0.06306655442909695,0.0006025745261373544,0.0039788426717964455,7.629107059042797e-05,0.06307806807279727,0.0006047353138842317,0.06306655442909695,0.0006025745261373544
2pl,20,10000,0.0,2pl_n20_p10000_rho+0.0,tbaem_d,rule_stable,5,5,variance_b,estimated,5,1,0.10488532975835163,0.0010404097494463183,0.10488532975835163,0.0010404097494463183,0.011005262208305134,0.00021910232806787342,0.10490596841126407,0.0010442796124283608,0.10488532975835163,0.0010404097494463183
2pl,20,10000,0.0,2pl_n20_p10000_rho+0.0,tbaem_d,rule_stable,5,5,sd_log_a,estimated,5,1,-0.00866768599572466,0.003755202231943588,0.009312797278078044,0.0033468926853530874,0.00013153495573165784,7.331562314921181e-05,0.011468868982234379,0.0031962882853915197,0.009312797278078044,0.0033468926853530874
2pl,20,10000,0.0,2pl_n20_p10000_rho+0.0,tbaem_d,rule_stable,5,5,variance_log_a,estimated,5,1,-0.005935845241275617,0.002560232578526768,0.0063884635603395305,0.0022716159166542467,6.145342215297368e-05,3.384414428308445e-05,0.00783922331312061,0.0021586414196441543,0.0063884635603395305,0.0022716159166542467
2pl,20,10000,0.0,2pl_n20_p10000_rho+0.0,tbaem_d,rule_stable,5,5,cov_b_log_a,fixed,5,1,0.0,0.0,0.0,0.0,0.0,0.0,0.0,0.0,0.0,0.0
2pl,20,10000,0.0,2pl_n20_p10000_rho+0.0,tbaem_d,rule_stable,5,5,corr_b_log_a,fixed,5,1,0.0,0.0,0.0,0.0,0.0,0.0,0.0,0.0,0.0,0.0
2pl,20,10000,0.4,2pl_n20_p10000_rho+0.4,tbaem_c,all_returned,5,5,sd_b,estimated,5,1,0.060354445195382043,0.00800250002740611,0.060354445195382043,0.00800250002740611,0.0038988190815969137,0.0011472682502581377,0.06244052435395553,0.009186888339971633,0.060354445195382043,0.00800250002740611
2pl,20,10000,0.4,2pl_n20_p10000_rho+0.4,tbaem_c,all_returned,5,5,variance_b,estimated,5,1,0.10046593139420826,0.013950238448301932,0.10046593139420826,0.013950238448301932,0.010871839981963687,0.003355615599979285,0.10426811584546682,0.01609128338404311,0.10046593139420826,0.013950238448301932
2pl,20,10000,0.4,2pl_n20_p10000_rho+0.4,tbaem_c,all_returned,5,5,sd_log_a,estimated,5,1,-0.014334451594046328,0.0046935684916834175,0.015168416643972959,0.003984782922613062,0.0002935948432465507,0.00010699407464648443,0.017134609515438357,0.003122162619173851,0.015168416643972959,0.003984782922613062
2pl,20,10000,0.4,2pl_n20_p10000_rho+0.4,tbaem_c,all_returned,5,5,variance_log_a,estimated,5,1,-0.009740521272585886,0.0031843730164009417,0.010326035551795768,0.0026838251840925567,0.0001354386806920279,4.883170373499537e-05,0.01163781253896229,0.002097976040235717,0.010326035551795768,0.0026838251840925567
2pl,20,10000,0.4,2pl_n20_p10000_rho+0.4,tbaem_c,all_returned,5,5,cov_b_log_a,estimated,5,1,-0.05972008221260302,0.015273828106859113,0.05972008221260302,0.015273828106859113,0.0044996475196315815,0.00238297161178255,0.06707941203999616,0.017762317373635452,0.05972008221260302,0.015273828106859113
2pl,20,10000,0.4,2pl_n20_p10000_rho+0.4,tbaem_c,all_returned,5,5,corr_b_log_a,estimated,5,1,-0.2146557499137808,0.05364315943070642,0.2146557499137808,0.05364315943070642,0.05758744518588035,0.029868322151132075,0.23997384271182629,0.06223245378247243,0.2146557499137808,0.05364315943070642
2pl,20,10000,0.4,2pl_n20_p10000_rho+0.4,tbaem_c,rule_stable,5,5,sd_b,estimated,5,1,0.060354445195382043,0.00800250002740611,0.060354445195382043,0.00800250002740611,0.0038988190815969137,0.0011472682502581377,0.06244052435395553,0.009186888339971633,0.060354445195382043,0.00800250002740611
2pl,20,10000,0.4,2pl_n20_p10000_rho+0.4,tbaem_c,rule_stable,5,5,variance_b,estimated,5,1,0.10046593139420826,0.013950238448301932,0.10046593139420826,0.013950238448301932,0.010871839981963687,0.003355615599979285,0.10426811584546682,0.01609128338404311,0.10046593139420826,0.013950238448301932
2pl,20,10000,0.4,2pl_n20_p10000_rho+0.4,tbaem_c,rule_stable,5,5,sd_log_a,estimated,5,1,-0.014334451594046328,0.0046935684916834175,0.015168416643972959,0.003984782922613062,0.0002935948432465507,0.00010699407464648443,0.017134609515438357,0.003122162619173851,0.015168416643972959,0.003984782922613062
2pl,20,10000,0.4,2pl_n20_p10000_rho+0.4,tbaem_c,rule_stable,5,5,variance_log_a,estimated,5,1,-0.009740521272585886,0.0031843730164009417,0.010326035551795768,0.0026838251840925567,0.0001354386806920279,4.883170373499537e-05,0.01163781253896229,0.002097976040235717,0.010326035551795768,0.0026838251840925567
2pl,20,10000,0.4,2pl_n20_p10000_rho+0.4,tbaem_c,rule_stable,5,5,cov_b_log_a,estimated,5,1,-0.05972008221260302,0.015273828106859113,0.05972008221260302,0.015273828106859113,0.0044996475196315815,0.00238297161178255,0.06707941203999616,0.017762317373635452,0.05972008221260302,0.015273828106859113
2pl,20,10000,0.4,2pl_n20_p10000_rho+0.4,tbaem_c,rule_stable,5,5,corr_b_log_a,estimated,5,1,-0.2146557499137808,0.05364315943070642,0.2146557499137808,0.05364315943070642,0.05758744518588035,0.029868322151132075,0.23997384271182629,0.06223245378247243,0.2146557499137808,0.05364315943070642
2pl,20,10000,0.4,2pl_n20_p10000_rho+0.4,tbaem_d,all_returned,5,5,sd_b,estimated,5,1,0.06046828085870837,0.00783870027101639,0.06046828085870837,0.00783870027101639,0.003902193877762967,0.0010821345188706266,0.06246754259423822,0.00866157426665315,0.06046828085870837,0.00783870027101639
2pl,20,10000,0.4,2pl_n20_p10000_rho+0.4,tbaem_d,all_returned,5,5,variance_b,estimated,5,1,0.10065144325169642,0.013619661745575905,0.10065144325169642,0.013619661745575905,0.01087269377290508,0.0031534400474717505,0.10427220997420683,0.015121191198746997,0.10065144325169642,0.013619661745575905
2pl,20,10000,0.4,2pl_n20_p10000_rho+0.4,tbaem_d,all_returned,5,5,sd_log_a,estimated,5,1,-0.011968225345003613,0.004925012160445002,0.01258840621228623,0.004521985904041081,0.00024026139703091148,0.0001086389846903674,0.01550036764179842,0.003504400256849735,0.01258840621228623,0.004521985904041081
2pl,20,10000,0.4,2pl_n20_p10000_rho+0.4,tbaem_d,all_returned,5,5,variance_log_a,estimated,5,1,-0.00813749634447163,0.0033421950736878922,0.008572584512339814,0.0030582148868831603,0.0001108999183986236,4.983018642564703e-05,0.01053090301914435,0.0023659028259523274,0.008572584512339814,0.0030582148868831603
2pl,20,10000,0.4,2pl_n20_p10000_rho+0.4,tbaem_d,all_returned,5,5,cov_b_log_a,fixed,5,1,-0.11200000000000002,0.0,0.11200000000000002,0.0,0.012544000000000003,0.0,0.11200000000000002,0.0,0.11200000000000002,0.0
2pl,20,10000,0.4,2pl_n20_p10000_rho+0.4,tbaem_d,all_returned,5,5,corr_b_log_a,fixed,5,1,-0.4,0.0,0.4,0.0,0.16000000000000003,0.0,0.4,0.0,0.4,0.0
2pl,20,10000,0.4,2pl_n20_p10000_rho+0.4,tbaem_d,rule_stable,5,5,sd_b,estimated,5,1,0.06046828085870837,0.00783870027101639,0.06046828085870837,0.00783870027101639,0.003902193877762967,0.0010821345188706266,0.06246754259423822,0.00866157426665315,0.06046828085870837,0.00783870027101639
2pl,20,10000,0.4,2pl_n20_p10000_rho+0.4,tbaem_d,rule_stable,5,5,variance_b,estimated,5,1,0.10065144325169642,0.013619661745575905,0.10065144325169642,0.013619661745575905,0.01087269377290508,0.0031534400474717505,0.10427220997420683,0.015121191198746997,0.10065144325169642,0.013619661745575905
2pl,20,10000,0.4,2pl_n20_p10000_rho+0.4,tbaem_d,rule_stable,5,5,sd_log_a,estimated,5,1,-0.011968225345003613,0.004925012160445002,0.01258840621228623,0.004521985904041081,0.00024026139703091148,0.0001086389846903674,0.01550036764179842,0.003504400256849735,0.01258840621228623,0.004521985904041081
2pl,20,10000,0.4,2pl_n20_p10000_rho+0.4,tbaem_d,rule_stable,5,5,variance_log_a,estimated,5,1,-0.00813749634447163,0.0033421950736878922,0.008572584512339814,0.0030582148868831603,0.0001108999183986236,4.983018642564703e-05,0.01053090301914435,0.0023659028259523274,0.008572584512339814,0.0030582148868831603
2pl,20,10000,0.4,2pl_n20_p10000_rho+0.4,tbaem_d,rule_stable,5,5,cov_b_log_a,fixed,5,1,-0.11200000000000002,0.0,0.11200000000000002,0.0,0.012544000000000003,0.0,0.11200000000000002,0.0,0.11200000000000002,0.0
2pl,20,10000,0.4,2pl_n20_p10000_rho+0.4,tbaem_d,rule_stable,5,5,corr_b_log_a,fixed,5,1,-0.4,0.0,0.4,0.0,0.16000000000000003,0.0,0.4,0.0,0.4,0.0
2pl,20,10000,-0.4,2pl_n20_p10000_rho-0.4,tbaem_c,all_returned,5,5,sd_b,estimated,5,1,0.051092581650422256,0.004793657012118972,0.051092581650422256,0.004793657012118972,0.0027023684899044145,0.0004796514285532617,0.051984310035859994,0.004613424975943577,0.051092581650422256,0.004793657012118972
2pl,20,10000,-0.4,2pl_n20_p10000_rho-0.4,tbaem_c,all_returned,5,5,variance_b,estimated,5,1,0.08445049913058009,0.008147865615502625,0.08445049913058009,0.008147865615502625,0.007397437659757269,0.0013486500889007204,0.08600835808081253,0.007840226920932168,0.08445049913058009,0.008147865615502625
2pl,20,10000,-0.4,2pl_n20_p10000_rho-0.4,tbaem_c,all_returned,5,5,sd_log_a,estimated,5,1,-0.012114034665090945,0.007333636254784003,0.014564227632438465,0.006118864114512397,0.00036187871873695455,0.00024258667148944877,0.019023110122610196,0.006376104378461197,0.014564227632438465,0.006118864114512397
2pl,20,10000,-0.4,2pl_n20_p10000_rho-0.4,tbaem_c,all_returned,5,5,variance_log_a,estimated,5,1,-0.008117945546826716,0.00490972398958642,0.009841827002760845,0.0040453998493552145,0.0001623225985169253,0.00010658185716335082,0.012740588625213723,0.00418276817102565,0.009841827002760845,0.0040453998493552145
2pl,20,10000,-0.4,2pl_n20_p10000_rho-0.4,tbaem_c,all_returned,5,5,cov_b_log_a,estimated,5,1,0.032335062961741615,0.007288675464674694,0.032335062961741615,0.007288675464674694,0.0012580554568571976,0.00043120080870164094,0.03546907747400822,0.0060785455868936165,0.032335062961741615,0.007288675464674694
2pl,20,10000,-0.4,2pl_n20_p10000_rho-0.4,tbaem_c,all_returned,5,5,corr_b_log_a,estimated,5,1,0.12363289641317858,0.022325985897262004,0.12363289641317858,0.022325985897262004,0.01727889166065072,0.005263026936896008,0.13144919802209035,0.02001924323650702,0.12363289641317858,0.022325985897262004
2pl,20,10000,-0.4,2pl_n20_p10000_rho-0.4,tbaem_c,rule_stable,5,5,sd_b,estimated,5,1,0.051092581650422256,0.004793657012118972,0.051092581650422256,0.004793657012118972,0.0027023684899044145,0.0004796514285532617,0.051984310035859994,0.004613424975943577,0.051092581650422256,0.004793657012118972
2pl,20,10000,-0.4,2pl_n20_p10000_rho-0.4,tbaem_c,rule_stable,5,5,variance_b,estimated,5,1,0.08445049913058009,0.008147865615502625,0.08445049913058009,0.008147865615502625,0.007397437659757269,0.0013486500889007204,0.08600835808081253,0.007840226920932168,0.08445049913058009,0.008147865615502625
2pl,20,10000,-0.4,2pl_n20_p10000_rho-0.4,tbaem_c,rule_stable,5,5,sd_log_a,estimated,5,1,-0.012114034665090945,0.007333636254784003,0.014564227632438465,0.006118864114512397,0.00036187871873695455,0.00024258667148944877,0.019023110122610196,0.006376104378461197,0.014564227632438465,0.006118864114512397
2pl,20,10000,-0.4,2pl_n20_p10000_rho-0.4,tbaem_c,rule_stable,5,5,variance_log_a,estimated,5,1,-0.008117945546826716,0.00490972398958642,0.009841827002760845,0.0040453998493552145,0.0001623225985169253,0.00010658185716335082,0.012740588625213723,0.00418276817102565,0.009841827002760845,0.0040453998493552145
2pl,20,10000,-0.4,2pl_n20_p10000_rho-0.4,tbaem_c,rule_stable,5,5,cov_b_log_a,estimated,5,1,0.032335062961741615,0.007288675464674694,0.032335062961741615,0.007288675464674694,0.0012580554568571976,0.00043120080870164094,0.03546907747400822,0.0060785455868936165,0.032335062961741615,0.007288675464674694
2pl,20,10000,-0.4,2pl_n20_p10000_rho-0.4,tbaem_c,rule_stable,5,5,corr_b_log_a,estimated,5,1,0.12363289641317858,0.022325985897262004,0.12363289641317858,0.022325985897262004,0.01727889166065072,0.005263026936896008,0.13144919802209035,0.02001924323650702,0.12363289641317858,0.022325985897262004
2pl,20,10000,-0.4,2pl_n20_p10000_rho-0.4,tbaem_d,all_returned,5,5,sd_b,estimated,5,1,0.04488521537705703,0.003810234396188929,0.04488521537705703,0.003810234396188929,0.002072754104060402,0.0003684585288946084,0.04552750931096936,0.004046548278952658,0.04488521537705703,0.003810234396188929
2pl,20,10000,-0.4,2pl_n20_p10000_rho-0.4,tbaem_d,all_returned,5,5,variance_b,estimated,5,1,0.07388909870735169,0.006464088332570232,0.07388909870735169,0.006464088332570232,0.005626736659669844,0.001032088280898521,0.07501157683764449,0.006879526630485179,0.07388909870735169,0.006464088332570232
2pl,20,10000,-0.4,2pl_n20_p10000_rho-0.4,tbaem_d,all_returned,5,5,sd_log_a,estimated,5,1,-0.00962874169153759,0.007540906996093084,0.012435193902028152,0.006433112242068737,0.0003201737798572567,0.000245840069696411,0.017893400455398542,0.006869573793678765,0.012435193902028152,0.006433112242068737
2pl,20,10000,-0.4,2pl_n20_p10000_rho-0.4,tbaem_d,all_returned,5,5,variance_log_a,estimated,5,1,-0.006419945404219069,0.005047613906942577,0.00839805380695099,0.004260340827414807,0.00014312932360739395,0.00010826748961828003,0.011963666812787538,0.004524845572536205,0.00839805380695099,0.004260340827414807
2pl,20,10000,-0.4,2pl_n20_p10000_rho-0.4,tbaem_d,all_returned,5,5,cov_b_log_a,fixed,5,1,0.11200000000000002,0.0,0.11200000000000002,0.0,0.012544000000000003,0.0,0.11200000000000002,0.0,0.11200000000000002,0.0
2pl,20,10000,-0.4,2pl_n20_p10000_rho-0.4,tbaem_d,all_returned,5,5,corr_b_log_a,fixed,5,1,0.4,0.0,0.4,0.0,0.16000000000000003,0.0,0.4,0.0,0.4,0.0
2pl,20,10000,-0.4,2pl_n20_p10000_rho-0.4,tbaem_d,rule_stable,5,5,sd_b,estimated,5,1,0.04488521537705703,0.003810234396188929,0.04488521537705703,0.003810234396188929,0.002072754104060402,0.0003684585288946084,0.04552750931096936,0.004046548278952658,0.04488521537705703,0.003810234396188929
2pl,20,10000,-0.4,2pl_n20_p10000_rho-0.4,tbaem_d,rule_stable,5,5,variance_b,estimated,5,1,0.07388909870735169,0.006464088332570232,0.07388909870735169,0.006464088332570232,0.005626736659669844,0.001032088280898521,0.07501157683764449,0.006879526630485179,0.07388909870735169,0.006464088332570232
2pl,20,10000,-0.4,2pl_n20_p10000_rho-0.4,tbaem_d,rule_stable,5,5,sd_log_a,estimated,5,1,-0.00962874169153759,0.007540906996093084,0.012435193902028152,0.006433112242068737,0.0003201737798572567,0.000245840069696411,0.017893400455398542,0.006869573793678765,0.012435193902028152,0.006433112242068737
2pl,20,10000,-0.4,2pl_n20_p10000_rho-0.4,tbaem_d,rule_stable,5,5,variance_log_a,estimated,5,1,-0.006419945404219069,0.005047613906942577,0.00839805380695099,0.004260340827414807,0.00014312932360739395,0.00010826748961828003,0.011963666812787538,0.004524845572536205,0.00839805380695099,0.004260340827414807
2pl,20,10000,-0.4,2pl_n20_p10000_rho-0.4,tbaem_d,rule_stable,5,5,cov_b_log_a,fixed,5,1,0.11200000000000002,0.0,0.11200000000000002,0.0,0.012544000000000003,0.0,0.11200000000000002,0.0,0.11200000000000002,0.0
2pl,20,10000,-0.4,2pl_n20_p10000_rho-0.4,tbaem_d,rule_stable,5,5,corr_b_log_a,fixed,5,1,0.4,0.0,0.4,0.0,0.16000000000000003,0.0,0.4,0.0,0.4,0.0
2pl,20,1000,0.0,2pl_n20_p1000_rho+0.0,tbaem_c,all_returned,5,5,sd_b,estimated,5,1,0.06554864120620285,0.016187883434410334,0.06554864120620285,0.016187883434410334,0.005344814644323741,0.0022688111821779324,0.07310823923692691,0.015516795410878652,0.06554864120620285,0.016187883434410334
2pl,20,1000,0.0,2pl_n20_p1000_rho+0.0,tbaem_c,all_returned,5,5,variance_b,estimated,5,1,0.11022264057424838,0.028154951199221304,0.11022264057424838,0.028154951199221304,0.015319835603282077,0.0066716494244091614,0.12377332347191004,0.02695107975315566,0.11022264057424838,0.028154951199221304
2pl,20,1000,0.0,2pl_n20_p1000_rho+0.0,tbaem_c,all_returned,5,5,sd_log_a,estimated,5,1,0.016277246403034407,0.009553210165998171,0.020219203023838526,0.007436193203663061,0.0006300040483680199,0.0003985265507721324,0.025099881441314018,0.007938813410412447,0.020219203023838526,0.007436193203663061
2pl,20,1000,0.0,2pl_n20_p1000_rho+0.0,tbaem_c,all_returned,5,5,variance_log_a,estimated,5,1,0.012024076530492093,0.007047319793673504,0.014744598610054236,0.005608789827955915,0.00034323728150834033,0.00022314846980890654,0.01852666406853485,0.006022359691507967,0.014744598610054236,0.005608789827955915
2pl,20,1000,0.0,2pl_n20_p1000_rho+0.0,tbaem_c,all_returned,5,5,cov_b_log_a,estimated,5,1,-0.023967785196453203,0.01053278869647945,0.024384136671636046,0.010291102430024646,0.0010182132781220623,0.00048366832123847303,0.03190945436891803,0.007578762012765701,0.024384136671636046,0.010291102430024646
2pl,20,1000,0.0,2pl_n20_p1000_rho+0.0,tbaem_c,all_returned,5,5,corr_b_log_a,estimated,5,1,-0.07105554667701841,0.03090973482779908,0.07248370663453552,0.030069294199348756,0.008870537542069365,0.004086913133724621,0.09418353116160683,0.021696538042898412,0.07248370663453552,0.030069294199348756
2pl,20,1000,0.0,2pl_n20_p1000_rho+0.0,tbaem_c,rule_stable,5,5,sd_b,estimated,5,1,0.06554864120620285,0.016187883434410334,0.06554864120620285,0.016187883434410334,0.005344814644323741,0.0022688111821779324,0.07310823923692691,0.015516795410878652,0.06554864120620285,0.016187883434410334
2pl,20,1000,0.0,2pl_n20_p1000_rho+0.0,tbaem_c,rule_stable,5,5,variance_b,estimated,5,1,0.11022264057424838,0.028154951199221304,0.11022264057424838,0.028154951199221304,0.015319835603282077,0.0066716494244091614,0.12377332347191004,0.02695107975315566,0.11022264057424838,0.028154951199221304
2pl,20,1000,0.0,2pl_n20_p1000_rho+0.0,tbaem_c,rule_stable,5,5,sd_log_a,estimated,5,1,0.016277246403034407,0.009553210165998171,0.020219203023838526,0.007436193203663061,0.0006300040483680199,0.0003985265507721324,0.025099881441314018,0.007938813410412447,0.020219203023838526,0.007436193203663061
2pl,20,1000,0.0,2pl_n20_p1000_rho+0.0,tbaem_c,rule_stable,5,5,variance_log_a,estimated,5,1,0.012024076530492093,0.007047319793673504,0.014744598610054236,0.005608789827955915,0.00034323728150834033,0.00022314846980890654,0.01852666406853485,0.006022359691507967,0.014744598610054236,0.005608789827955915
2pl,20,1000,0.0,2pl_n20_p1000_rho+0.0,tbaem_c,rule_stable,5,5,cov_b_log_a,estimated,5,1,-0.023967785196453203,0.01053278869647945,0.024384136671636046,0.010291102430024646,0.0010182132781220623,0.00048366832123847303,0.03190945436891803,0.007578762012765701,0.024384136671636046,0.010291102430024646
2pl,20,1000,0.0,2pl_n20_p1000_rho+0.0,tbaem_c,rule_stable,5,5,corr_b_log_a,estimated,5,1,-0.07105554667701841,0.03090973482779908,0.07248370663453552,0.030069294199348756,0.008870537542069365,0.004086913133724621,0.09418353116160683,0.021696538042898412,0.07248370663453552,0.030069294199348756
2pl,20,1000,0.0,2pl_n20_p1000_rho+0.0,tbaem_d,all_returned,5,5,sd_b,estimated,5,1,0.0617617466333384,0.015599382560967547,0.0617617466333384,0.015599382560967547,0.004787876292334361,0.0020635478549590166,0.06919448166099924,0.014911216945513402,0.0617617466333384,0.015599382560967547
2pl,20,1000,0.0,2pl_n20_p1000_rho+0.0,tbaem_d,all_returned,5,5,variance_b,estimated,5,1,0.10360667090567588,0.027010910873485942,0.10360667090567588,0.027010910873485942,0.013652699481018628,0.006023697014257935,0.1168447665966201,0.02577649470195518,0.10360667090567588,0.027010910873485942
2pl,20,1000,0.0,2pl_n20_p1000_rho+0.0,tbaem_d,all_returned,5,5,sd_log_a,estimated,5,1,0.013291004122600003,0.00862319755469855,0.01721862444945823,0.006663480826957592,0.0004740889348564065,0.0003387464315369586,0.021773583417903596,0.00777883973058886,0.01721862444945823,0.006663480826957592
2pl,20,1000,0.0,2pl_n20_p1000_rho+0.0,tbaem_d,all_returned,5,5,variance_log_a,estimated,5,1,0.009777791820676396,0.006338832969613515,0.012488560545897287,0.0050090987723986095,0.0002563284265551234,0.00018789889313159522,0.016010260040209324,0.005868077490924331,0.012488560545897287,0.0050090987723986095
2pl,20,1000,0.0,2pl_n20_p1000_rho+0.0,tbaem_d,all_returned,5,5,cov_b_log_a,fixed,5,1,0.0,0.0,0.0,0.0,0.0,0.0,0.0,0.0,0.0,0.0
2pl,20,1000,0.0,2pl_n20_p1000_rho+0.0,tbaem_d,all_returned,5,5,corr_b_log_a,fixed,5,1,0.0,0.0,0.0,0.0,0.0,0.0,0.0,0.0,0.0,0.0
2pl,20,1000,0.0,2pl_n20_p1000_rho+0.0,tbaem_d,rule_stable,5,5,sd_b,estimated,5,1,0.0617617466333384,0.015599382560967547,0.0617617466333384,0.015599382560967547,0.004787876292334361,0.0020635478549590166,0.06919448166099924,0.014911216945513402,0.0617617466333384,0.015599382560967547
2pl,20,1000,0.0,2pl_n20_p1000_rho+0.0,tbaem_d,rule_stable,5,5,variance_b,estimated,5,1,0.10360667090567588,0.027010910873485942,0.10360667090567588,0.027010910873485942,0.013652699481018628,0.006023697014257935,0.1168447665966201,0.02577649470195518,0.10360667090567588,0.027010910873485942
2pl,20,1000,0.0,2pl_n20_p1000_rho+0.0,tbaem_d,rule_stable,5,5,sd_log_a,estimated,5,1,0.013291004122600003,0.00862319755469855,0.01721862444945823,0.006663480826957592,0.0004740889348564065,0.0003387464315369586,0.021773583417903596,0.00777883973058886,0.01721862444945823,0.006663480826957592
2pl,20,1000,0.0,2pl_n20_p1000_rho+0.0,tbaem_d,rule_stable,5,5,variance_log_a,estimated,5,1,0.009777791820676396,0.006338832969613515,0.012488560545897287,0.0050090987723986095,0.0002563284265551234,0.00018789889313159522,0.016010260040209324,0.005868077490924331,0.012488560545897287,0.0050090987723986095
2pl,20,1000,0.0,2pl_n20_p1000_rho+0.0,tbaem_d,rule_stable,5,5,cov_b_log_a,fixed,5,1,0.0,0.0,0.0,0.0,0.0,0.0,0.0,0.0,0.0,0.0
2pl,20,1000,0.0,2pl_n20_p1000_rho+0.0,tbaem_d,rule_stable,5,5,corr_b_log_a,fixed,5,1,0.0,0.0,0.0,0.0,0.0,0.0,0.0,0.0,0.0,0.0
2pl,20,1000,0.4,2pl_n20_p1000_rho+0.4,tbaem_c,all_returned,5,5,sd_b,estimated,5,1,0.050467199611596694,0.007802663587332681,0.050467199611596694,0.007802663587332681,0.0027904644728650946,0.0007742917911995644,0.05282484711634379,0.00732885974562529,0.050467199611596694,0.007802663587332681
2pl,20,1000,0.4,2pl_n20_p1000_rho+0.4,tbaem_c,all_returned,5,5,variance_b,estimated,5,1,0.08353798385141983,0.013256198810650795,0.08353798385141983,0.013256198810650795,0.0076815019735900795,0.002179297438804504,0.08764417820705538,0.01243264232369213,0.08353798385141983,0.013256198810650795
2pl,20,1000,0.4,2pl_n20_p1000_rho+0.4,tbaem_c,all_returned,5,5,sd_log_a,estimated,5,1,-0.012974246858616034,0.01397114175039514,0.027407899424994265,0.0070340126865154964,0.0009491022887868448,0.00035043231380405985,0.030807503774029545,0.005687450634988986,0.027407899424994265,0.0070340126865154964
2pl,20,1000,0.4,2pl_n20_p1000_rho+0.4,tbaem_c,all_returned,5,5,variance_log_a,estimated,5,1,-0.00813287051224439,0.009707942484677622,0.018757253124726442,0.004777175607173901,0.0004431201719121692,0.0001583991777711914,0.021050419756198906,0.003762375753209058,0.018757253124726442,0.004777175607173901
2pl,20,1000,0.4,2pl_n20_p1000_rho+0.4,tbaem_c,all_returned,5,5,cov_b_log_a,estimated,5,1,-0.0441462379576857,0.006925609871981377,0.0441462379576857,0.006925609871981377,0.002140746614212154,0.0007417905241834387,0.046268203057954975,0.008016202004368757,0.0441462379576857,0.006925609871981377
2pl,20,1000,0.4,2pl_n20_p1000_rho+0.4,tbaem_c,all_returned,5,5,corr_b_log_a,estimated,5,1,-0.15895043725034402,0.029882228943012186,0.15895043725034402,0.029882228943012186,0.028837031928485933,0.011711182228495527,0.16981469879985636,0.03448223949770782,0.15895043725034402,0.029882228943012186
2pl,20,1000,0.4,2pl_n20_p1000_rho+0.4,tbaem_c,rule_stable,5,5,sd_b,estimated,5,1,0.050467199611596694,0.007802663587332681,0.050467199611596694,0.007802663587332681,0.0027904644728650946,0.0007742917911995644,0.05282484711634379,0.00732885974562529,0.050467199611596694,0.007802663587332681
2pl,20,1000,0.4,2pl_n20_p1000_rho+0.4,tbaem_c,rule_stable,5,5,variance_b,estimated,5,1,0.08353798385141983,0.013256198810650795,0.08353798385141983,0.013256198810650795,0.0076815019735900795,0.002179297438804504,0.08764417820705538,0.01243264232369213,0.08353798385141983,0.013256198810650795
2pl,20,1000,0.4,2pl_n20_p1000_rho+0.4,tbaem_c,rule_stable,5,5,sd_log_a,estimated,5,1,-0.012974246858616034,0.01397114175039514,0.027407899424994265,0.0070340126865154964,0.0009491022887868448,0.00035043231380405985,0.030807503774029545,0.005687450634988986,0.027407899424994265,0.0070340126865154964
2pl,20,1000,0.4,2pl_n20_p1000_rho+0.4,tbaem_c,rule_stable,5,5,variance_log_a,estimated,5,1,-0.00813287051224439,0.009707942484677622,0.018757253124726442,0.004777175607173901,0.0004431201719121692,0.0001583991777711914,0.021050419756198906,0.003762375753209058,0.018757253124726442,0.004777175607173901
2pl,20,1000,0.4,2pl_n20_p1000_rho+0.4,tbaem_c,rule_stable,5,5,cov_b_log_a,estimated,5,1,-0.0441462379576857,0.006925609871981377,0.0441462379576857,0.006925609871981377,0.002140746614212154,0.0007417905241834387,0.046268203057954975,0.008016202004368757,0.0441462379576857,0.006925609871981377
2pl,20,1000,0.4,2pl_n20_p1000_rho+0.4,tbaem_c,rule_stable,5,5,corr_b_log_a,estimated,5,1,-0.15895043725034402,0.029882228943012186,0.15895043725034402,0.029882228943012186,0.028837031928485933,0.011711182228495527,0.16981469879985636,0.03448223949770782,0.15895043725034402,0.029882228943012186
2pl,20,1000,0.4,2pl_n20_p1000_rho+0.4,tbaem_d,all_returned,5,5,sd_b,estimated,5,1,0.044688810482051554,0.00653432832260215,0.044688810482051554,0.00653432832260215,0.0021678795688109633,0.000626338884275192,0.046560493648703544,0.006726076499541496,0.044688810482051554,0.00653432832260215
2pl,20,1000,0.4,2pl_n20_p1000_rho+0.4,tbaem_d,all_returned,5,5,variance_b,estimated,5,1,0.07366997634009351,0.01107871575126346,0.07366997634009351,0.01107871575126346,0.00591821718473911,0.0017567654680726388,0.0769299498553009,0.011417955369638058,0.07366997634009351,0.01107871575126346
2pl,20,1000,0.4,2pl_n20_p1000_rho+0.4,tbaem_d,all_returned,5,5,sd_log_a,estimated,5,1,-0.017874948362520172,0.0183293830297285,0.03297468358511211,0.012000511972687842,0.001663378907964759,0.0009744337369661808,0.04078454251263288,0.011946115819055136,0.03297468358511211,0.012000511972687842
2pl,20,1000,0.4,2pl_n20_p1000_rho+0.4,tbaem_d,all_returned,5,5,variance_log_a,estimated,5,1,-0.010849084945799375,0.012198718627658603,0.02198862451074448,0.007573605167187514,0.0007129375887883107,0.00037746650295747625,0.026700891160939006,0.00706842518255862,0.02198862451074448,0.007573605167187514
2pl,20,1000,0.4,2pl_n20_p1000_rho+0.4,tbaem_d,all_returned,5,5,cov_b_log_a,fixed,5,1,-0.11200000000000002,0.0,0.11200000000000002,0.0,0.012544000000000003,0.0,0.11200000000000002,0.0,0.11200000000000002,0.0
2pl,20,1000,0.4,2pl_n20_p1000_rho+0.4,tbaem_d,all_returned,5,5,corr_b_log_a,fixed,5,1,-0.4,0.0,0.4,0.0,0.16000000000000003,0.0,0.4,0.0,0.4,0.0
2pl,20,1000,0.4,2pl_n20_p1000_rho+0.4,tbaem_d,rule_stable,5,5,sd_b,estimated,5,1,0.044688810482051554,0.00653432832260215,0.044688810482051554,0.00653432832260215,0.0021678795688109633,0.000626338884275192,0.046560493648703544,0.006726076499541496,0.044688810482051554,0.00653432832260215
2pl,20,1000,0.4,2pl_n20_p1000_rho+0.4,tbaem_d,rule_stable,5,5,variance_b,estimated,5,1,0.07366997634009351,0.01107871575126346,0.07366997634009351,0.01107871575126346,0.00591821718473911,0.0017567654680726388,0.0769299498553009,0.011417955369638058,0.07366997634009351,0.01107871575126346
2pl,20,1000,0.4,2pl_n20_p1000_rho+0.4,tbaem_d,rule_stable,5,5,sd_log_a,estimated,5,1,-0.017874948362520172,0.0183293830297285,0.03297468358511211,0.012000511972687842,0.001663378907964759,0.0009744337369661808,0.04078454251263288,0.011946115819055136,0.03297468358511211,0.012000511972687842
2pl,20,1000,0.4,2pl_n20_p1000_rho+0.4,tbaem_d,rule_stable,5,5,variance_log_a,estimated,5,1,-0.010849084945799375,0.012198718627658603,0.02198862451074448,0.007573605167187514,0.0007129375887883107,0.00037746650295747625,0.026700891160939006,0.00706842518255862,0.02198862451074448,0.007573605167187514
2pl,20,1000,0.4,2pl_n20_p1000_rho+0.4,tbaem_d,rule_stable,5,5,cov_b_log_a,fixed,5,1,-0.11200000000000002,0.0,0.11200000000000002,0.0,0.012544000000000003,0.0,0.11200000000000002,0.0,0.11200000000000002,0.0
2pl,20,1000,0.4,2pl_n20_p1000_rho+0.4,tbaem_d,rule_stable,5,5,corr_b_log_a,fixed,5,1,-0.4,0.0,0.4,0.0,0.16000000000000003,0.0,0.4,0.0,0.4,0.0
2pl,20,1000,-0.4,2pl_n20_p1000_rho-0.4,tbaem_c,all_returned,5,5,sd_b,estimated,5,1,0.06758499098844302,0.011426857271134664,0.06758499098844302,0.011426857271134664,0.005090023275287457,0.0015845710860681347,0.07134439904636843,0.011105083981703205,0.06758499098844302,0.011426857271134664
2pl,20,1000,-0.4,2pl_n20_p1000_rho-0.4,tbaem_c,all_returned,5,5,variance_b,estimated,5,1,0.11322600885679632,0.019842935307554193,0.11322600885679632,0.019842935307554193,0.014395097408118443,0.004654115769777818,0.11997957079485842,0.0193954509877996,0.11322600885679632,0.019842935307554193
2pl,20,1000,-0.4,2pl_n20_p1000_rho-0.4,tbaem_c,all_returned,5,5,sd_log_a,estimated,5,1,-0.021810674556268127,0.008376633806889563,0.021810674556268127,0.008376633806889563,0.0007563775003383425,0.00047988985950475437,0.027502318090269092,0.008724534745210254,0.021810674556268127,0.008376633806889563
2pl,20,1000,-0.4,2pl_n20_p1000_rho-0.4,tbaem_c,all_returned,5,5,variance_log_a,estimated,5,1,-0.014511094689049361,0.005393824519613584,0.014511094689049361,0.005393824519613584,0.00032694524086809547,0.00020191264210155845,0.01808162716317576,0.005583364823293248,0.014511094689049361,0.005393824519613584
2pl,20,1000,-0.4,2pl_n20_p1000_rho-0.4,tbaem_c,all_returned,5,5,cov_b_log_a,estimated,5,1,0.04561696158016667,0.011589840164658161,0.04561696158016667,0.011589840164658161,0.002618204763975696,0.0009437670821694829,0.05116839614425779,0.009222167913068291,0.04561696158016667,0.011589840164658161
2pl,20,1000,-0.4,2pl_n20_p1000_rho-0.4,tbaem_c,all_returned,5,5,corr_b_log_a,estimated,5,1,0.17126434098040474,0.03266455056290543,0.17126434098040474,0.03266455056290543,0.03359936594535877,0.010142916903650828,0.1833012982642479,0.02766733514628128,0.17126434098040474,0.03266455056290543
2pl,20,1000,-0.4,2pl_n20_p1000_rho-0.4,tbaem_c,rule_stable,5,5,sd_b,estimated,5,1,0.06758499098844302,0.011426857271134664,0.06758499098844302,0.011426857271134664,0.005090023275287457,0.0015845710860681347,0.07134439904636843,0.011105083981703205,0.06758499098844302,0.011426857271134664
2pl,20,1000,-0.4,2pl_n20_p1000_rho-0.4,tbaem_c,rule_stable,5,5,variance_b,estimated,5,1,0.11322600885679632,0.019842935307554193,0.11322600885679632,0.019842935307554193,0.014395097408118443,0.004654115769777818,0.11997957079485842,0.0193954509877996,0.11322600885679632,0.019842935307554193
2pl,20,1000,-0.4,2pl_n20_p1000_rho-0.4,tbaem_c,rule_stable,5,5,sd_log_a,estimated,5,1,-0.021810674556268127,0.008376633806889563,0.021810674556268127,0.008376633806889563,0.0007563775003383425,0.00047988985950475437,0.027502318090269092,0.008724534745210254,0.021810674556268127,0.008376633806889563
2pl,20,1000,-0.4,2pl_n20_p1000_rho-0.4,tbaem_c,rule_stable,5,5,variance_log_a,estimated,5,1,-0.014511094689049361,0.005393824519613584,0.014511094689049361,0.005393824519613584,0.00032694524086809547,0.00020191264210155845,0.01808162716317576,0.005583364823293248,0.014511094689049361,0.005393824519613584
2pl,20,1000,-0.4,2pl_n20_p1000_rho-0.4,tbaem_c,rule_stable,5,5,cov_b_log_a,estimated,5,1,0.04561696158016667,0.011589840164658161,0.04561696158016667,0.011589840164658161,0.002618204763975696,0.0009437670821694829,0.05116839614425779,0.009222167913068291,0.04561696158016667,0.011589840164658161
2pl,20,1000,-0.4,2pl_n20_p1000_rho-0.4,tbaem_c,rule_stable,5,5,corr_b_log_a,estimated,5,1,0.17126434098040474,0.03266455056290543,0.17126434098040474,0.03266455056290543,0.03359936594535877,0.010142916903650828,0.1833012982642479,0.02766733514628128,0.17126434098040474,0.03266455056290543
2pl,20,1000,-0.4,2pl_n20_p1000_rho-0.4,tbaem_d,all_returned,5,5,sd_b,estimated,5,1,0.0655550869261238,0.00949028562444034,0.0655550869261238,0.00949028562444034,0.004657731506825483,0.001096173150196947,0.06824757509850063,0.008030857862824122,0.0655550869261238,0.00949028562444034
2pl,20,1000,-0.4,2pl_n20_p1000_rho-0.4,tbaem_d,all_returned,5,5,variance_b,estimated,5,1,0.10954587058862364,0.016271107044890685,0.10954587058862364,0.016271107044890685,0.01305929346088464,0.0031429798956100993,0.11427726572194769,0.01375155362597405,0.10954587058862364,0.016271107044890685
2pl,20,1000,-0.4,2pl_n20_p1000_rho-0.4,tbaem_d,all_returned,5,5,sd_log_a,estimated,5,1,-0.0206100028824438,0.008637138010082517,0.0206100028824438,0.008637138010082517,0.0007231728308351907,0.0004872317475094406,0.026891872951417695,0.009059089123127709,0.0206100028824438,0.008637138010082517
2pl,20,1000,-0.4,2pl_n20_p1000_rho-0.4,tbaem_d,all_returned,5,5,variance_log_a,estimated,5,1,-0.013703829186875485,0.005571445376274275,0.013703829186875485,0.005571445376274275,0.00031195894870629244,0.0002047594437059833,0.017662359658502384,0.005796491739069964,0.013703829186875485,0.005571445376274275
2pl,20,1000,-0.4,2pl_n20_p1000_rho-0.4,tbaem_d,all_returned,5,5,cov_b_log_a,fixed,5,1,0.11200000000000002,0.0,0.11200000000000002,0.0,0.012544000000000003,0.0,0.11200000000000002,0.0,0.11200000000000002,0.0
2pl,20,1000,-0.4,2pl_n20_p1000_rho-0.4,tbaem_d,all_returned,5,5,corr_b_log_a,fixed,5,1,0.4,0.0,0.4,0.0,0.16000000000000003,0.0,0.4,0.0,0.4,0.0
2pl,20,1000,-0.4,2pl_n20_p1000_rho-0.4,tbaem_d,rule_stable,5,5,sd_b,estimated,5,1,0.0655550869261238,0.00949028562444034,0.0655550869261238,0.00949028562444034,0.004657731506825483,0.001096173150196947,0.06824757509850063,0.008030857862824122,0.0655550869261238,0.00949028562444034
2pl,20,1000,-0.4,2pl_n20_p1000_rho-0.4,tbaem_d,rule_stable,5,5,variance_b,estimated,5,1,0.10954587058862364,0.016271107044890685,0.10954587058862364,0.016271107044890685,0.01305929346088464,0.0031429798956100993,0.11427726572194769,0.01375155362597405,0.10954587058862364,0.016271107044890685
2pl,20,1000,-0.4,2pl_n20_p1000_rho-0.4,tbaem_d,rule_stable,5,5,sd_log_a,estimated,5,1,-0.0206100028824438,0.008637138010082517,0.0206100028824438,0.008637138010082517,0.0007231728308351907,0.0004872317475094406,0.026891872951417695,0.009059089123127709,0.0206100028824438,0.008637138010082517
2pl,20,1000,-0.4,2pl_n20_p1000_rho-0.4,tbaem_d,rule_stable,5,5,variance_log_a,estimated,5,1,-0.013703829186875485,0.005571445376274275,0.013703829186875485,0.005571445376274275,0.00031195894870629244,0.0002047594437059833,0.017662359658502384,0.005796491739069964,0.013703829186875485,0.005571445376274275
2pl,20,1000,-0.4,2pl_n20_p1000_rho-0.4,tbaem_d,rule_stable,5,5,cov_b_log_a,fixed,5,1,0.11200000000000002,0.0,0.11200000000000002,0.0,0.012544000000000003,0.0,0.11200000000000002,0.0,0.11200000000000002,0.0
2pl,20,1000,-0.4,2pl_n20_p1000_rho-0.4,tbaem_d,rule_stable,5,5,corr_b_log_a,fixed,5,1,0.4,0.0,0.4,0.0,0.16000000000000003,0.0,0.4,0.0,0.4,0.0
