item_correlation,metric,mean_correlated_minus_diagonal,mcse,jointly_converged_pairs,cell_weight
-0.4,holdout_brier,-0.00011157595851454565,4.128440515948338e-06,398,0.25
-0.4,holdout_logloss,-0.0003761169896868913,1.360381329452576e-05,398,0.25
-0.4,theta_bias_identified_scale,-0.027530463202225217,0.00041544015039168483,398,0.25
-0.4,theta_mae_identified_scale,-0.017673055398070382,0.00030487042502429327,398,0.25
-0.4,theta_rmse_identified_scale,-0.018330568583373126,0.0002986731256644687,398,0.25
0.0,holdout_brier,7.4912958498890376e-06,1.7932974159492837e-06,395,0.25
0.0,holdout_logloss,2.2946673231384235e-05,5.333796014566116e-06,395,0.25
0.0,theta_bias_identified_scale,0.0005045830366300907,0.0004556588124878115,395,0.25
0.0,theta_mae_identified_scale,0.0016860085646332673,0.0002586021754096203,395,0.25
0.0,theta_rmse_identified_scale,0.0017419282133240828,0.00025528498257197224,395,0.25
0.4,holdout_brier,-0.00010672284334088676,4.31804447346011e-06,396,0.25
0.4,holdout_logloss,-0.0003599657408925128,1.3217740277703175e-05,396,0.25
0.4,theta_bias_identified_scale,0.027587605619188556,0.0004219813379010472,396,0.25
0.4,theta_mae_identified_scale,-0.017781003769349768,0.0002783641225259875,396,0.25
0.4,theta_rmse_identified_scale,-0.01858895654240702,0.0002822446453655392,396,0.25
