model,n_subjects,n_items,item_correlation,framework,outcome,count
1pl,20,1000,0.0,py_irt,iteration_limit,100
1pl,20,1000,0.0,torch_measure,rule_converged,100
1pl,20,1000,0.0,transposed_em_correlated,unavailable,100
1pl,20,1000,0.0,transposed_em_diagonal,rule_converged,100
1pl,20,10000,0.0,py_irt,iteration_limit,100
1pl,20,10000,0.0,torch_measure,rule_converged,100
1pl,20,10000,0.0,transposed_em_correlated,unavailable,100
1pl,20,10000,0.0,transposed_em_diagonal,rule_converged,100
1pl,100,1000,0.0,py_irt,iteration_limit,100
1pl,100,1000,0.0,torch_measure,rule_converged,100
1pl,100,1000,0.0,transposed_em_correlated,unavailable,100
1pl,100,1000,0.0,transposed_em_diagonal,rule_converged,100
1pl,100,10000,0.0,py_irt,iteration_limit,100
1pl,100,10000,0.0,torch_measure,rule_converged,100
1pl,100,10000,0.0,transposed_em_correlated,unavailable,100
1pl,100,10000,0.0,transposed_em_diagonal,rule_converged,100
2pl,20,1000,-0.4,py_irt,iteration_limit,100
2pl,20,1000,-0.4,torch_measure,failed,1
2pl,20,1000,-0.4,torch_measure,rule_converged,99
2pl,20,1000,-0.4,transposed_em_correlated,rule_converged,100
2pl,20,1000,-0.4,transposed_em_diagonal,rule_converged,100
2pl,20,1000,0.0,py_irt,iteration_limit,100
2pl,20,1000,0.0,torch_measure,failed,2
2pl,20,1000,0.0,torch_measure,rule_converged,98
2pl,20,1000,0.0,transposed_em_correlated,objective_divergence,1
2pl,20,1000,0.0,transposed_em_correlated,rule_converged,99
2pl,20,1000,0.0,transposed_em_diagonal,rule_converged,100
2pl,20,1000,0.4,py_irt,iteration_limit,100
2pl,20,1000,0.4,torch_measure,failed,2
2pl,20,1000,0.4,torch_measure,rule_converged,98
2pl,20,1000,0.4,transposed_em_correlated,objective_divergence,2
2pl,20,1000,0.4,transposed_em_correlated,rule_converged,98
2pl,20,1000,0.4,transposed_em_diagonal,rule_converged,100
2pl,20,10000,-0.4,py_irt,iteration_limit,100
2pl,20,10000,-0.4,torch_measure,rule_converged,100
2pl,20,10000,-0.4,transposed_em_correlated,objective_divergence,1
2pl,20,10000,-0.4,transposed_em_correlated,rule_converged,99
2pl,20,10000,-0.4,transposed_em_diagonal,rule_converged,100
2pl,20,10000,0.0,py_irt,iteration_limit,100
2pl,20,10000,0.0,torch_measure,rule_converged,100
2pl,20,10000,0.0,transposed_em_correlated,objective_divergence,2
2pl,20,10000,0.0,transposed_em_correlated,rule_converged,98
2pl,20,10000,0.0,transposed_em_diagonal,objective_divergence,1
2pl,20,10000,0.0,transposed_em_diagonal,rule_converged,99
2pl,20,10000,0.4,py_irt,iteration_limit,100
2pl,20,10000,0.4,torch_measure,failed,2
2pl,20,10000,0.4,torch_measure,rule_converged,98
2pl,20,10000,0.4,transposed_em_correlated,objective_divergence,1
2pl,20,10000,0.4,transposed_em_correlated,rule_converged,99
2pl,20,10000,0.4,transposed_em_diagonal,objective_divergence,1
2pl,20,10000,0.4,transposed_em_diagonal,rule_converged,99
2pl,100,1000,-0.4,py_irt,iteration_limit,100
2pl,100,1000,-0.4,torch_measure,rule_converged,100
2pl,100,1000,-0.4,transposed_em_correlated,objective_divergence,1
2pl,100,1000,-0.4,transposed_em_correlated,rule_converged,99
2pl,100,1000,-0.4,transposed_em_diagonal,rule_converged,100
2pl,100,1000,0.0,py_irt,iteration_limit,100
2pl,100,1000,0.0,torch_measure,rule_converged,100
2pl,100,1000,0.0,transposed_em_correlated,rule_converged,100
2pl,100,1000,0.0,transposed_em_diagonal,objective_divergence,1
2pl,100,1000,0.0,transposed_em_diagonal,rule_converged,99
2pl,100,1000,0.4,py_irt,iteration_limit,100
2pl,100,1000,0.4,torch_measure,failed,1
2pl,100,1000,0.4,torch_measure,rule_converged,99
2pl,100,1000,0.4,transposed_em_correlated,rule_converged,100
2pl,100,1000,0.4,transposed_em_diagonal,rule_converged,100
2pl,100,10000,-0.4,py_irt,iteration_limit,100
2pl,100,10000,-0.4,torch_measure,rule_converged,100
2pl,100,10000,-0.4,transposed_em_correlated,rule_converged,100
2pl,100,10000,-0.4,transposed_em_diagonal,rule_converged,100
2pl,100,10000,0.0,py_irt,iteration_limit,100
2pl,100,10000,0.0,torch_measure,failed,1
2pl,100,10000,0.0,torch_measure,rule_converged,99
2pl,100,10000,0.0,transposed_em_correlated,rule_converged,100
2pl,100,10000,0.0,transposed_em_diagonal,rule_converged,100
2pl,100,10000,0.4,py_irt,iteration_limit,100
2pl,100,10000,0.4,torch_measure,rule_converged,100
2pl,100,10000,0.4,transposed_em_correlated,rule_converged,100
2pl,100,10000,0.4,transposed_em_diagonal,rule_converged,100
