model,n_subjects,n_items,item_correlation,framework,cohort,generated,metric,n,mean,mcse,sd,median,q025,q975
1pl,20,1000,0.0,py_irt,all_returned,100,holdout_brier,100,0.31099760232013673,0.001732584609273928,0.01732584609273928,0.3101979483337352,0.27503523371311295,0.341817367200601
1pl,20,1000,0.0,py_irt,all_returned,100,holdout_logloss,100,1.9952797244627896,0.013314226398896154,0.13314226398896153,1.9808836513921153,1.7714811925809906,2.282481772978841
1pl,20,1000,0.0,py_irt,all_returned,100,elapsed_seconds,100,1.677220851630409,0.07192386437614082,0.7192386437614082,1.5935686665034154,0.8357640843722038,3.864260294951229
1pl,20,1000,0.0,py_irt,all_returned,100,iterations,0,,,,,,
1pl,20,1000,0.0,py_irt,all_returned,100,epochs,100,500.0,0.0,0.0,500.0,500.0,500.0
1pl,20,1000,0.0,py_irt,rule_converged,100,holdout_brier,0,,,,,,
1pl,20,1000,0.0,py_irt,rule_converged,100,holdout_logloss,0,,,,,,
1pl,20,1000,0.0,py_irt,rule_converged,100,elapsed_seconds,0,,,,,,
1pl,20,1000,0.0,py_irt,rule_converged,100,iterations,0,,,,,,
1pl,20,1000,0.0,py_irt,rule_converged,100,epochs,0,,,,,,
1pl,20,1000,0.0,torch_measure,all_returned,100,holdout_brier,100,0.19942510028720956,0.0008550936106005937,0.008550936106005937,0.19944810537054955,0.18048029000029484,0.21479970137897986
1pl,20,1000,0.0,torch_measure,all_returned,100,holdout_logloss,100,0.5839481612408634,0.0020518155178006906,0.020518155178006908,0.584898902442772,0.5397423775222211,0.6218595628835027
1pl,20,1000,0.0,torch_measure,all_returned,100,elapsed_seconds,100,6.929450917439608,0.1598635400075011,1.5986354000750111,6.621806458002538,4.92761712987267,11.617679409923584
1pl,20,1000,0.0,torch_measure,all_returned,100,iterations,100,6.88,0.05555959581268286,0.5555959581268286,7.0,6.0,8.0
1pl,20,1000,0.0,torch_measure,all_returned,100,epochs,0,,,,,,
1pl,20,1000,0.0,torch_measure,rule_converged,100,holdout_brier,100,0.19942510028720956,0.0008550936106005937,0.008550936106005937,0.19944810537054955,0.18048029000029484,0.21479970137897986
1pl,20,1000,0.0,torch_measure,rule_converged,100,holdout_logloss,100,0.5839481612408634,0.0020518155178006906,0.020518155178006908,0.584898902442772,0.5397423775222211,0.6218595628835027
1pl,20,1000,0.0,torch_measure,rule_converged,100,elapsed_seconds,100,6.929450917439608,0.1598635400075011,1.5986354000750111,6.621806458002538,4.92761712987267,11.617679409923584
1pl,20,1000,0.0,torch_measure,rule_converged,100,iterations,100,6.88,0.05555959581268286,0.5555959581268286,7.0,6.0,8.0
1pl,20,1000,0.0,torch_measure,rule_converged,100,epochs,0,,,,,,
1pl,20,1000,0.0,transposed_em_correlated,all_returned,100,holdout_brier,0,,,,,,
1pl,20,1000,0.0,transposed_em_correlated,all_returned,100,holdout_logloss,0,,,,,,
1pl,20,1000,0.0,transposed_em_correlated,all_returned,100,elapsed_seconds,0,,,,,,
1pl,20,1000,0.0,transposed_em_correlated,all_returned,100,iterations,0,,,,,,
1pl,20,1000,0.0,transposed_em_correlated,all_returned,100,epochs,0,,,,,,
1pl,20,1000,0.0,transposed_em_correlated,rule_converged,100,holdout_brier,0,,,,,,
1pl,20,1000,0.0,transposed_em_correlated,rule_converged,100,holdout_logloss,0,,,,,,
1pl,20,1000,0.0,transposed_em_correlated,rule_converged,100,elapsed_seconds,0,,,,,,
1pl,20,1000,0.0,transposed_em_correlated,rule_converged,100,iterations,0,,,,,,
1pl,20,1000,0.0,transposed_em_correlated,rule_converged,100,epochs,0,,,,,,
1pl,20,1000,0.0,transposed_em_diagonal,all_returned,100,holdout_brier,100,0.1975436216768878,0.0008342552848713414,0.008342552848713413,0.19722340841796493,0.1795315831289042,0.21227914550133573
1pl,20,1000,0.0,transposed_em_diagonal,all_returned,100,holdout_logloss,100,0.5781407980010452,0.001969215797757537,0.01969215797757537,0.5780691394547551,0.5343080601766507,0.6132808591333703
1pl,20,1000,0.0,transposed_em_diagonal,all_returned,100,elapsed_seconds,100,0.6685897741493682,0.0164247684897059,0.164247684897059,0.646362916493672,0.4585489930184849,1.1027784112975476
1pl,20,1000,0.0,transposed_em_diagonal,all_returned,100,iterations,100,14.83,0.06365151334819269,0.6365151334819269,15.0,14.0,16.0
1pl,20,1000,0.0,transposed_em_diagonal,all_returned,100,epochs,0,,,,,,
1pl,20,1000,0.0,transposed_em_diagonal,rule_converged,100,holdout_brier,100,0.1975436216768878,0.0008342552848713414,0.008342552848713413,0.19722340841796493,0.1795315831289042,0.21227914550133573
1pl,20,1000,0.0,transposed_em_diagonal,rule_converged,100,holdout_logloss,100,0.5781407980010452,0.001969215797757537,0.01969215797757537,0.5780691394547551,0.5343080601766507,0.6132808591333703
1pl,20,1000,0.0,transposed_em_diagonal,rule_converged,100,elapsed_seconds,100,0.6685897741493682,0.0164247684897059,0.164247684897059,0.646362916493672,0.4585489930184849,1.1027784112975476
1pl,20,1000,0.0,transposed_em_diagonal,rule_converged,100,iterations,100,14.83,0.06365151334819269,0.6365151334819269,15.0,14.0,16.0
1pl,20,1000,0.0,transposed_em_diagonal,rule_converged,100,epochs,0,,,,,,
1pl,20,10000,0.0,py_irt,all_returned,100,holdout_brier,100,0.31231987472307204,0.0019295806969034108,0.01929580696903411,0.31439749814723517,0.27358994539537657,0.3440568552538067
1pl,20,10000,0.0,py_irt,all_returned,100,holdout_logloss,100,2.050891454806216,0.015371608311833823,0.15371608311833823,2.0607762374772194,1.7540800749200989,2.3374185429142043
1pl,20,10000,0.0,py_irt,all_returned,100,elapsed_seconds,100,8.252265053690426,0.2586738610172895,2.586738610172895,7.630954229494819,5.368360263864088,13.10387962931745
1pl,20,10000,0.0,py_irt,all_returned,100,iterations,0,,,,,,
1pl,20,10000,0.0,py_irt,all_returned,100,epochs,100,500.0,0.0,0.0,500.0,500.0,500.0
1pl,20,10000,0.0,py_irt,rule_converged,100,holdout_brier,0,,,,,,
1pl,20,10000,0.0,py_irt,rule_converged,100,holdout_logloss,0,,,,,,
1pl,20,10000,0.0,py_irt,rule_converged,100,elapsed_seconds,0,,,,,,
1pl,20,10000,0.0,py_irt,rule_converged,100,iterations,0,,,,,,
1pl,20,10000,0.0,py_irt,rule_converged,100,epochs,0,,,,,,
1pl,20,10000,0.0,torch_measure,all_returned,100,holdout_brier,100,0.19949678827545805,0.0008249299423277081,0.008249299423277082,0.20053397310072318,0.18035266887433965,0.21209037332664643
1pl,20,10000,0.0,torch_measure,all_returned,100,holdout_logloss,100,0.5841107833659956,0.0019626122352659867,0.019626122352659866,0.5864033004297176,0.5388283838735,0.6135936152107211
1pl,20,10000,0.0,torch_measure,all_returned,100,elapsed_seconds,100,8.952808696679858,0.25393216094720034,2.5393216094720032,8.404487874999177,6.135716203851916,16.384275119653093
1pl,20,10000,0.0,torch_measure,all_returned,100,iterations,100,12.42,0.5447972470598951,5.447972470598951,12.0,10.0,19.34999999999988
1pl,20,10000,0.0,torch_measure,all_returned,100,epochs,0,,,,,,
1pl,20,10000,0.0,torch_measure,rule_converged,100,holdout_brier,100,0.19949678827545805,0.0008249299423277081,0.008249299423277082,0.20053397310072318,0.18035266887433965,0.21209037332664643
1pl,20,10000,0.0,torch_measure,rule_converged,100,holdout_logloss,100,0.5841107833659956,0.0019626122352659867,0.019626122352659866,0.5864033004297176,0.5388283838735,0.6135936152107211
1pl,20,10000,0.0,torch_measure,rule_converged,100,elapsed_seconds,100,8.952808696679858,0.25393216094720034,2.5393216094720032,8.404487874999177,6.135716203851916,16.384275119653093
1pl,20,10000,0.0,torch_measure,rule_converged,100,iterations,100,12.42,0.5447972470598951,5.447972470598951,12.0,10.0,19.34999999999988
1pl,20,10000,0.0,torch_measure,rule_converged,100,epochs,0,,,,,,
1pl,20,10000,0.0,transposed_em_correlated,all_returned,100,holdout_brier,0,,,,,,
1pl,20,10000,0.0,transposed_em_correlated,all_returned,100,holdout_logloss,0,,,,,,
1pl,20,10000,0.0,transposed_em_correlated,all_returned,100,elapsed_seconds,0,,,,,,
1pl,20,10000,0.0,transposed_em_correlated,all_returned,100,iterations,0,,,,,,
1pl,20,10000,0.0,transposed_em_correlated,all_returned,100,epochs,0,,,,,,
1pl,20,10000,0.0,transposed_em_correlated,rule_converged,100,holdout_brier,0,,,,,,
1pl,20,10000,0.0,transposed_em_correlated,rule_converged,100,holdout_logloss,0,,,,,,
1pl,20,10000,0.0,transposed_em_correlated,rule_converged,100,elapsed_seconds,0,,,,,,
1pl,20,10000,0.0,transposed_em_correlated,rule_converged,100,iterations,0,,,,,,
1pl,20,10000,0.0,transposed_em_correlated,rule_converged,100,epochs,0,,,,,,
1pl,20,10000,0.0,transposed_em_diagonal,all_returned,100,holdout_brier,100,0.1975072331399495,0.0008233206523102752,0.008233206523102752,0.1986207196908657,0.1783519795185146,0.210496742733155
1pl,20,10000,0.0,transposed_em_diagonal,all_returned,100,holdout_logloss,100,0.578034026703994,0.0019395296041863634,0.019395296041863633,0.5800841069510159,0.5322905953359318,0.6086190600955032
1pl,20,10000,0.0,transposed_em_diagonal,all_returned,100,elapsed_seconds,100,9.543963389610072,0.18073441579767832,1.8073441579767833,9.173448853995069,7.013046169952213,12.919051444125214
1pl,20,10000,0.0,transposed_em_diagonal,all_returned,100,iterations,100,14.81,0.054485657458517175,0.5448565745851718,15.0,14.0,16.0
1pl,20,10000,0.0,transposed_em_diagonal,all_returned,100,epochs,0,,,,,,
1pl,20,10000,0.0,transposed_em_diagonal,rule_converged,100,holdout_brier,100,0.1975072331399495,0.0008233206523102752,0.008233206523102752,0.1986207196908657,0.1783519795185146,0.210496742733155
1pl,20,10000,0.0,transposed_em_diagonal,rule_converged,100,holdout_logloss,100,0.578034026703994,0.0019395296041863634,0.019395296041863633,0.5800841069510159,0.5322905953359318,0.6086190600955032
1pl,20,10000,0.0,transposed_em_diagonal,rule_converged,100,elapsed_seconds,100,9.543963389610072,0.18073441579767832,1.8073441579767833,9.173448853995069,7.013046169952213,12.919051444125214
1pl,20,10000,0.0,transposed_em_diagonal,rule_converged,100,iterations,100,14.81,0.054485657458517175,0.5448565745851718,15.0,14.0,16.0
1pl,20,10000,0.0,transposed_em_diagonal,rule_converged,100,epochs,0,,,,,,
1pl,100,1000,0.0,py_irt,all_returned,100,holdout_brier,100,0.31049283021014157,0.0009656476621630168,0.009656476621630168,0.3108330575465444,0.29000240877823397,0.32713950030664424
1pl,100,1000,0.0,py_irt,all_returned,100,holdout_logloss,100,1.9481035857871816,0.005968615083417734,0.05968615083417734,1.9570207419276868,1.8339936405613262,2.050778889932607
1pl,100,1000,0.0,py_irt,all_returned,100,elapsed_seconds,100,3.3507457853601226,0.1428305754689644,1.428305754689644,3.134278812503908,1.7869169628484085,7.487089052959339
1pl,100,1000,0.0,py_irt,all_returned,100,iterations,0,,,,,,
1pl,100,1000,0.0,py_irt,all_returned,100,epochs,100,500.0,0.0,0.0,500.0,500.0,500.0
1pl,100,1000,0.0,py_irt,rule_converged,100,holdout_brier,0,,,,,,
1pl,100,1000,0.0,py_irt,rule_converged,100,holdout_logloss,0,,,,,,
1pl,100,1000,0.0,py_irt,rule_converged,100,elapsed_seconds,0,,,,,,
1pl,100,1000,0.0,py_irt,rule_converged,100,iterations,0,,,,,,
1pl,100,1000,0.0,py_irt,rule_converged,100,epochs,0,,,,,,
1pl,100,1000,0.0,torch_measure,all_returned,100,holdout_brier,100,0.1914851456832774,0.0004042599803684791,0.0040425998036847915,0.1912330737166757,0.18346341889291742,0.19987665670212573
1pl,100,1000,0.0,torch_measure,all_returned,100,holdout_logloss,100,0.5636791691867532,0.0009659943575279547,0.009659943575279547,0.5633555718376302,0.544609376385893,0.583339698457229
1pl,100,1000,0.0,torch_measure,all_returned,100,elapsed_seconds,100,6.208808250420116,0.2841164693661752,2.841164693661752,5.6232991045035305,4.215779502401347,10.471675962670997
1pl,100,1000,0.0,torch_measure,all_returned,100,iterations,100,5.22,0.04163331998932267,0.41633319989322665,5.0,5.0,6.0
1pl,100,1000,0.0,torch_measure,all_returned,100,epochs,0,,,,,,
1pl,100,1000,0.0,torch_measure,rule_converged,100,holdout_brier,100,0.1914851456832774,0.0004042599803684791,0.0040425998036847915,0.1912330737166757,0.18346341889291742,0.19987665670212573
1pl,100,1000,0.0,torch_measure,rule_converged,100,holdout_logloss,100,0.5636791691867532,0.0009659943575279547,0.009659943575279547,0.5633555718376302,0.544609376385893,0.583339698457229
1pl,100,1000,0.0,torch_measure,rule_converged,100,elapsed_seconds,100,6.208808250420116,0.2841164693661752,2.841164693661752,5.6232991045035305,4.215779502401347,10.471675962670997
1pl,100,1000,0.0,torch_measure,rule_converged,100,iterations,100,5.22,0.04163331998932267,0.41633319989322665,5.0,5.0,6.0
1pl,100,1000,0.0,torch_measure,rule_converged,100,epochs,0,,,,,,
1pl,100,1000,0.0,transposed_em_correlated,all_returned,100,holdout_brier,0,,,,,,
1pl,100,1000,0.0,transposed_em_correlated,all_returned,100,holdout_logloss,0,,,,,,
1pl,100,1000,0.0,transposed_em_correlated,all_returned,100,elapsed_seconds,0,,,,,,
1pl,100,1000,0.0,transposed_em_correlated,all_returned,100,iterations,0,,,,,,
1pl,100,1000,0.0,transposed_em_correlated,all_returned,100,epochs,0,,,,,,
1pl,100,1000,0.0,transposed_em_correlated,rule_converged,100,holdout_brier,0,,,,,,
1pl,100,1000,0.0,transposed_em_correlated,rule_converged,100,holdout_logloss,0,,,,,,
1pl,100,1000,0.0,transposed_em_correlated,rule_converged,100,elapsed_seconds,0,,,,,,
1pl,100,1000,0.0,transposed_em_correlated,rule_converged,100,iterations,0,,,,,,
1pl,100,1000,0.0,transposed_em_correlated,rule_converged,100,epochs,0,,,,,,
1pl,100,1000,0.0,transposed_em_diagonal,all_returned,100,holdout_brier,100,0.19148886063333037,0.0004043740383254713,0.004043740383254713,0.19121555765142073,0.18346781716114594,0.19987112812634342
1pl,100,1000,0.0,transposed_em_diagonal,all_returned,100,holdout_logloss,100,0.5636867240286896,0.0009666040590011907,0.009666040590011906,0.5634241931352538,0.5446779312603153,0.5833313384544313
1pl,100,1000,0.0,transposed_em_diagonal,all_returned,100,elapsed_seconds,100,1.5213026545491448,0.028644060870121398,0.28644060870121396,1.540817833498295,1.0633606642553786,2.0967130507186074
1pl,100,1000,0.0,transposed_em_diagonal,all_returned,100,iterations,100,14.0,0.0,0.0,14.0,14.0,14.0
1pl,100,1000,0.0,transposed_em_diagonal,all_returned,100,epochs,0,,,,,,
1pl,100,1000,0.0,transposed_em_diagonal,rule_converged,100,holdout_brier,100,0.19148886063333037,0.0004043740383254713,0.004043740383254713,0.19121555765142073,0.18346781716114594,0.19987112812634342
1pl,100,1000,0.0,transposed_em_diagonal,rule_converged,100,holdout_logloss,100,0.5636867240286896,0.0009666040590011907,0.009666040590011906,0.5634241931352538,0.5446779312603153,0.5833313384544313
1pl,100,1000,0.0,transposed_em_diagonal,rule_converged,100,elapsed_seconds,100,1.5213026545491448,0.028644060870121398,0.28644060870121396,1.540817833498295,1.0633606642553786,2.0967130507186074
1pl,100,1000,0.0,transposed_em_diagonal,rule_converged,100,iterations,100,14.0,0.0,0.0,14.0,14.0,14.0
1pl,100,1000,0.0,transposed_em_diagonal,rule_converged,100,epochs,0,,,,,,
1pl,100,10000,0.0,py_irt,all_returned,100,holdout_brier,100,0.31378209915904387,0.0008729600348126813,0.008729600348126813,0.3135987823746488,0.29786179696028947,0.3297289528632851
1pl,100,10000,0.0,py_irt,all_returned,100,holdout_logloss,100,2.023290635880171,0.006979909984653937,0.06979909984653937,2.0342288353666538,1.8870480388471924,2.1381073426254846
1pl,100,10000,0.0,py_irt,all_returned,100,elapsed_seconds,100,15.937009108310521,0.37114706044567747,3.7114706044567747,15.352130395498534,10.570705846522834,22.393207588220683
1pl,100,10000,0.0,py_irt,all_returned,100,iterations,0,,,,,,
1pl,100,10000,0.0,py_irt,all_returned,100,epochs,100,500.0,0.0,0.0,500.0,500.0,500.0
1pl,100,10000,0.0,py_irt,rule_converged,100,holdout_brier,0,,,,,,
1pl,100,10000,0.0,py_irt,rule_converged,100,holdout_logloss,0,,,,,,
1pl,100,10000,0.0,py_irt,rule_converged,100,elapsed_seconds,0,,,,,,
1pl,100,10000,0.0,py_irt,rule_converged,100,iterations,0,,,,,,
1pl,100,10000,0.0,py_irt,rule_converged,100,epochs,0,,,,,,
1pl,100,10000,0.0,torch_measure,all_returned,100,holdout_brier,100,0.1918914490458173,0.00035262412630151065,0.0035262412630151065,0.19228131869224435,0.18491726908481154,0.19709812147195024
1pl,100,10000,0.0,torch_measure,all_returned,100,holdout_logloss,100,0.5646351448017477,0.0008438979128225228,0.008438979128225228,0.5655324026871333,0.5479765002328484,0.5769770709415446
1pl,100,10000,0.0,torch_measure,all_returned,100,elapsed_seconds,100,10.050230483820123,0.3082351165418856,3.0823511654188565,9.242477666499326,6.922077991653714,18.295332130527086
1pl,100,10000,0.0,torch_measure,all_returned,100,iterations,100,7.74,0.18620071715948644,1.8620071715948643,7.0,7.0,11.0
1pl,100,10000,0.0,torch_measure,all_returned,100,epochs,0,,,,,,
1pl,100,10000,0.0,torch_measure,rule_converged,100,holdout_brier,100,0.1918914490458173,0.00035262412630151065,0.0035262412630151065,0.19228131869224435,0.18491726908481154,0.19709812147195024
1pl,100,10000,0.0,torch_measure,rule_converged,100,holdout_logloss,100,0.5646351448017477,0.0008438979128225228,0.008438979128225228,0.5655324026871333,0.5479765002328484,0.5769770709415446
1pl,100,10000,0.0,torch_measure,rule_converged,100,elapsed_seconds,100,10.050230483820123,0.3082351165418856,3.0823511654188565,9.242477666499326,6.922077991653714,18.295332130527086
1pl,100,10000,0.0,torch_measure,rule_converged,100,iterations,100,7.74,0.18620071715948644,1.8620071715948643,7.0,7.0,11.0
1pl,100,10000,0.0,torch_measure,rule_converged,100,epochs,0,,,,,,
1pl,100,10000,0.0,transposed_em_correlated,all_returned,100,holdout_brier,0,,,,,,
1pl,100,10000,0.0,transposed_em_correlated,all_returned,100,holdout_logloss,0,,,,,,
1pl,100,10000,0.0,transposed_em_correlated,all_returned,100,elapsed_seconds,0,,,,,,
1pl,100,10000,0.0,transposed_em_correlated,all_returned,100,iterations,0,,,,,,
1pl,100,10000,0.0,transposed_em_correlated,all_returned,100,epochs,0,,,,,,
1pl,100,10000,0.0,transposed_em_correlated,rule_converged,100,holdout_brier,0,,,,,,
1pl,100,10000,0.0,transposed_em_correlated,rule_converged,100,holdout_logloss,0,,,,,,
1pl,100,10000,0.0,transposed_em_correlated,rule_converged,100,elapsed_seconds,0,,,,,,
1pl,100,10000,0.0,transposed_em_correlated,rule_converged,100,iterations,0,,,,,,
1pl,100,10000,0.0,transposed_em_correlated,rule_converged,100,epochs,0,,,,,,
1pl,100,10000,0.0,transposed_em_diagonal,all_returned,100,holdout_brier,100,0.19189047616259103,0.0003526396648246854,0.003526396648246854,0.1922791669804441,0.18491681478875333,0.19709600256973137
1pl,100,10000,0.0,transposed_em_diagonal,all_returned,100,holdout_logloss,100,0.5646314926816358,0.0008439459287978927,0.008439459287978927,0.5655264725480874,0.5479719186528315,0.5769710632975948
1pl,100,10000,0.0,transposed_em_diagonal,all_returned,100,elapsed_seconds,100,16.829717859179436,0.19973725572077516,1.9973725572077516,16.944252146000508,13.314856992169007,20.38021932324409
1pl,100,10000,0.0,transposed_em_diagonal,all_returned,100,iterations,100,14.0,0.0,0.0,14.0,14.0,14.0
1pl,100,10000,0.0,transposed_em_diagonal,all_returned,100,epochs,0,,,,,,
1pl,100,10000,0.0,transposed_em_diagonal,rule_converged,100,holdout_brier,100,0.19189047616259103,0.0003526396648246854,0.003526396648246854,0.1922791669804441,0.18491681478875333,0.19709600256973137
1pl,100,10000,0.0,transposed_em_diagonal,rule_converged,100,holdout_logloss,100,0.5646314926816358,0.0008439459287978927,0.008439459287978927,0.5655264725480874,0.5479719186528315,0.5769710632975948
1pl,100,10000,0.0,transposed_em_diagonal,rule_converged,100,elapsed_seconds,100,16.829717859179436,0.19973725572077516,1.9973725572077516,16.944252146000508,13.314856992169007,20.38021932324409
1pl,100,10000,0.0,transposed_em_diagonal,rule_converged,100,iterations,100,14.0,0.0,0.0,14.0,14.0,14.0
1pl,100,10000,0.0,transposed_em_diagonal,rule_converged,100,epochs,0,,,,,,
2pl,20,1000,-0.4,py_irt,all_returned,100,holdout_brier,100,0.21611077938572784,0.0008878064120018904,0.008878064120018904,0.21614870930884406,0.19655908879777778,0.2306851388754594
2pl,20,1000,-0.4,py_irt,all_returned,100,holdout_logloss,100,0.623273208443483,0.0019708108853294195,0.019708108853294194,0.6249356473949517,0.5788538112698678,0.6542603366195844
2pl,20,1000,-0.4,py_irt,all_returned,100,elapsed_seconds,100,2.1622133637916705,0.08470767557349043,0.8470767557349044,2.1272806039996794,1.073613985225893,4.132586127279131
2pl,20,1000,-0.4,py_irt,all_returned,100,iterations,0,,,,,,
2pl,20,1000,-0.4,py_irt,all_returned,100,epochs,100,500.0,0.0,0.0,500.0,500.0,500.0
2pl,20,1000,-0.4,py_irt,rule_converged,100,holdout_brier,0,,,,,,
2pl,20,1000,-0.4,py_irt,rule_converged,100,holdout_logloss,0,,,,,,
2pl,20,1000,-0.4,py_irt,rule_converged,100,elapsed_seconds,0,,,,,,
2pl,20,1000,-0.4,py_irt,rule_converged,100,iterations,0,,,,,,
2pl,20,1000,-0.4,py_irt,rule_converged,100,epochs,0,,,,,,
2pl,20,1000,-0.4,torch_measure,all_returned,100,holdout_brier,99,0.20932379802640935,0.0008627710339162233,0.008584463398461317,0.20971822001606,0.19354772067337084,0.22311395642888596
2pl,20,1000,-0.4,torch_measure,all_returned,100,holdout_logloss,99,0.6848027864147713,0.0031260358922552646,0.031103664407383717,0.6785917486428096,0.6343525996823649,0.7492202274398544
2pl,20,1000,-0.4,torch_measure,all_returned,100,elapsed_seconds,99,6.338209010566649,0.16298346509513095,1.621665002257606,6.030447917000856,4.574667485747341,11.693997054352074
2pl,20,1000,-0.4,torch_measure,all_returned,100,iterations,99,18.404040404040405,0.26819260068366946,2.668482684052034,18.0,15.0,24.0
2pl,20,1000,-0.4,torch_measure,all_returned,100,epochs,0,,,,,,
2pl,20,1000,-0.4,torch_measure,rule_converged,100,holdout_brier,99,0.20932379802640935,0.0008627710339162233,0.008584463398461317,0.20971822001606,0.19354772067337084,0.22311395642888596
2pl,20,1000,-0.4,torch_measure,rule_converged,100,holdout_logloss,99,0.6848027864147713,0.0031260358922552646,0.031103664407383717,0.6785917486428096,0.6343525996823649,0.7492202274398544
2pl,20,1000,-0.4,torch_measure,rule_converged,100,elapsed_seconds,99,6.338209010566649,0.16298346509513095,1.621665002257606,6.030447917000856,4.574667485747341,11.693997054352074
2pl,20,1000,-0.4,torch_measure,rule_converged,100,iterations,99,18.404040404040405,0.26819260068366946,2.668482684052034,18.0,15.0,24.0
2pl,20,1000,-0.4,torch_measure,rule_converged,100,epochs,0,,,,,,
2pl,20,1000,-0.4,transposed_em_correlated,all_returned,100,holdout_brier,100,0.19758252707649035,0.0007973310361591865,0.007973310361591865,0.1977213757598116,0.18188091700725634,0.21138487497981517
2pl,20,1000,-0.4,transposed_em_correlated,all_returned,100,holdout_logloss,100,0.5779279579541154,0.0018852361440407444,0.018852361440407445,0.5791424881799307,0.5388499431188821,0.6100903649579802
2pl,20,1000,-0.4,transposed_em_correlated,all_returned,100,elapsed_seconds,100,7.50253384289972,0.3262989597447595,3.2629895974475946,7.09674856300262,3.4478065385239463,16.019098417548562
2pl,20,1000,-0.4,transposed_em_correlated,all_returned,100,iterations,100,45.9,0.6019329134739455,6.019329134739455,46.0,36.475,59.099999999999966
2pl,20,1000,-0.4,transposed_em_correlated,all_returned,100,epochs,0,,,,,,
2pl,20,1000,-0.4,transposed_em_correlated,rule_converged,100,holdout_brier,100,0.19758252707649035,0.0007973310361591865,0.007973310361591865,0.1977213757598116,0.18188091700725634,0.21138487497981517
2pl,20,1000,-0.4,transposed_em_correlated,rule_converged,100,holdout_logloss,100,0.5779279579541154,0.0018852361440407444,0.018852361440407445,0.5791424881799307,0.5388499431188821,0.6100903649579802
2pl,20,1000,-0.4,transposed_em_correlated,rule_converged,100,elapsed_seconds,100,7.50253384289972,0.3262989597447595,3.2629895974475946,7.09674856300262,3.4478065385239463,16.019098417548562
2pl,20,1000,-0.4,transposed_em_correlated,rule_converged,100,iterations,100,45.9,0.6019329134739455,6.019329134739455,46.0,36.475,59.099999999999966
2pl,20,1000,-0.4,transposed_em_correlated,rule_converged,100,epochs,0,,,,,,
2pl,20,1000,-0.4,transposed_em_diagonal,all_returned,100,holdout_brier,100,0.19773877573509085,0.0007951409203997338,0.007951409203997338,0.19781708583552754,0.1820565849178982,0.21151682914096126
2pl,20,1000,-0.4,transposed_em_diagonal,all_returned,100,holdout_logloss,100,0.5784414181391359,0.0018799338848448047,0.018799338848448047,0.579792964017878,0.5392603757513427,0.6105622711913652
2pl,20,1000,-0.4,transposed_em_diagonal,all_returned,100,elapsed_seconds,100,7.043777207859093,0.23264590340368246,2.3264590340368247,6.642756520494004,3.7629363302243286,12.658800708173654
2pl,20,1000,-0.4,transposed_em_diagonal,all_returned,100,iterations,100,43.66,0.5367729990650167,5.367729990650168,43.5,36.0,54.0
2pl,20,1000,-0.4,transposed_em_diagonal,all_returned,100,epochs,0,,,,,,
2pl,20,1000,-0.4,transposed_em_diagonal,rule_converged,100,holdout_brier,100,0.19773877573509085,0.0007951409203997338,0.007951409203997338,0.19781708583552754,0.1820565849178982,0.21151682914096126
2pl,20,1000,-0.4,transposed_em_diagonal,rule_converged,100,holdout_logloss,100,0.5784414181391359,0.0018799338848448047,0.018799338848448047,0.579792964017878,0.5392603757513427,0.6105622711913652
2pl,20,1000,-0.4,transposed_em_diagonal,rule_converged,100,elapsed_seconds,100,7.043777207859093,0.23264590340368246,2.3264590340368247,6.642756520494004,3.7629363302243286,12.658800708173654
2pl,20,1000,-0.4,transposed_em_diagonal,rule_converged,100,iterations,100,43.66,0.5367729990650167,5.367729990650168,43.5,36.0,54.0
2pl,20,1000,-0.4,transposed_em_diagonal,rule_converged,100,epochs,0,,,,,,
2pl,20,1000,0.0,py_irt,all_returned,100,holdout_brier,100,0.2156878060781542,0.0008820053533192763,0.008820053533192764,0.2159282999649832,0.1982214571075208,0.23193418497131132
2pl,20,1000,0.0,py_irt,all_returned,100,holdout_logloss,100,0.6222749959562615,0.0019510413639271453,0.019510413639271453,0.6237754427021042,0.5842064065551243,0.6584613572181005
2pl,20,1000,0.0,py_irt,all_returned,100,elapsed_seconds,100,2.0618278920498416,0.07495960559555685,0.7495960559555686,1.939052146000904,1.1794217282978936,2.753445810575795
2pl,20,1000,0.0,py_irt,all_returned,100,iterations,0,,,,,,
2pl,20,1000,0.0,py_irt,all_returned,100,epochs,100,500.0,0.0,0.0,500.0,500.0,500.0
2pl,20,1000,0.0,py_irt,rule_converged,100,holdout_brier,0,,,,,,
2pl,20,1000,0.0,py_irt,rule_converged,100,holdout_logloss,0,,,,,,
2pl,20,1000,0.0,py_irt,rule_converged,100,elapsed_seconds,0,,,,,,
2pl,20,1000,0.0,py_irt,rule_converged,100,iterations,0,,,,,,
2pl,20,1000,0.0,py_irt,rule_converged,100,epochs,0,,,,,,
2pl,20,1000,0.0,torch_measure,all_returned,100,holdout_brier,98,0.20844161516626372,0.0008493130213646346,0.008407769954597556,0.20887791781780074,0.19311231807173118,0.2243762935237619
2pl,20,1000,0.0,torch_measure,all_returned,100,holdout_logloss,98,0.6854258412804857,0.002886818061115603,0.028578040778933014,0.6826628016894273,0.6342170784479902,0.7414001509367438
2pl,20,1000,0.0,torch_measure,all_returned,100,elapsed_seconds,98,7.653434992724215,0.3789040044937567,3.750958273947828,7.069882791503915,5.231640214303115,11.486715183850539
2pl,20,1000,0.0,torch_measure,all_returned,100,iterations,98,18.714285714285715,0.27711658925360994,2.7433142721672064,18.0,15.0,24.575000000000003
2pl,20,1000,0.0,torch_measure,all_returned,100,epochs,0,,,,,,
2pl,20,1000,0.0,torch_measure,rule_converged,100,holdout_brier,98,0.20844161516626372,0.0008493130213646346,0.008407769954597556,0.20887791781780074,0.19311231807173118,0.2243762935237619
2pl,20,1000,0.0,torch_measure,rule_converged,100,holdout_logloss,98,0.6854258412804857,0.002886818061115603,0.028578040778933014,0.6826628016894273,0.6342170784479902,0.7414001509367438
2pl,20,1000,0.0,torch_measure,rule_converged,100,elapsed_seconds,98,7.653434992724215,0.3789040044937567,3.750958273947828,7.069882791503915,5.231640214303115,11.486715183850539
2pl,20,1000,0.0,torch_measure,rule_converged,100,iterations,98,18.714285714285715,0.27711658925360994,2.7433142721672064,18.0,15.0,24.575000000000003
2pl,20,1000,0.0,torch_measure,rule_converged,100,epochs,0,,,,,,
2pl,20,1000,0.0,transposed_em_correlated,all_returned,100,holdout_brier,100,0.19717815863928478,0.0007947054700974347,0.007947054700974347,0.19772256370439614,0.18314129952682154,0.21191517405111926
2pl,20,1000,0.0,transposed_em_correlated,all_returned,100,holdout_logloss,100,0.5773243784590381,0.0018665103225397818,0.018665103225397817,0.5794148743337315,0.5409523019389828,0.6113320385486123
2pl,20,1000,0.0,transposed_em_correlated,all_returned,100,elapsed_seconds,100,7.006255314980372,0.24374679502450877,2.4374679502450878,6.722088958493259,3.4342909966992012,11.452172959546436
2pl,20,1000,0.0,transposed_em_correlated,all_returned,100,iterations,100,42.56,0.6225266210688455,6.225266210688455,43.0,34.475,55.0
2pl,20,1000,0.0,transposed_em_correlated,all_returned,100,epochs,0,,,,,,
2pl,20,1000,0.0,transposed_em_correlated,rule_converged,100,holdout_brier,99,0.197373399667211,0.0007781700965734329,0.007742694700226109,0.1977409336310356,0.18342109566218945,0.21192204127556558
2pl,20,1000,0.0,transposed_em_correlated,rule_converged,100,holdout_logloss,99,0.5777479017150364,0.0018362808563629563,0.01827076383080527,0.5802329260119478,0.5450120791749324,0.6113378914707457
2pl,20,1000,0.0,transposed_em_correlated,rule_converged,100,elapsed_seconds,99,7.050539709576182,0.24212366649618022,2.4091000638989235,6.758536166991689,3.6787701312474383,11.467440523096592
2pl,20,1000,0.0,transposed_em_correlated,rule_converged,100,iterations,99,42.90909090909091,0.5206696347008013,5.180597454101903,43.0,35.0,55.0
2pl,20,1000,0.0,transposed_em_correlated,rule_converged,100,epochs,0,,,,,,
2pl,20,1000,0.0,transposed_em_diagonal,all_returned,100,holdout_brier,100,0.19715392828979694,0.0007967996783357518,0.007967996783357518,0.1977307151121441,0.18314037072453565,0.2119180444933957
2pl,20,1000,0.0,transposed_em_diagonal,all_returned,100,holdout_logloss,100,0.5772524806683521,0.0018719391579600695,0.018719391579600696,0.579420249664897,0.5409914997874717,0.6112725160752221
2pl,20,1000,0.0,transposed_em_diagonal,all_returned,100,elapsed_seconds,100,7.240203582950417,0.2550135732141162,2.550135732141162,6.975698228998226,3.582765419475254,13.823113675004388
2pl,20,1000,0.0,transposed_em_diagonal,all_returned,100,iterations,100,42.86,0.49052023506691456,4.905202350669145,43.0,35.0,54.0
2pl,20,1000,0.0,transposed_em_diagonal,all_returned,100,epochs,0,,,,,,
2pl,20,1000,0.0,transposed_em_diagonal,rule_converged,100,holdout_brier,100,0.19715392828979694,0.0007967996783357518,0.007967996783357518,0.1977307151121441,0.18314037072453565,0.2119180444933957
2pl,20,1000,0.0,transposed_em_diagonal,rule_converged,100,holdout_logloss,100,0.5772524806683521,0.0018719391579600695,0.018719391579600696,0.579420249664897,0.5409914997874717,0.6112725160752221
2pl,20,1000,0.0,transposed_em_diagonal,rule_converged,100,elapsed_seconds,100,7.240203582950417,0.2550135732141162,2.550135732141162,6.975698228998226,3.582765419475254,13.823113675004388
2pl,20,1000,0.0,transposed_em_diagonal,rule_converged,100,iterations,100,42.86,0.49052023506691456,4.905202350669145,43.0,35.0,54.0
2pl,20,1000,0.0,transposed_em_diagonal,rule_converged,100,epochs,0,,,,,,
2pl,20,1000,0.4,py_irt,all_returned,100,holdout_brier,100,0.2147351894973066,0.0008935132385755505,0.008935132385755504,0.21637921588975334,0.19634529013816512,0.23011307765691458
2pl,20,1000,0.4,py_irt,all_returned,100,holdout_logloss,100,0.6203210854721628,0.0019492787291818955,0.019492787291818955,0.623849851519037,0.5784341591868126,0.6520606570238444
2pl,20,1000,0.4,py_irt,all_returned,100,elapsed_seconds,100,2.058743590050217,0.0745077630693359,0.745077630693359,1.8595836460008286,1.295719396876666,3.618448454322058
2pl,20,1000,0.4,py_irt,all_returned,100,iterations,0,,,,,,
2pl,20,1000,0.4,py_irt,all_returned,100,epochs,100,500.0,0.0,0.0,500.0,500.0,500.0
2pl,20,1000,0.4,py_irt,rule_converged,100,holdout_brier,0,,,,,,
2pl,20,1000,0.4,py_irt,rule_converged,100,holdout_logloss,0,,,,,,
2pl,20,1000,0.4,py_irt,rule_converged,100,elapsed_seconds,0,,,,,,
2pl,20,1000,0.4,py_irt,rule_converged,100,iterations,0,,,,,,
2pl,20,1000,0.4,py_irt,rule_converged,100,epochs,0,,,,,,
2pl,20,1000,0.4,torch_measure,all_returned,100,holdout_brier,98,0.2083366480820137,0.0008459265265739356,0.008374245366564169,0.20914256548343596,0.19150179925006264,0.22345763578439135
2pl,20,1000,0.4,torch_measure,all_returned,100,holdout_logloss,98,0.6847221536464494,0.0025836318891028546,0.02557665080424214,0.6867769191495043,0.6348901016036403,0.7324307863852841
2pl,20,1000,0.4,torch_measure,all_returned,100,elapsed_seconds,98,7.140975527275649,0.20639709022642239,2.0432269496278495,6.625015083503968,5.302941604829176,13.319590237502052
2pl,20,1000,0.4,torch_measure,all_returned,100,iterations,98,18.785714285714285,0.32636126736437754,3.2308117137798216,18.0,15.0,27.575000000000003
2pl,20,1000,0.4,torch_measure,all_returned,100,epochs,0,,,,,,
2pl,20,1000,0.4,torch_measure,rule_converged,100,holdout_brier,98,0.2083366480820137,0.0008459265265739356,0.008374245366564169,0.20914256548343596,0.19150179925006264,0.22345763578439135
2pl,20,1000,0.4,torch_measure,rule_converged,100,holdout_logloss,98,0.6847221536464494,0.0025836318891028546,0.02557665080424214,0.6867769191495043,0.6348901016036403,0.7324307863852841
2pl,20,1000,0.4,torch_measure,rule_converged,100,elapsed_seconds,98,7.140975527275649,0.20639709022642239,2.0432269496278495,6.625015083503968,5.302941604829176,13.319590237502052
2pl,20,1000,0.4,torch_measure,rule_converged,100,iterations,98,18.785714285714285,0.32636126736437754,3.2308117137798216,18.0,15.0,27.575000000000003
2pl,20,1000,0.4,torch_measure,rule_converged,100,epochs,0,,,,,,
2pl,20,1000,0.4,transposed_em_correlated,all_returned,100,holdout_brier,100,0.19650365976927675,0.0008020770588628261,0.00802077058862826,0.19768160811565438,0.17947121381690886,0.2097732249105023
2pl,20,1000,0.4,transposed_em_correlated,all_returned,100,holdout_logloss,100,0.575327672955303,0.0018783232932587188,0.01878323293258719,0.5791318177265743,0.5362422253202838,0.6054704126193217
2pl,20,1000,0.4,transposed_em_correlated,all_returned,100,elapsed_seconds,100,6.581445002090841,0.26664615349858506,2.6664615349858507,5.848608583997702,3.4742126576271404,12.60773696177384
2pl,20,1000,0.4,transposed_em_correlated,all_returned,100,iterations,100,44.42,0.7323933369440221,7.323933369440221,44.0,37.0,56.04999999999998
2pl,20,1000,0.4,transposed_em_correlated,all_returned,100,epochs,0,,,,,,
2pl,20,1000,0.4,transposed_em_correlated,rule_converged,100,holdout_brier,98,0.19651608723269165,0.0008180470825260561,0.008098252951376637,0.19781127433585274,0.1794492147639386,0.2097964139161826
2pl,20,1000,0.4,transposed_em_correlated,rule_converged,100,holdout_logloss,98,0.5753197918428609,0.0019154364150007154,0.018961853091701182,0.5791318177265743,0.5361067811270207,0.6055012622078491
2pl,20,1000,0.4,transposed_em_correlated,rule_converged,100,elapsed_seconds,98,6.680182718551953,0.2626983670098134,2.600581154069801,5.907939292002993,3.7316700375016807,12.625529926323726
2pl,20,1000,0.4,transposed_em_correlated,rule_converged,100,iterations,98,45.142857142857146,0.537662143623561,5.322583668409216,44.0,37.0,56.150000000000006
2pl,20,1000,0.4,transposed_em_correlated,rule_converged,100,epochs,0,,,,,,
2pl,20,1000,0.4,transposed_em_diagonal,all_returned,100,holdout_brier,100,0.19660574523424632,0.0008022536672770567,0.008022536672770567,0.19755600603397572,0.17953263490442378,0.2098529865299876
2pl,20,1000,0.4,transposed_em_diagonal,all_returned,100,holdout_logloss,100,0.5756459580963672,0.0018782178075887027,0.018782178075887026,0.5784406121847974,0.5369180375941448,0.6055906878069395
2pl,20,1000,0.4,transposed_em_diagonal,all_returned,100,elapsed_seconds,100,7.1298851866282345,0.33878299915941235,3.3878299915941237,5.690568999998504,3.601271484195968,15.462350904695628
2pl,20,1000,0.4,transposed_em_diagonal,all_returned,100,iterations,100,42.94,0.5861740355901137,5.861740355901137,42.0,35.0,57.04999999999998
2pl,20,1000,0.4,transposed_em_diagonal,all_returned,100,epochs,0,,,,,,
2pl,20,1000,0.4,transposed_em_diagonal,rule_converged,100,holdout_brier,100,0.19660574523424632,0.0008022536672770567,0.008022536672770567,0.19755600603397572,0.17953263490442378,0.2098529865299876
2pl,20,1000,0.4,transposed_em_diagonal,rule_converged,100,holdout_logloss,100,0.5756459580963672,0.0018782178075887027,0.018782178075887026,0.5784406121847974,0.5369180375941448,0.6055906878069395
2pl,20,1000,0.4,transposed_em_diagonal,rule_converged,100,elapsed_seconds,100,7.1298851866282345,0.33878299915941235,3.3878299915941237,5.690568999998504,3.601271484195968,15.462350904695628
2pl,20,1000,0.4,transposed_em_diagonal,rule_converged,100,iterations,100,42.94,0.5861740355901137,5.861740355901137,42.0,35.0,57.04999999999998
2pl,20,1000,0.4,transposed_em_diagonal,rule_converged,100,epochs,0,,,,,,
2pl,20,10000,-0.4,py_irt,all_returned,100,holdout_brier,100,0.21621556436044526,0.0008680215229767585,0.008680215229767585,0.2169536666839768,0.19839385460259007,0.22893099562967806
2pl,20,10000,-0.4,py_irt,all_returned,100,holdout_logloss,100,0.623464106475916,0.0018564062192853287,0.018564062192853288,0.6256804407116721,0.5855313098117243,0.6503996485695455
2pl,20,10000,-0.4,py_irt,all_returned,100,elapsed_seconds,100,10.185982382500443,0.2502281933952731,2.5022819339527307,9.749139958497835,6.3657617105800455,14.707228052952267
2pl,20,10000,-0.4,py_irt,all_returned,100,iterations,0,,,,,,
2pl,20,10000,-0.4,py_irt,all_returned,100,epochs,100,500.0,0.0,0.0,500.0,500.0,500.0
2pl,20,10000,-0.4,py_irt,rule_converged,100,holdout_brier,0,,,,,,
2pl,20,10000,-0.4,py_irt,rule_converged,100,holdout_logloss,0,,,,,,
2pl,20,10000,-0.4,py_irt,rule_converged,100,elapsed_seconds,0,,,,,,
2pl,20,10000,-0.4,py_irt,rule_converged,100,iterations,0,,,,,,
2pl,20,10000,-0.4,py_irt,rule_converged,100,epochs,0,,,,,,
2pl,20,10000,-0.4,torch_measure,all_returned,100,holdout_brier,100,0.20846565842850798,0.0007677983095944603,0.007677983095944603,0.20921598006936415,0.19298398270808761,0.22003427231000203
2pl,20,10000,-0.4,torch_measure,all_returned,100,holdout_logloss,100,0.6734751497319916,0.0011734065384933984,0.011734065384933984,0.6737054103786726,0.6502342094657633,0.6948477311999202
2pl,20,10000,-0.4,torch_measure,all_returned,100,elapsed_seconds,100,16.572963221209648,0.24217345572728485,2.4217345572728486,16.322333083000558,12.75941790534489,21.004059012498328
2pl,20,10000,-0.4,torch_measure,all_returned,100,iterations,100,36.95,0.3217298571940456,3.2172985719404563,37.0,31.475,43.0
2pl,20,10000,-0.4,torch_measure,all_returned,100,epochs,0,,,,,,
2pl,20,10000,-0.4,torch_measure,rule_converged,100,holdout_brier,100,0.20846565842850798,0.0007677983095944603,0.007677983095944603,0.20921598006936415,0.19298398270808761,0.22003427231000203
2pl,20,10000,-0.4,torch_measure,rule_converged,100,holdout_logloss,100,0.6734751497319916,0.0011734065384933984,0.011734065384933984,0.6737054103786726,0.6502342094657633,0.6948477311999202
2pl,20,10000,-0.4,torch_measure,rule_converged,100,elapsed_seconds,100,16.572963221209648,0.24217345572728485,2.4217345572728486,16.322333083000558,12.75941790534489,21.004059012498328
2pl,20,10000,-0.4,torch_measure,rule_converged,100,iterations,100,36.95,0.3217298571940456,3.2172985719404563,37.0,31.475,43.0
2pl,20,10000,-0.4,torch_measure,rule_converged,100,epochs,0,,,,,,
2pl,20,10000,-0.4,transposed_em_correlated,all_returned,100,holdout_brier,100,0.19738658752257077,0.0007790781571387431,0.007790781571387431,0.19813256240911492,0.18110981212340163,0.2090623442183371
2pl,20,10000,-0.4,transposed_em_correlated,all_returned,100,holdout_logloss,100,0.5773921600546847,0.0018248380661374498,0.0182483806613745,0.5788569841894344,0.5384375721010762,0.6052567793061673
2pl,20,10000,-0.4,transposed_em_correlated,all_returned,100,elapsed_seconds,100,35.64903725005046,0.6653124322454482,6.653124322454482,35.09000866649876,27.211043262328168,49.834249447425805
2pl,20,10000,-0.4,transposed_em_correlated,all_returned,100,iterations,100,46.05,0.5922692194288238,5.9226921942882385,46.0,38.0,53.52499999999999
2pl,20,10000,-0.4,transposed_em_correlated,all_returned,100,epochs,0,,,,,,
2pl,20,10000,-0.4,transposed_em_correlated,rule_converged,100,holdout_brier,99,0.19761024683972409,0.000753860327006193,0.007500815547042504,0.1982755445983087,0.18156473674827367,0.20906729349677067
2pl,20,10000,-0.4,transposed_em_correlated,rule_converged,100,holdout_logloss,99,0.5779170353755686,0.0017654680437266068,0.017566185241211747,0.5790520648353809,0.5405431534561109,0.6052708760777632
2pl,20,10000,-0.4,transposed_em_correlated,rule_converged,100,elapsed_seconds,99,35.868354236162055,0.6345018069024948,6.313213266894327,35.14702225000656,28.221617087655613,49.89499702035099
2pl,20,10000,-0.4,transposed_em_correlated,rule_converged,100,iterations,99,46.35353535353536,0.5137389131203492,5.111637645075568,46.0,38.45,53.55
2pl,20,10000,-0.4,transposed_em_correlated,rule_converged,100,epochs,0,,,,,,
2pl,20,10000,-0.4,transposed_em_diagonal,all_returned,100,holdout_brier,100,0.19754098304646633,0.0007797286607868217,0.007797286607868217,0.19823758711802894,0.18126118256907142,0.20922361144164803
2pl,20,10000,-0.4,transposed_em_diagonal,all_returned,100,holdout_logloss,100,0.5779044765314002,0.001825056354657154,0.01825056354657154,0.579300993935419,0.5389386645782838,0.6056526263433174
2pl,20,10000,-0.4,transposed_em_diagonal,all_returned,100,elapsed_seconds,100,36.23600248706913,0.7097168240122083,7.097168240122082,35.55411497899331,27.189214176374662,56.407610749829416
2pl,20,10000,-0.4,transposed_em_diagonal,all_returned,100,iterations,100,44.2,0.6607311530158515,6.607311530158515,44.0,36.475,60.774999999999906
2pl,20,10000,-0.4,transposed_em_diagonal,all_returned,100,epochs,0,,,,,,
2pl,20,10000,-0.4,transposed_em_diagonal,rule_converged,100,holdout_brier,100,0.19754098304646633,0.0007797286607868217,0.007797286607868217,0.19823758711802894,0.18126118256907142,0.20922361144164803
2pl,20,10000,-0.4,transposed_em_diagonal,rule_converged,100,holdout_logloss,100,0.5779044765314002,0.001825056354657154,0.01825056354657154,0.579300993935419,0.5389386645782838,0.6056526263433174
2pl,20,10000,-0.4,transposed_em_diagonal,rule_converged,100,elapsed_seconds,100,36.23600248706913,0.7097168240122083,7.097168240122082,35.55411497899331,27.189214176374662,56.407610749829416
2pl,20,10000,-0.4,transposed_em_diagonal,rule_converged,100,iterations,100,44.2,0.6607311530158515,6.607311530158515,44.0,36.475,60.774999999999906
2pl,20,10000,-0.4,transposed_em_diagonal,rule_converged,100,epochs,0,,,,,,
2pl,20,10000,0.0,py_irt,all_returned,100,holdout_brier,100,0.21411195154994953,0.0008128711846972257,0.008128711846972256,0.2139857629718347,0.19880626154312095,0.2304016144196587
2pl,20,10000,0.0,py_irt,all_returned,100,holdout_logloss,100,0.618916431683039,0.0017167889599638056,0.017167889599638057,0.6189389742586725,0.5862024099900064,0.6533033178620776
2pl,20,10000,0.0,py_irt,all_returned,100,elapsed_seconds,100,10.36087516418971,0.3532662383289006,3.532662383289006,10.007036771006824,6.7798404808949275,15.202421558654894
2pl,20,10000,0.0,py_irt,all_returned,100,iterations,0,,,,,,
2pl,20,10000,0.0,py_irt,all_returned,100,epochs,100,500.0,0.0,0.0,500.0,500.0,500.0
2pl,20,10000,0.0,py_irt,rule_converged,100,holdout_brier,0,,,,,,
2pl,20,10000,0.0,py_irt,rule_converged,100,holdout_logloss,0,,,,,,
2pl,20,10000,0.0,py_irt,rule_converged,100,elapsed_seconds,0,,,,,,
2pl,20,10000,0.0,py_irt,rule_converged,100,iterations,0,,,,,,
2pl,20,10000,0.0,py_irt,rule_converged,100,epochs,0,,,,,,
2pl,20,10000,0.0,torch_measure,all_returned,100,holdout_brier,100,0.2066408674810733,0.0006894521996467145,0.006894521996467146,0.2065424992286865,0.19257284513213813,0.21853611496641673
2pl,20,10000,0.0,torch_measure,all_returned,100,holdout_logloss,100,0.6713302966823869,0.0014043489772557175,0.014043489772557175,0.6704495310074051,0.6439634061908586,0.6955391291656134
2pl,20,10000,0.0,torch_measure,all_returned,100,elapsed_seconds,100,16.482528606200574,0.2752556355424412,2.752556355424412,16.233085896004923,12.49563603767383,21.29170736249871
2pl,20,10000,0.0,torch_measure,all_returned,100,iterations,100,36.9,0.3831026974163413,3.831026974163413,36.0,31.0,46.0
2pl,20,10000,0.0,torch_measure,all_returned,100,epochs,0,,,,,,
2pl,20,10000,0.0,torch_measure,rule_converged,100,holdout_brier,100,0.2066408674810733,0.0006894521996467145,0.006894521996467146,0.2065424992286865,0.19257284513213813,0.21853611496641673
2pl,20,10000,0.0,torch_measure,rule_converged,100,holdout_logloss,100,0.6713302966823869,0.0014043489772557175,0.014043489772557175,0.6704495310074051,0.6439634061908586,0.6955391291656134
2pl,20,10000,0.0,torch_measure,rule_converged,100,elapsed_seconds,100,16.482528606200574,0.2752556355424412,2.752556355424412,16.233085896004923,12.49563603767383,21.29170736249871
2pl,20,10000,0.0,torch_measure,rule_converged,100,iterations,100,36.9,0.3831026974163413,3.831026974163413,36.0,31.0,46.0
2pl,20,10000,0.0,torch_measure,rule_converged,100,epochs,0,,,,,,
2pl,20,10000,0.0,transposed_em_correlated,all_returned,100,holdout_brier,100,0.19572769241345703,0.0006994800982514304,0.006994800982514304,0.1954802024023634,0.181946176979762,0.20871953659682954
2pl,20,10000,0.0,transposed_em_correlated,all_returned,100,holdout_logloss,100,0.5736687433100719,0.0016327997481539228,0.01632799748153923,0.573372597338139,0.5414164600812958,0.6039655205958188
2pl,20,10000,0.0,transposed_em_correlated,all_returned,100,elapsed_seconds,100,34.702724521719794,0.6025789957551905,6.025789957551905,34.62833595849952,24.190509590623332,46.447417695673714
2pl,20,10000,0.0,transposed_em_correlated,all_returned,100,iterations,100,41.98,0.500702536745152,5.0070253674515195,42.0,32.0,49.0
2pl,20,10000,0.0,transposed_em_correlated,all_returned,100,epochs,0,,,,,,
2pl,20,10000,0.0,transposed_em_correlated,rule_converged,100,holdout_brier,98,0.19597584533141987,0.0006906932846629506,0.006837514674272559,0.19555849946808634,0.18204805078242425,0.20872783572967898
2pl,20,10000,0.0,transposed_em_correlated,rule_converged,100,holdout_logloss,98,0.5742343682040392,0.0016149057718904442,0.015986751511934405,0.5740924300040986,0.5418065533143581,0.6039717672508987
2pl,20,10000,0.0,transposed_em_correlated,rule_converged,100,elapsed_seconds,98,35.054569253448676,0.5594081688917009,5.537858335442596,35.02357022900105,26.16387349428078,46.4949015040238
2pl,20,10000,0.0,transposed_em_correlated,rule_converged,100,iterations,98,42.46938775510204,0.3709989816696064,3.6727025405263523,42.0,36.0,49.0
2pl,20,10000,0.0,transposed_em_correlated,rule_converged,100,epochs,0,,,,,,
2pl,20,10000,0.0,transposed_em_diagonal,all_returned,100,holdout_brier,100,0.19571013769718007,0.000700344244998934,0.0070034424499893395,0.19547701706379816,0.1819391132154752,0.20872509307212175
2pl,20,10000,0.0,transposed_em_diagonal,all_returned,100,holdout_logloss,100,0.5736126782747195,0.001635377327993938,0.01635377327993938,0.5733253601136505,0.5410994921041228,0.6039730882385388
2pl,20,10000,0.0,transposed_em_diagonal,all_returned,100,elapsed_seconds,100,34.88597894585058,0.593258181573603,5.93258181573603,34.40137858300295,26.099459179877883,45.57205855727479
2pl,20,10000,0.0,transposed_em_diagonal,all_returned,100,iterations,100,42.8,0.38742871615435287,3.8742871615435286,42.0,37.0,49.52499999999999
2pl,20,10000,0.0,transposed_em_diagonal,all_returned,100,epochs,0,,,,,,
2pl,20,10000,0.0,transposed_em_diagonal,rule_converged,100,holdout_brier,99,0.1956945282109632,0.0007072787787431341,0.007037334993815311,0.1954358771849736,0.18193583913934183,0.20872938202501093
2pl,20,10000,0.0,transposed_em_diagonal,rule_converged,100,holdout_logloss,99,0.5735668574434224,0.0016513320091442294,0.01643054603590542,0.5730434448533295,0.541098631368753,0.6039765757150029
2pl,20,10000,0.0,transposed_em_diagonal,rule_converged,100,elapsed_seconds,99,34.934806489495536,0.5972480606110763,5.94254317144314,34.44999470800394,26.08874271425302,45.597829802049816
2pl,20,10000,0.0,transposed_em_diagonal,rule_converged,100,iterations,99,42.84848484848485,0.38828538522062606,3.863390803066274,42.0,37.0,49.55
2pl,20,10000,0.0,transposed_em_diagonal,rule_converged,100,epochs,0,,,,,,
2pl,20,10000,0.4,py_irt,all_returned,100,holdout_brier,100,0.21469605419808097,0.000917041178092731,0.00917041178092731,0.21508404575081255,0.19934252246125775,0.2295193643477382
2pl,20,10000,0.4,py_irt,all_returned,100,holdout_logloss,100,0.6201525977571191,0.0019648897546393086,0.019648897546393086,0.6200900290638924,0.5865126250928382,0.6517161256622577
2pl,20,10000,0.4,py_irt,all_returned,100,elapsed_seconds,100,9.649548769599205,0.25163737439734424,2.516373743973442,9.347780874995806,6.343481136129412,15.935497142174784
2pl,20,10000,0.4,py_irt,all_returned,100,iterations,0,,,,,,
2pl,20,10000,0.4,py_irt,all_returned,100,epochs,100,500.0,0.0,0.0,500.0,500.0,500.0
2pl,20,10000,0.4,py_irt,rule_converged,100,holdout_brier,0,,,,,,
2pl,20,10000,0.4,py_irt,rule_converged,100,holdout_logloss,0,,,,,,
2pl,20,10000,0.4,py_irt,rule_converged,100,elapsed_seconds,0,,,,,,
2pl,20,10000,0.4,py_irt,rule_converged,100,iterations,0,,,,,,
2pl,20,10000,0.4,py_irt,rule_converged,100,epochs,0,,,,,,
2pl,20,10000,0.4,torch_measure,all_returned,100,holdout_brier,98,0.2073212405834423,0.0008040668836825537,0.007959856043712561,0.20789979342191584,0.19382563060013983,0.2208215303674099
2pl,20,10000,0.4,torch_measure,all_returned,100,holdout_logloss,98,0.672225401884191,0.0012797673382494168,0.01266905028504109,0.6720792841763583,0.6513918914935041,0.6928997749732084
2pl,20,10000,0.4,torch_measure,all_returned,100,elapsed_seconds,98,16.72303771511212,0.2905600759880536,2.8763980010252372,16.448780792001344,12.237429392327249,22.55748609767798
2pl,20,10000,0.4,torch_measure,all_returned,100,iterations,98,37.0,0.4006621912010497,3.966353333086526,36.0,32.0,46.575
2pl,20,10000,0.4,torch_measure,all_returned,100,epochs,0,,,,,,
2pl,20,10000,0.4,torch_measure,rule_converged,100,holdout_brier,98,0.2073212405834423,0.0008040668836825537,0.007959856043712561,0.20789979342191584,0.19382563060013983,0.2208215303674099
2pl,20,10000,0.4,torch_measure,rule_converged,100,holdout_logloss,98,0.672225401884191,0.0012797673382494168,0.01266905028504109,0.6720792841763583,0.6513918914935041,0.6928997749732084
2pl,20,10000,0.4,torch_measure,rule_converged,100,elapsed_seconds,98,16.72303771511212,0.2905600759880536,2.8763980010252372,16.448780792001344,12.237429392327249,22.55748609767798
2pl,20,10000,0.4,torch_measure,rule_converged,100,iterations,98,37.0,0.4006621912010497,3.966353333086526,36.0,32.0,46.575
2pl,20,10000,0.4,torch_measure,rule_converged,100,epochs,0,,,,,,
2pl,20,10000,0.4,transposed_em_correlated,all_returned,100,holdout_brier,100,0.19612614472002657,0.0007984900087578291,0.007984900087578291,0.1964459329663681,0.18200802049518255,0.20953625731486583
2pl,20,10000,0.4,transposed_em_correlated,all_returned,100,holdout_logloss,100,0.5744380524877895,0.0018768407214146414,0.018768407214146413,0.5757108158198665,0.5409465825130212,0.6054760321548021
2pl,20,10000,0.4,transposed_em_correlated,all_returned,100,elapsed_seconds,100,38.15450212284115,0.6970541527560952,6.970541527560951,37.14514787450753,29.49719641874908,58.994136612151095
2pl,20,10000,0.4,transposed_em_correlated,all_returned,100,iterations,100,45.66,0.6107157582490707,6.107157582490706,46.0,39.0,54.52499999999999
2pl,20,10000,0.4,transposed_em_correlated,all_returned,100,epochs,0,,,,,,
2pl,20,10000,0.4,transposed_em_correlated,rule_converged,100,holdout_brier,99,0.1963431022883983,0.0007762519234011585,0.00772360911814003,0.1969376916400537,0.18289595265998285,0.20954637713933985
2pl,20,10000,0.4,transposed_em_correlated,rule_converged,100,holdout_logloss,99,0.574963983228933,0.001819937190293274,0.018108146406649275,0.5769507365764882,0.5435961082712811,0.6055109244098259
2pl,20,10000,0.4,transposed_em_correlated,rule_converged,100,elapsed_seconds,99,38.39227937155668,0.6618977600529036,6.58579955901651,37.25382770800206,30.01241398109996,59.07066314130133
2pl,20,10000,0.4,transposed_em_correlated,rule_converged,100,iterations,99,45.96969696969697,0.5317102981487191,5.290450668381907,46.0,39.0,54.55
2pl,20,10000,0.4,transposed_em_correlated,rule_converged,100,epochs,0,,,,,,
2pl,20,10000,0.4,transposed_em_diagonal,all_returned,100,holdout_brier,100,0.19627485437480074,0.0007990856111272275,0.007990856111272275,0.1966397508877458,0.18219821990985058,0.20969468631061616
2pl,20,10000,0.4,transposed_em_diagonal,all_returned,100,holdout_logloss,100,0.5749292277050222,0.0018782065267590597,0.018782065267590596,0.5762597628694027,0.5415974049448763,0.6058728331976005
2pl,20,10000,0.4,transposed_em_diagonal,all_returned,100,elapsed_seconds,100,36.35207772712005,0.4320401242448331,4.320401242448331,36.71312650000618,28.18066769585239,44.25349414687443
2pl,20,10000,0.4,transposed_em_diagonal,all_returned,100,iterations,100,42.88,0.42026446699931963,4.202644669993196,43.0,35.0,50.0
2pl,20,10000,0.4,transposed_em_diagonal,all_returned,100,epochs,0,,,,,,
2pl,20,10000,0.4,transposed_em_diagonal,rule_converged,100,holdout_brier,99,0.19617637362235102,0.0008010448249244711,0.007970295373591205,0.1962101400725865,0.18219690924353768,0.20970835564821635
2pl,20,10000,0.4,transposed_em_diagonal,rule_converged,100,holdout_logloss,99,0.5747070628485177,0.0018839554930221735,0.01874512047625071,0.5751755219997878,0.54157754095045,0.6059118995838958
2pl,20,10000,0.4,transposed_em_diagonal,rule_converged,100,elapsed_seconds,99,36.48657192217173,0.4147411049530119,4.12662189079965,36.73511816600512,28.664847289549652,44.26952885624923
2pl,20,10000,0.4,transposed_em_diagonal,rule_converged,100,iterations,99,43.03030303030303,0.3964526650386828,3.944654211209283,43.0,35.45,50.0
2pl,20,10000,0.4,transposed_em_diagonal,rule_converged,100,epochs,0,,,,,,
2pl,100,1000,-0.4,py_irt,all_returned,100,holdout_brier,100,0.21140541526843443,0.0004750979485684761,0.004750979485684761,0.2113502449614037,0.20124704135971228,0.2198508202822188
2pl,100,1000,-0.4,py_irt,all_returned,100,holdout_logloss,100,0.6110873426381479,0.0010672836652308318,0.010672836652308318,0.6109911961121913,0.5880038055041039,0.6299475013745187
2pl,100,1000,-0.4,py_irt,all_returned,100,elapsed_seconds,100,3.8539753858195764,0.15815743601893925,1.5815743601893926,3.3378546870007995,2.269689514253696,8.850394400729419
2pl,100,1000,-0.4,py_irt,all_returned,100,iterations,0,,,,,,
2pl,100,1000,-0.4,py_irt,all_returned,100,epochs,100,500.0,0.0,0.0,500.0,500.0,500.0
2pl,100,1000,-0.4,py_irt,rule_converged,100,holdout_brier,0,,,,,,
2pl,100,1000,-0.4,py_irt,rule_converged,100,holdout_logloss,0,,,,,,
2pl,100,1000,-0.4,py_irt,rule_converged,100,elapsed_seconds,0,,,,,,
2pl,100,1000,-0.4,py_irt,rule_converged,100,iterations,0,,,,,,
2pl,100,1000,-0.4,py_irt,rule_converged,100,epochs,0,,,,,,
2pl,100,1000,-0.4,torch_measure,all_returned,100,holdout_brier,100,0.19110723638641758,0.00044140873542746205,0.004414087354274621,0.19146176649937194,0.1820611033550559,0.19880597269893516
2pl,100,1000,-0.4,torch_measure,all_returned,100,holdout_logloss,100,0.5622598119467146,0.0010621300464044674,0.010621300464044674,0.5630443313217416,0.540077777614171,0.5805514789622397
2pl,100,1000,-0.4,torch_measure,all_returned,100,elapsed_seconds,100,7.950810277498749,0.5070405598964147,5.070405598964147,7.06205089600553,5.081083105045764,14.584702202394661
2pl,100,1000,-0.4,torch_measure,all_returned,100,iterations,100,10.42,0.09658826496678015,0.9658826496678015,10.0,9.0,12.524999999999991
2pl,100,1000,-0.4,torch_measure,all_returned,100,epochs,0,,,,,,
2pl,100,1000,-0.4,torch_measure,rule_converged,100,holdout_brier,100,0.19110723638641758,0.00044140873542746205,0.004414087354274621,0.19146176649937194,0.1820611033550559,0.19880597269893516
2pl,100,1000,-0.4,torch_measure,rule_converged,100,holdout_logloss,100,0.5622598119467146,0.0010621300464044674,0.010621300464044674,0.5630443313217416,0.540077777614171,0.5805514789622397
2pl,100,1000,-0.4,torch_measure,rule_converged,100,elapsed_seconds,100,7.950810277498749,0.5070405598964147,5.070405598964147,7.06205089600553,5.081083105045764,14.584702202394661
2pl,100,1000,-0.4,torch_measure,rule_converged,100,iterations,100,10.42,0.09658826496678015,0.9658826496678015,10.0,9.0,12.524999999999991
2pl,100,1000,-0.4,torch_measure,rule_converged,100,epochs,0,,,,,,
2pl,100,1000,-0.4,transposed_em_correlated,all_returned,100,holdout_brier,100,0.1903289068495098,0.00043583637537853765,0.004358363753785377,0.19062992198861978,0.18146192146612705,0.1980519280725205
2pl,100,1000,-0.4,transposed_em_correlated,all_returned,100,holdout_logloss,100,0.559272123973868,0.0010439823601072027,0.010439823601072026,0.5605846356366533,0.5376068108742755,0.577567602417884
2pl,100,1000,-0.4,transposed_em_correlated,all_returned,100,elapsed_seconds,100,5.584953254150314,0.17559995321019745,1.7559995321019743,5.382918312003312,3.588871406600447,9.251796742553406
2pl,100,1000,-0.4,transposed_em_correlated,all_returned,100,iterations,100,14.17,0.09954949025535492,0.9954949025535492,14.0,14.0,15.0
2pl,100,1000,-0.4,transposed_em_correlated,all_returned,100,epochs,0,,,,,,
2pl,100,1000,-0.4,transposed_em_correlated,rule_converged,100,holdout_brier,99,0.19031969730029638,0.0004401629224183047,0.0043795657808634895,0.190581598394902,0.18145154726329069,0.1980567718584736
2pl,100,1000,-0.4,transposed_em_correlated,rule_converged,100,holdout_logloss,99,0.5592556209847735,0.001054449667645596,0.010491641723686187,0.5605089990856018,0.5376037228435081,0.5775704273467874
2pl,100,1000,-0.4,transposed_em_correlated,rule_converged,100,elapsed_seconds,99,5.561395691060978,0.17577927018058728,1.7489816553345465,5.348441916008596,3.5876223962004588,9.277288756103369
2pl,100,1000,-0.4,transposed_em_correlated,rule_converged,100,iterations,99,14.131313131313131,0.09265597550752466,0.9219153160284571,14.0,14.0,15.0
2pl,100,1000,-0.4,transposed_em_correlated,rule_converged,100,epochs,0,,,,,,
2pl,100,1000,-0.4,transposed_em_diagonal,all_returned,100,holdout_brier,100,0.19039750352604684,0.00043588269853674896,0.0043588269853674895,0.19063322433426474,0.1815307909827261,0.19808333704769024
2pl,100,1000,-0.4,transposed_em_diagonal,all_returned,100,holdout_logloss,100,0.5595169680611635,0.0010437390384530803,0.010437390384530803,0.560770024533993,0.5379710371502855,0.5777340944722478
2pl,100,1000,-0.4,transposed_em_diagonal,all_returned,100,elapsed_seconds,100,5.368652259219598,0.14571442068483056,1.4571442068483056,5.2049463334915345,3.4625793761999377,8.735148777944413
2pl,100,1000,-0.4,transposed_em_diagonal,all_returned,100,iterations,100,14.21,0.14305116694258868,1.4305116694258868,14.0,14.0,15.0
2pl,100,1000,-0.4,transposed_em_diagonal,all_returned,100,epochs,0,,,,,,
2pl,100,1000,-0.4,transposed_em_diagonal,rule_converged,100,holdout_brier,100,0.19039750352604684,0.00043588269853674896,0.0043588269853674895,0.19063322433426474,0.1815307909827261,0.19808333704769024
2pl,100,1000,-0.4,transposed_em_diagonal,rule_converged,100,holdout_logloss,100,0.5595169680611635,0.0010437390384530803,0.010437390384530803,0.560770024533993,0.5379710371502855,0.5777340944722478
2pl,100,1000,-0.4,transposed_em_diagonal,rule_converged,100,elapsed_seconds,100,5.368652259219598,0.14571442068483056,1.4571442068483056,5.2049463334915345,3.4625793761999377,8.735148777944413
2pl,100,1000,-0.4,transposed_em_diagonal,rule_converged,100,iterations,100,14.21,0.14305116694258868,1.4305116694258868,14.0,14.0,15.0
2pl,100,1000,-0.4,transposed_em_diagonal,rule_converged,100,epochs,0,,,,,,
2pl,100,1000,0.0,py_irt,all_returned,100,holdout_brier,100,0.21187660039883593,0.00039746179463248334,0.003974617946324833,0.21150169657119505,0.2045289445911917,0.21942048107131515
2pl,100,1000,0.0,py_irt,all_returned,100,holdout_logloss,100,0.6121168393317391,0.000893848689893546,0.00893848689893546,0.6109914190835157,0.596037889932653,0.6292054396042414
2pl,100,1000,0.0,py_irt,all_returned,100,elapsed_seconds,100,3.6835179033101304,0.1863309720067064,1.863309720067064,2.9809345419998863,2.1771054324446597,8.835413019780384
2pl,100,1000,0.0,py_irt,all_returned,100,iterations,0,,,,,,
2pl,100,1000,0.0,py_irt,all_returned,100,epochs,100,500.0,0.0,0.0,500.0,500.0,500.0
2pl,100,1000,0.0,py_irt,rule_converged,100,holdout_brier,0,,,,,,
2pl,100,1000,0.0,py_irt,rule_converged,100,holdout_logloss,0,,,,,,
2pl,100,1000,0.0,py_irt,rule_converged,100,elapsed_seconds,0,,,,,,
2pl,100,1000,0.0,py_irt,rule_converged,100,iterations,0,,,,,,
2pl,100,1000,0.0,py_irt,rule_converged,100,epochs,0,,,,,,
2pl,100,1000,0.0,torch_measure,all_returned,100,holdout_brier,100,0.19097195304885542,0.00035993030642636297,0.00359930306426363,0.1907482529390071,0.18449148910863516,0.19867417924558503
2pl,100,1000,0.0,torch_measure,all_returned,100,holdout_logloss,100,0.5621060192794549,0.0008848063666031903,0.008848063666031903,0.5618295072030927,0.5458448219059648,0.5818354195631061
2pl,100,1000,0.0,torch_measure,all_returned,100,elapsed_seconds,100,7.469976285840167,0.4178756968447682,4.178756968447682,6.653988521000429,4.648025656249592,14.521380388528232
2pl,100,1000,0.0,torch_measure,all_returned,100,iterations,100,10.21,0.08201379534116579,0.8201379534116578,10.0,9.0,11.524999999999991
2pl,100,1000,0.0,torch_measure,all_returned,100,epochs,0,,,,,,
2pl,100,1000,0.0,torch_measure,rule_converged,100,holdout_brier,100,0.19097195304885542,0.00035993030642636297,0.00359930306426363,0.1907482529390071,0.18449148910863516,0.19867417924558503
2pl,100,1000,0.0,torch_measure,rule_converged,100,holdout_logloss,100,0.5621060192794549,0.0008848063666031903,0.008848063666031903,0.5618295072030927,0.5458448219059648,0.5818354195631061
2pl,100,1000,0.0,torch_measure,rule_converged,100,elapsed_seconds,100,7.469976285840167,0.4178756968447682,4.178756968447682,6.653988521000429,4.648025656249592,14.521380388528232
2pl,100,1000,0.0,torch_measure,rule_converged,100,iterations,100,10.21,0.08201379534116579,0.8201379534116578,10.0,9.0,11.524999999999991
2pl,100,1000,0.0,torch_measure,rule_converged,100,epochs,0,,,,,,
2pl,100,1000,0.0,transposed_em_correlated,all_returned,100,holdout_brier,100,0.190348938957931,0.0003557625921009781,0.003557625921009781,0.19024345232739498,0.18397298614388594,0.1978642382815431
2pl,100,1000,0.0,transposed_em_correlated,all_returned,100,holdout_logloss,100,0.5595627106410891,0.000858788231791424,0.00858788231791424,0.5591975667616723,0.5442086111388,0.5781485913121412
2pl,100,1000,0.0,transposed_em_correlated,all_returned,100,elapsed_seconds,100,5.891445117498879,0.1867069565743896,1.867069565743896,5.678834770988033,3.408356741524403,9.127105585582093
2pl,100,1000,0.0,transposed_em_correlated,all_returned,100,iterations,100,14.1,0.0758786910639328,0.758786910639328,14.0,14.0,14.0
2pl,100,1000,0.0,transposed_em_correlated,all_returned,100,epochs,0,,,,,,
2pl,100,1000,0.0,transposed_em_correlated,rule_converged,100,holdout_brier,100,0.190348938957931,0.0003557625921009781,0.003557625921009781,0.19024345232739498,0.18397298614388594,0.1978642382815431
2pl,100,1000,0.0,transposed_em_correlated,rule_converged,100,holdout_logloss,100,0.5595627106410891,0.000858788231791424,0.00858788231791424,0.5591975667616723,0.5442086111388,0.5781485913121412
2pl,100,1000,0.0,transposed_em_correlated,rule_converged,100,elapsed_seconds,100,5.891445117498879,0.1867069565743896,1.867069565743896,5.678834770988033,3.408356741524403,9.127105585582093
2pl,100,1000,0.0,transposed_em_correlated,rule_converged,100,iterations,100,14.1,0.0758786910639328,0.758786910639328,14.0,14.0,14.0
2pl,100,1000,0.0,transposed_em_correlated,rule_converged,100,epochs,0,,,,,,
2pl,100,1000,0.0,transposed_em_diagonal,all_returned,100,holdout_brier,100,0.19034949484957864,0.00035582389969195105,0.0035582389969195105,0.19024241480162016,0.18396615362922822,0.19786693819734133
2pl,100,1000,0.0,transposed_em_diagonal,all_returned,100,holdout_logloss,100,0.5595620682138073,0.0008591259946370931,0.008591259946370932,0.559182000747107,0.544211306008817,0.5781561836545974
2pl,100,1000,0.0,transposed_em_diagonal,all_returned,100,elapsed_seconds,100,5.793359913800086,0.19444003283264372,1.944400328326437,5.304486083499796,3.3866712687511606,9.565012303470933
2pl,100,1000,0.0,transposed_em_diagonal,all_returned,100,iterations,100,14.09,0.07260659179246173,0.7260659179246174,14.0,14.0,14.0
2pl,100,1000,0.0,transposed_em_diagonal,all_returned,100,epochs,0,,,,,,
2pl,100,1000,0.0,transposed_em_diagonal,rule_converged,100,holdout_brier,99,0.19039528467032246,0.00035644780925499794,0.003546610921928997,0.1902684115966593,0.18396567500995742,0.19788584569518833
2pl,100,1000,0.0,transposed_em_diagonal,rule_converged,100,holdout_logloss,99,0.5596737176078882,0.0008604886411175852,0.008561753876849442,0.5593555129132999,0.5441967059545991,0.578232683952677
2pl,100,1000,0.0,transposed_em_diagonal,rule_converged,100,elapsed_seconds,99,5.763259116212151,0.19404625041082263,1.9307358137641382,5.2885290419944795,3.383865037501528,9.586355502445802
2pl,100,1000,0.0,transposed_em_diagonal,rule_converged,100,iterations,99,14.070707070707071,0.0707070707070707,0.7035264706814484,14.0,14.0,14.0
2pl,100,1000,0.0,transposed_em_diagonal,rule_converged,100,epochs,0,,,,,,
2pl,100,1000,0.4,py_irt,all_returned,100,holdout_brier,100,0.21163727719744357,0.0004300549311712418,0.004300549311712418,0.2120076180749001,0.20348471773619983,0.21899918399999754
2pl,100,1000,0.4,py_irt,all_returned,100,holdout_logloss,100,0.6116700149068989,0.0009672753803412988,0.009672753803412988,0.612519811000793,0.59313135858488,0.627966655577021
2pl,100,1000,0.4,py_irt,all_returned,100,elapsed_seconds,100,3.9092560458499794,0.1368222803668168,1.3682228036681678,3.6984752920034225,2.1445524260256206,7.027937505401844
2pl,100,1000,0.4,py_irt,all_returned,100,iterations,0,,,,,,
2pl,100,1000,0.4,py_irt,all_returned,100,epochs,100,500.0,0.0,0.0,500.0,500.0,500.0
2pl,100,1000,0.4,py_irt,rule_converged,100,holdout_brier,0,,,,,,
2pl,100,1000,0.4,py_irt,rule_converged,100,holdout_logloss,0,,,,,,
2pl,100,1000,0.4,py_irt,rule_converged,100,elapsed_seconds,0,,,,,,
2pl,100,1000,0.4,py_irt,rule_converged,100,iterations,0,,,,,,
2pl,100,1000,0.4,py_irt,rule_converged,100,epochs,0,,,,,,
2pl,100,1000,0.4,torch_measure,all_returned,100,holdout_brier,99,0.19111554957188365,0.0004009441852479624,0.00398934427302672,0.1912444150923799,0.18294607511311292,0.19785379836889377
2pl,100,1000,0.4,torch_measure,all_returned,100,holdout_logloss,99,0.5623301710747755,0.0009822825254043061,0.009773587724666489,0.5629144920232549,0.5433269668998946,0.577664667292559
2pl,100,1000,0.4,torch_measure,all_returned,100,elapsed_seconds,99,8.052290657464493,0.5609362824999906,5.581245541047807,7.094719457993051,5.577004040244356,14.482852023097072
2pl,100,1000,0.4,torch_measure,all_returned,100,iterations,99,10.454545454545455,0.08156469126154446,0.8115584311671684,10.0,9.0,12.0
2pl,100,1000,0.4,torch_measure,all_returned,100,epochs,0,,,,,,
2pl,100,1000,0.4,torch_measure,rule_converged,100,holdout_brier,99,0.19111554957188365,0.0004009441852479624,0.00398934427302672,0.1912444150923799,0.18294607511311292,0.19785379836889377
2pl,100,1000,0.4,torch_measure,rule_converged,100,holdout_logloss,99,0.5623301710747755,0.0009822825254043061,0.009773587724666489,0.5629144920232549,0.5433269668998946,0.577664667292559
2pl,100,1000,0.4,torch_measure,rule_converged,100,elapsed_seconds,99,8.052290657464493,0.5609362824999906,5.581245541047807,7.094719457993051,5.577004040244356,14.482852023097072
2pl,100,1000,0.4,torch_measure,rule_converged,100,iterations,99,10.454545454545455,0.08156469126154446,0.8115584311671684,10.0,9.0,12.0
2pl,100,1000,0.4,torch_measure,rule_converged,100,epochs,0,,,,,,
2pl,100,1000,0.4,transposed_em_correlated,all_returned,100,holdout_brier,100,0.19037752096426794,0.00038959383283924503,0.0038959383283924502,0.19066620357976166,0.1822868098894833,0.1972083896522415
2pl,100,1000,0.4,transposed_em_correlated,all_returned,100,holdout_logloss,100,0.5594448778239267,0.0009405161488047171,0.00940516148804717,0.5602862671992104,0.5396983611167684,0.5751814455672316
2pl,100,1000,0.4,transposed_em_correlated,all_returned,100,elapsed_seconds,100,5.168337737530892,0.1165636838165462,1.165636838165462,5.128194666998752,3.377115250177303,7.78995200504432
2pl,100,1000,0.4,transposed_em_correlated,all_returned,100,iterations,100,14.06,0.02777979790634143,0.2777979790634143,14.0,14.0,15.0
2pl,100,1000,0.4,transposed_em_correlated,all_returned,100,epochs,0,,,,,,
2pl,100,1000,0.4,transposed_em_correlated,rule_converged,100,holdout_brier,100,0.19037752096426794,0.00038959383283924503,0.0038959383283924502,0.19066620357976166,0.1822868098894833,0.1972083896522415
2pl,100,1000,0.4,transposed_em_correlated,rule_converged,100,holdout_logloss,100,0.5594448778239267,0.0009405161488047171,0.00940516148804717,0.5602862671992104,0.5396983611167684,0.5751814455672316
2pl,100,1000,0.4,transposed_em_correlated,rule_converged,100,elapsed_seconds,100,5.168337737530892,0.1165636838165462,1.165636838165462,5.128194666998752,3.377115250177303,7.78995200504432
2pl,100,1000,0.4,transposed_em_correlated,rule_converged,100,iterations,100,14.06,0.02777979790634143,0.2777979790634143,14.0,14.0,15.0
2pl,100,1000,0.4,transposed_em_correlated,rule_converged,100,epochs,0,,,,,,
2pl,100,1000,0.4,transposed_em_diagonal,all_returned,100,holdout_brier,100,0.19045415818216216,0.0003894518621514086,0.003894518621514086,0.19077525717639843,0.18236465977494273,0.19727998633306132
2pl,100,1000,0.4,transposed_em_diagonal,all_returned,100,holdout_logloss,100,0.5597133654159406,0.0009388744924993661,0.00938874492499366,0.5606818850518392,0.5401691689435708,0.575419295773959
2pl,100,1000,0.4,transposed_em_diagonal,all_returned,100,elapsed_seconds,100,5.05050832169014,0.10361684914611943,1.0361684914611944,5.040569103999587,3.53405609531801,7.3327284564235
2pl,100,1000,0.4,transposed_em_diagonal,all_returned,100,iterations,100,14.0,0.0,0.0,14.0,14.0,14.0
2pl,100,1000,0.4,transposed_em_diagonal,all_returned,100,epochs,0,,,,,,
2pl,100,1000,0.4,transposed_em_diagonal,rule_converged,100,holdout_brier,100,0.19045415818216216,0.0003894518621514086,0.003894518621514086,0.19077525717639843,0.18236465977494273,0.19727998633306132
2pl,100,1000,0.4,transposed_em_diagonal,rule_converged,100,holdout_logloss,100,0.5597133654159406,0.0009388744924993661,0.00938874492499366,0.5606818850518392,0.5401691689435708,0.575419295773959
2pl,100,1000,0.4,transposed_em_diagonal,rule_converged,100,elapsed_seconds,100,5.05050832169014,0.10361684914611943,1.0361684914611944,5.040569103999587,3.53405609531801,7.3327284564235
2pl,100,1000,0.4,transposed_em_diagonal,rule_converged,100,iterations,100,14.0,0.0,0.0,14.0,14.0,14.0
2pl,100,1000,0.4,transposed_em_diagonal,rule_converged,100,epochs,0,,,,,,
2pl,100,10000,-0.4,py_irt,all_returned,100,holdout_brier,100,0.21150603089889627,0.0003461465007600097,0.003461465007600097,0.2114224459815182,0.204892583214621,0.2172124177508125
2pl,100,10000,-0.4,py_irt,all_returned,100,holdout_logloss,100,0.611359985218531,0.0007716851013109104,0.007716851013109104,0.6111264395115192,0.5965336706204146,0.6238667263256698
2pl,100,10000,-0.4,py_irt,all_returned,100,elapsed_seconds,100,18.952768014170434,0.40897437039891865,4.089743703989186,18.49555387500004,12.6176593772263,27.671635309719004
2pl,100,10000,-0.4,py_irt,all_returned,100,iterations,0,,,,,,
2pl,100,10000,-0.4,py_irt,all_returned,100,epochs,100,500.0,0.0,0.0,500.0,500.0,500.0
2pl,100,10000,-0.4,py_irt,rule_converged,100,holdout_brier,0,,,,,,
2pl,100,10000,-0.4,py_irt,rule_converged,100,holdout_logloss,0,,,,,,
2pl,100,10000,-0.4,py_irt,rule_converged,100,elapsed_seconds,0,,,,,,
2pl,100,10000,-0.4,py_irt,rule_converged,100,iterations,0,,,,,,
2pl,100,10000,-0.4,py_irt,rule_converged,100,epochs,0,,,,,,
2pl,100,10000,-0.4,torch_measure,all_returned,100,holdout_brier,100,0.19093164710568053,0.0003174568708976045,0.003174568708976045,0.19079936374042245,0.18458364634186572,0.19645485495433856
2pl,100,10000,-0.4,torch_measure,all_returned,100,holdout_logloss,100,0.5618389210587356,0.0007603613324895592,0.007603613324895592,0.5615609629407126,0.5467329446178664,0.5750652163501481
2pl,100,10000,-0.4,torch_measure,all_returned,100,elapsed_seconds,100,17.367949015029154,0.31201660061252695,3.1201660061252694,17.170933542001876,12.386846418576171,23.564402084193354
2pl,100,10000,-0.4,torch_measure,all_returned,100,iterations,100,16.77,0.08744984132332514,0.8744984132332515,17.0,16.0,18.52499999999999
2pl,100,10000,-0.4,torch_measure,all_returned,100,epochs,0,,,,,,
2pl,100,10000,-0.4,torch_measure,rule_converged,100,holdout_brier,100,0.19093164710568053,0.0003174568708976045,0.003174568708976045,0.19079936374042245,0.18458364634186572,0.19645485495433856
2pl,100,10000,-0.4,torch_measure,rule_converged,100,holdout_logloss,100,0.5618389210587356,0.0007603613324895592,0.007603613324895592,0.5615609629407126,0.5467329446178664,0.5750652163501481
2pl,100,10000,-0.4,torch_measure,rule_converged,100,elapsed_seconds,100,17.367949015029154,0.31201660061252695,3.1201660061252694,17.170933542001876,12.386846418576171,23.564402084193354
2pl,100,10000,-0.4,torch_measure,rule_converged,100,iterations,100,16.77,0.08744984132332514,0.8744984132332515,17.0,16.0,18.52499999999999
2pl,100,10000,-0.4,torch_measure,rule_converged,100,epochs,0,,,,,,
2pl,100,10000,-0.4,transposed_em_correlated,all_returned,100,holdout_brier,100,0.19023244259644262,0.00031440880115918973,0.0031440880115918973,0.19013541091454433,0.1839272441582322,0.1956273874797971
2pl,100,10000,-0.4,transposed_em_correlated,all_returned,100,holdout_logloss,100,0.5591257794027195,0.0007568476902160982,0.007568476902160982,0.5590787436564764,0.5438792381800747,0.5719228001697952
2pl,100,10000,-0.4,transposed_em_correlated,all_returned,100,elapsed_seconds,100,27.661417981269405,0.4484659349363721,4.484659349363721,27.093714646500302,21.251560693194186,40.00615860000575
2pl,100,10000,-0.4,transposed_em_correlated,all_returned,100,iterations,100,14.25,0.12900160518929266,1.2900160518929267,14.0,14.0,19.099999999999966
2pl,100,10000,-0.4,transposed_em_correlated,all_returned,100,epochs,0,,,,,,
2pl,100,10000,-0.4,transposed_em_correlated,rule_converged,100,holdout_brier,100,0.19023244259644262,0.00031440880115918973,0.0031440880115918973,0.19013541091454433,0.1839272441582322,0.1956273874797971
2pl,100,10000,-0.4,transposed_em_correlated,rule_converged,100,holdout_logloss,100,0.5591257794027195,0.0007568476902160982,0.007568476902160982,0.5590787436564764,0.5438792381800747,0.5719228001697952
2pl,100,10000,-0.4,transposed_em_correlated,rule_converged,100,elapsed_seconds,100,27.661417981269405,0.4484659349363721,4.484659349363721,27.093714646500302,21.251560693194186,40.00615860000575
2pl,100,10000,-0.4,transposed_em_correlated,rule_converged,100,iterations,100,14.25,0.12900160518929266,1.2900160518929267,14.0,14.0,19.099999999999966
2pl,100,10000,-0.4,transposed_em_correlated,rule_converged,100,epochs,0,,,,,,
2pl,100,10000,-0.4,transposed_em_diagonal,all_returned,100,holdout_brier,100,0.19029420143755948,0.0003142334043731699,0.003142334043731699,0.19018418119922975,0.18396287337379386,0.19568954440154596
2pl,100,10000,-0.4,transposed_em_diagonal,all_returned,100,holdout_logloss,100,0.5593455425043108,0.0007562136913007145,0.007562136913007145,0.5592637303893282,0.5440332124539317,0.5721364939611324
2pl,100,10000,-0.4,transposed_em_diagonal,all_returned,100,elapsed_seconds,100,28.566090769949877,0.3903511735794416,3.903511735794416,28.945556061997195,20.93221303179744,37.37338523329634
2pl,100,10000,-0.4,transposed_em_diagonal,all_returned,100,iterations,100,14.13,0.08245598764789555,0.8245598764789555,14.0,14.0,15.049999999999983
2pl,100,10000,-0.4,transposed_em_diagonal,all_returned,100,epochs,0,,,,,,
2pl,100,10000,-0.4,transposed_em_diagonal,rule_converged,100,holdout_brier,100,0.19029420143755948,0.0003142334043731699,0.003142334043731699,0.19018418119922975,0.18396287337379386,0.19568954440154596
2pl,100,10000,-0.4,transposed_em_diagonal,rule_converged,100,holdout_logloss,100,0.5593455425043108,0.0007562136913007145,0.007562136913007145,0.5592637303893282,0.5440332124539317,0.5721364939611324
2pl,100,10000,-0.4,transposed_em_diagonal,rule_converged,100,elapsed_seconds,100,28.566090769949877,0.3903511735794416,3.903511735794416,28.945556061997195,20.93221303179744,37.37338523329634
2pl,100,10000,-0.4,transposed_em_diagonal,rule_converged,100,iterations,100,14.13,0.08245598764789555,0.8245598764789555,14.0,14.0,15.049999999999983
2pl,100,10000,-0.4,transposed_em_diagonal,rule_converged,100,epochs,0,,,,,,
2pl,100,10000,0.0,py_irt,all_returned,100,holdout_brier,100,0.2115211291149056,0.0003814440510357327,0.0038144405103573273,0.2120671441306825,0.20377012768934225,0.21933396778547368
2pl,100,10000,0.0,py_irt,all_returned,100,holdout_logloss,100,0.6114137272733128,0.0008433827393995071,0.00843382739399507,0.612671169999278,0.5944203864604348,0.628318958703209
2pl,100,10000,0.0,py_irt,all_returned,100,elapsed_seconds,100,18.789943133350096,0.5006372399035872,5.006372399035872,17.648241479000717,13.48008031597383,27.84498126009639
2pl,100,10000,0.0,py_irt,all_returned,100,iterations,0,,,,,,
2pl,100,10000,0.0,py_irt,all_returned,100,epochs,100,500.0,0.0,0.0,500.0,500.0,500.0
2pl,100,10000,0.0,py_irt,rule_converged,100,holdout_brier,0,,,,,,
2pl,100,10000,0.0,py_irt,rule_converged,100,holdout_logloss,0,,,,,,
2pl,100,10000,0.0,py_irt,rule_converged,100,elapsed_seconds,0,,,,,,
2pl,100,10000,0.0,py_irt,rule_converged,100,iterations,0,,,,,,
2pl,100,10000,0.0,py_irt,rule_converged,100,epochs,0,,,,,,
2pl,100,10000,0.0,torch_measure,all_returned,100,holdout_brier,99,0.1906767195956872,0.00034129841485189505,0.00339587635082039,0.1909574165500928,0.1836021714408176,0.1975388343672938
2pl,100,10000,0.0,torch_measure,all_returned,100,holdout_logloss,99,0.5613922070340802,0.000825977796034149,0.008218375303829923,0.5622067264787747,0.5449494656167553,0.5776165974902656
2pl,100,10000,0.0,torch_measure,all_returned,100,elapsed_seconds,99,17.343521693979305,0.3372834906446384,3.355928359348834,16.969499500002712,13.640931864403683,27.303696983701954
2pl,100,10000,0.0,torch_measure,all_returned,100,iterations,99,16.86868686868687,0.09806041563077637,0.9756888163007612,17.0,16.0,19.0
2pl,100,10000,0.0,torch_measure,all_returned,100,epochs,0,,,,,,
2pl,100,10000,0.0,torch_measure,rule_converged,100,holdout_brier,99,0.1906767195956872,0.00034129841485189505,0.00339587635082039,0.1909574165500928,0.1836021714408176,0.1975388343672938
2pl,100,10000,0.0,torch_measure,rule_converged,100,holdout_logloss,99,0.5613922070340802,0.000825977796034149,0.008218375303829923,0.5622067264787747,0.5449494656167553,0.5776165974902656
2pl,100,10000,0.0,torch_measure,rule_converged,100,elapsed_seconds,99,17.343521693979305,0.3372834906446384,3.355928359348834,16.969499500002712,13.640931864403683,27.303696983701954
2pl,100,10000,0.0,torch_measure,rule_converged,100,iterations,99,16.86868686868687,0.09806041563077637,0.9756888163007612,17.0,16.0,19.0
2pl,100,10000,0.0,torch_measure,rule_converged,100,epochs,0,,,,,,
2pl,100,10000,0.0,transposed_em_correlated,all_returned,100,holdout_brier,100,0.19008607229661656,0.00033443026022664344,0.003344302602266434,0.19039134482208592,0.18308005007467038,0.19684261805795072
2pl,100,10000,0.0,transposed_em_correlated,all_returned,100,holdout_logloss,100,0.5589786727330793,0.0008092574033844023,0.008092574033844023,0.5599234560256271,0.5424754595198787,0.5750071455358547
2pl,100,10000,0.0,transposed_em_correlated,all_returned,100,elapsed_seconds,100,29.17571637416004,0.6624159708512474,6.624159708512473,28.058858812502876,20.96764674999431,42.365824372957235
2pl,100,10000,0.0,transposed_em_correlated,all_returned,100,iterations,100,14.62,0.23689063239641142,2.368906323964114,14.0,14.0,20.52499999999999
2pl,100,10000,0.0,transposed_em_correlated,all_returned,100,epochs,0,,,,,,
2pl,100,10000,0.0,transposed_em_correlated,rule_converged,100,holdout_brier,100,0.19008607229661656,0.00033443026022664344,0.003344302602266434,0.19039134482208592,0.18308005007467038,0.19684261805795072
2pl,100,10000,0.0,transposed_em_correlated,rule_converged,100,holdout_logloss,100,0.5589786727330793,0.0008092574033844023,0.008092574033844023,0.5599234560256271,0.5424754595198787,0.5750071455358547
2pl,100,10000,0.0,transposed_em_correlated,rule_converged,100,elapsed_seconds,100,29.17571637416004,0.6624159708512474,6.624159708512473,28.058858812502876,20.96764674999431,42.365824372957235
2pl,100,10000,0.0,transposed_em_correlated,rule_converged,100,iterations,100,14.62,0.23689063239641142,2.368906323964114,14.0,14.0,20.52499999999999
2pl,100,10000,0.0,transposed_em_correlated,rule_converged,100,epochs,0,,,,,,
2pl,100,10000,0.0,transposed_em_diagonal,all_returned,100,holdout_brier,100,0.1900859787335612,0.00033443897026343156,0.0033443897026343154,0.1903907603261648,0.183080647157552,0.1968426058402075
2pl,100,10000,0.0,transposed_em_diagonal,all_returned,100,holdout_logloss,100,0.5589782721120377,0.0008092677015013192,0.008092677015013192,0.5599252803409953,0.5424768185481345,0.5750050793158434
2pl,100,10000,0.0,transposed_em_diagonal,all_returned,100,elapsed_seconds,100,29.032150376639983,0.6396569709222903,6.396569709222903,28.169776333495975,22.45391794319621,39.207863899277065
2pl,100,10000,0.0,transposed_em_diagonal,all_returned,100,iterations,100,14.48,0.21671561218716234,2.1671561218716233,14.0,14.0,19.0
2pl,100,10000,0.0,transposed_em_diagonal,all_returned,100,epochs,0,,,,,,
2pl,100,10000,0.0,transposed_em_diagonal,rule_converged,100,holdout_brier,100,0.1900859787335612,0.00033443897026343156,0.0033443897026343154,0.1903907603261648,0.183080647157552,0.1968426058402075
2pl,100,10000,0.0,transposed_em_diagonal,rule_converged,100,holdout_logloss,100,0.5589782721120377,0.0008092677015013192,0.008092677015013192,0.5599252803409953,0.5424768185481345,0.5750050793158434
2pl,100,10000,0.0,transposed_em_diagonal,rule_converged,100,elapsed_seconds,100,29.032150376639983,0.6396569709222903,6.396569709222903,28.169776333495975,22.45391794319621,39.207863899277065
2pl,100,10000,0.0,transposed_em_diagonal,rule_converged,100,iterations,100,14.48,0.21671561218716234,2.1671561218716233,14.0,14.0,19.0
2pl,100,10000,0.0,transposed_em_diagonal,rule_converged,100,epochs,0,,,,,,
2pl,100,10000,0.4,py_irt,all_returned,100,holdout_brier,100,0.21132464682614238,0.00038549220890141925,0.0038549220890141925,0.2114384882387583,0.20393040080328942,0.21880756410897542
2pl,100,10000,0.4,py_irt,all_returned,100,holdout_logloss,100,0.6108942025420989,0.0008612263659657433,0.008612263659657433,0.6111119934655802,0.5945634220090101,0.6274173847420833
2pl,100,10000,0.4,py_irt,all_returned,100,elapsed_seconds,100,19.1345898729506,0.4907795786994176,4.907795786994176,18.41197564599861,12.048480531418681,29.658837894302618
2pl,100,10000,0.4,py_irt,all_returned,100,iterations,0,,,,,,
2pl,100,10000,0.4,py_irt,all_returned,100,epochs,100,500.0,0.0,0.0,500.0,500.0,500.0
2pl,100,10000,0.4,py_irt,rule_converged,100,holdout_brier,0,,,,,,
2pl,100,10000,0.4,py_irt,rule_converged,100,holdout_logloss,0,,,,,,
2pl,100,10000,0.4,py_irt,rule_converged,100,elapsed_seconds,0,,,,,,
2pl,100,10000,0.4,py_irt,rule_converged,100,iterations,0,,,,,,
2pl,100,10000,0.4,py_irt,rule_converged,100,epochs,0,,,,,,
2pl,100,10000,0.4,torch_measure,all_returned,100,holdout_brier,100,0.19071433751250289,0.00034542298922596575,0.0034542298922596577,0.1907810485841714,0.1840114192160701,0.19729792106249283
2pl,100,10000,0.4,torch_measure,all_returned,100,holdout_logloss,100,0.5612400345191324,0.0008303563996865853,0.008303563996865854,0.5613057146806861,0.5454312518597235,0.5768955302652875
2pl,100,10000,0.4,torch_measure,all_returned,100,elapsed_seconds,100,17.13602300165032,0.29735902433939343,2.973590243393934,17.23656850000407,12.512426761774986,24.889853339422526
2pl,100,10000,0.4,torch_measure,all_returned,100,iterations,100,16.85,0.08333333333333333,0.8333333333333333,17.0,16.0,18.52499999999999
2pl,100,10000,0.4,torch_measure,all_returned,100,epochs,0,,,,,,
2pl,100,10000,0.4,torch_measure,rule_converged,100,holdout_brier,100,0.19071433751250289,0.00034542298922596575,0.0034542298922596577,0.1907810485841714,0.1840114192160701,0.19729792106249283
2pl,100,10000,0.4,torch_measure,rule_converged,100,holdout_logloss,100,0.5612400345191324,0.0008303563996865853,0.008303563996865854,0.5613057146806861,0.5454312518597235,0.5768955302652875
2pl,100,10000,0.4,torch_measure,rule_converged,100,elapsed_seconds,100,17.13602300165032,0.29735902433939343,2.973590243393934,17.23656850000407,12.512426761774986,24.889853339422526
2pl,100,10000,0.4,torch_measure,rule_converged,100,iterations,100,16.85,0.08333333333333333,0.8333333333333333,17.0,16.0,18.52499999999999
2pl,100,10000,0.4,torch_measure,rule_converged,100,epochs,0,,,,,,
2pl,100,10000,0.4,transposed_em_correlated,all_returned,100,holdout_brier,100,0.19001823062723922,0.00034199075344966065,0.0034199075344966065,0.190066580132048,0.18339241149185526,0.1964497044531534
2pl,100,10000,0.4,transposed_em_correlated,all_returned,100,holdout_logloss,100,0.5585661673530476,0.0008259463505608893,0.008259463505608893,0.5586204101450867,0.5428559877043115,0.5738067769410832
2pl,100,10000,0.4,transposed_em_correlated,all_returned,100,elapsed_seconds,100,28.69769676293072,0.34724175105977895,3.4724175105977895,28.787506812499487,22.459156874642943,36.11148918040198
2pl,100,10000,0.4,transposed_em_correlated,all_returned,100,iterations,100,14.15,0.10286305498481019,1.0286305498481019,14.0,14.0,14.524999999999991
2pl,100,10000,0.4,transposed_em_correlated,all_returned,100,epochs,0,,,,,,
2pl,100,10000,0.4,transposed_em_correlated,rule_converged,100,holdout_brier,100,0.19001823062723922,0.00034199075344966065,0.0034199075344966065,0.190066580132048,0.18339241149185526,0.1964497044531534
2pl,100,10000,0.4,transposed_em_correlated,rule_converged,100,holdout_logloss,100,0.5585661673530476,0.0008259463505608893,0.008259463505608893,0.5586204101450867,0.5428559877043115,0.5738067769410832
2pl,100,10000,0.4,transposed_em_correlated,rule_converged,100,elapsed_seconds,100,28.69769676293072,0.34724175105977895,3.4724175105977895,28.787506812499487,22.459156874642943,36.11148918040198
2pl,100,10000,0.4,transposed_em_correlated,rule_converged,100,iterations,100,14.15,0.10286305498481019,1.0286305498481019,14.0,14.0,14.524999999999991
2pl,100,10000,0.4,transposed_em_correlated,rule_converged,100,epochs,0,,,,,,
2pl,100,10000,0.4,transposed_em_diagonal,all_returned,100,holdout_brier,100,0.19008060407791627,0.0003420409128048459,0.003420409128048459,0.1901300332841841,0.1834752832017703,0.196514907163662
2pl,100,10000,0.4,transposed_em_diagonal,all_returned,100,holdout_logloss,100,0.5587882637050547,0.0008255041951459154,0.008255041951459154,0.5588864767184767,0.5431638268512988,0.5740358731906667
2pl,100,10000,0.4,transposed_em_diagonal,all_returned,100,elapsed_seconds,100,27.754663302480402,0.4541601183526957,4.541601183526957,26.816762395501428,22.542248937868134,40.58602445311876
2pl,100,10000,0.4,transposed_em_diagonal,all_returned,100,iterations,100,14.36,0.15408249135256782,1.5408249135256782,14.0,14.0,20.52499999999999
2pl,100,10000,0.4,transposed_em_diagonal,all_returned,100,epochs,0,,,,,,
2pl,100,10000,0.4,transposed_em_diagonal,rule_converged,100,holdout_brier,100,0.19008060407791627,0.0003420409128048459,0.003420409128048459,0.1901300332841841,0.1834752832017703,0.196514907163662
2pl,100,10000,0.4,transposed_em_diagonal,rule_converged,100,holdout_logloss,100,0.5587882637050547,0.0008255041951459154,0.008255041951459154,0.5588864767184767,0.5431638268512988,0.5740358731906667
2pl,100,10000,0.4,transposed_em_diagonal,rule_converged,100,elapsed_seconds,100,27.754663302480402,0.4541601183526957,4.541601183526957,26.816762395501428,22.542248937868134,40.58602445311876
2pl,100,10000,0.4,transposed_em_diagonal,rule_converged,100,iterations,100,14.36,0.15408249135256782,1.5408249135256782,14.0,14.0,20.52499999999999
2pl,100,10000,0.4,transposed_em_diagonal,rule_converged,100,epochs,0,,,,,,
