model,n_subjects,n_items,item_correlation,framework,cohort,generated,n_bias,n_rmse,n_mae,bias,bias_mcse,mae,mae_mcse,mse,mse_mcse,rmse,rmse_mcse,sd_replicate_mean_error,mean_replicate_rmse_n,mean_replicate_rmse_mean,mean_replicate_rmse_mcse,mean_replicate_rmse_sd,mean_replicate_rmse_median,mean_replicate_rmse_q025,mean_replicate_rmse_q975,spearman_n,spearman_mean,spearman_mcse,spearman_sd,spearman_median,spearman_q025,spearman_q975,affine_rmse_n,affine_rmse_mean,affine_rmse_mcse,affine_rmse_sd,affine_rmse_median,affine_rmse_q025,affine_rmse_q975
1pl,20,1000,0.0,py_irt,all_returned,100,100,100,100,0.024458778612130864,0.18038681630584624,6.4199431726392575,0.0409491989206215,44.451765462003664,0.4159951402674045,6.66721572037411,0.03119706619032736,1.8038681630584625,100,6.659919284744387,0.031340518630280714,0.3134051863028071,6.662643542633445,6.086094262589843,7.1859439650292165,100,0.9909022556390975,0.0006487747923263058,0.0064877479232630575,0.9924812030075189,0.9736466165413533,0.9984962406015038,100,0.43704786307816235,0.010558976998044688,0.10558976998044688,0.41517363191870255,0.28640138945533855,0.6867864789480317
1pl,20,1000,0.0,py_irt,rule_converged,100,0,0,0,,,,,,,,,,0,,,,,,,0,,,,,,,0,,,,,,
1pl,20,1000,0.0,torch_measure,all_returned,100,0,100,0,,,,,0.006987038520377755,0.00021639040153875324,0.08358850710700458,0.001294378910618324,,100,0.08259427471463321,0.0012918716542775603,0.012918716542775602,0.08234037770985304,0.06081160970522448,0.10432838718990647,0,,,,,,,100,0.07230559761692192,0.0011728522381521174,0.011728522381521174,0.07111840305079564,0.05268970258576345,0.09726790789897907
1pl,20,1000,0.0,torch_measure,rule_converged,100,0,100,0,,,,,0.006987038520377755,0.00021639040153875324,0.08358850710700458,0.001294378910618324,,100,0.08259427471463321,0.0012918716542775603,0.012918716542775602,0.08234037770985304,0.06081160970522448,0.10432838718990647,0,,,,,,,100,0.07230559761692192,0.0011728522381521174,0.011728522381521174,0.07111840305079564,0.05268970258576345,0.09726790789897907
1pl,20,1000,0.0,transposed_em_correlated,all_returned,100,0,0,0,,,,,,,,,,0,,,,,,,0,,,,,,,0,,,,,,
1pl,20,1000,0.0,transposed_em_correlated,rule_converged,100,0,0,0,,,,,,,,,,0,,,,,,,0,,,,,,,0,,,,,,
1pl,20,1000,0.0,transposed_em_diagonal,all_returned,100,100,100,100,0.0013000094044159694,0.0017834460838660044,0.06240525807390524,0.0009683586583578681,0.006098373427431863,0.0001808275096367805,0.07809208300097945,0.001157783879542005,0.017834460838660044,100,0.07726560336156703,0.0011388456170364242,0.011388456170364242,0.0771141845547986,0.058534530344459476,0.10307163759720113,100,0.9910827067669171,0.0006031173769007381,0.00603117376900738,0.9924812030075189,0.9758646616541353,0.9984962406015038,100,0.07230113328531616,0.0011853393005950602,0.011853393005950603,0.07119322572653325,0.05232070004339174,0.09811758319847548
1pl,20,1000,0.0,transposed_em_diagonal,rule_converged,100,100,100,100,0.0013000094044159694,0.0017834460838660044,0.06240525807390524,0.0009683586583578681,0.006098373427431863,0.0001808275096367805,0.07809208300097945,0.001157783879542005,0.017834460838660044,100,0.07726560336156703,0.0011388456170364242,0.011388456170364242,0.0771141845547986,0.058534530344459476,0.10307163759720113,100,0.9910827067669171,0.0006031173769007381,0.00603117376900738,0.9924812030075189,0.9758646616541353,0.9984962406015038,100,0.07230113328531616,0.0011853393005950602,0.011853393005950603,0.07119322572653325,0.05232070004339174,0.09811758319847548
1pl,20,10000,0.0,py_irt,all_returned,100,100,100,100,0.19993120439586598,0.18606942638369073,6.57374865267789,0.0449584126556493,46.77553131012421,0.44986316531977766,6.839263945054629,0.03288827342634342,1.8606942638369073,100,6.831300667688255,0.03316053662951966,0.3316053662951966,6.869102722482639,6.216747282105701,7.431859058350044,100,0.9973834586466164,0.0004081276312654598,0.004081276312654598,0.9984962406015038,0.9924812030075189,1.0,100,0.437279519690686,0.009520159166719985,0.09520159166719985,0.4397986420552996,0.25106901156399775,0.6322365439829282
1pl,20,10000,0.0,py_irt,rule_converged,100,0,0,0,,,,,,,,,,0,,,,,,,0,,,,,,,0,,,,,,
1pl,20,10000,0.0,torch_measure,all_returned,100,0,100,0,,,,,0.14517284900324157,0.14391825404184916,0.38101554955571243,0.18886139189026105,,100,0.07249800233492375,0.03759390782644848,0.3759390782644848,0.03450652167503635,0.025846775072702215,0.04825189623696399,0,,,,,,,100,0.028286272991750492,0.005593376057062446,0.055933760570624456,0.0223852718081177,0.017093430808947548,0.02995410177999631
1pl,20,10000,0.0,torch_measure,rule_converged,100,0,100,0,,,,,0.14517284900324157,0.14391825404184916,0.38101554955571243,0.18886139189026105,,100,0.07249800233492375,0.03759390782644848,0.3759390782644848,0.03450652167503635,0.025846775072702215,0.04825189623696399,0,,,,,,,100,0.028286272991750492,0.005593376057062446,0.055933760570624456,0.0223852718081177,0.017093430808947548,0.02995410177999631
1pl,20,10000,0.0,transposed_em_correlated,all_returned,100,0,0,0,,,,,,,,,,0,,,,,,,0,,,,,,,0,,,,,,
1pl,20,10000,0.0,transposed_em_correlated,rule_converged,100,0,0,0,,,,,,,,,,0,,,,,,,0,,,,,,,0,,,,,,
1pl,20,10000,0.0,transposed_em_diagonal,all_returned,100,100,100,100,-0.00032620831445430724,0.0005634395599130398,0.020056669173244265,0.00032240408496494403,0.0006478500260234891,2.1132247835964875e-05,0.025452898185147583,0.0004151245897863231,0.005634395599130398,100,0.025126146254222954,0.0004085797084170642,0.004085797084170642,0.024637983714333,0.018104877965064974,0.03291659493247539,100,0.9976390977443608,0.0003200713655088379,0.003200713655088379,0.9984962406015038,0.9924812030075189,1.0,100,0.022710930135876783,0.00034488843134017696,0.0034488843134017695,0.0225718945236566,0.017185676498595853,0.02976168212185299
1pl,20,10000,0.0,transposed_em_diagonal,rule_converged,100,100,100,100,-0.00032620831445430724,0.0005634395599130398,0.020056669173244265,0.00032240408496494403,0.0006478500260234891,2.1132247835964875e-05,0.025452898185147583,0.0004151245897863231,0.005634395599130398,100,0.025126146254222954,0.0004085797084170642,0.004085797084170642,0.024637983714333,0.018104877965064974,0.03291659493247539,100,0.9976390977443608,0.0003200713655088379,0.003200713655088379,0.9984962406015038,0.9924812030075189,1.0,100,0.022710930135876783,0.00034488843134017696,0.0034488843134017695,0.0225718945236566,0.017185676498595853,0.02976168212185299
1pl,100,1000,0.0,py_irt,all_returned,100,100,100,100,-0.004632625825972823,0.08353505959420071,6.26832537884895,0.01737181017703574,42.67868733767991,0.16760497887494324,6.5328927235704635,0.01282777675731839,0.8353505959420071,100,6.531650936202702,0.012801272538650627,0.12801272538650627,6.528026818537954,6.30178188488106,6.802068263931803,100,0.9956721272127211,0.00010690670199131349,0.0010690670199131349,0.9957515751575157,0.9932448244824481,0.9973954395439543,100,0.4557480322272485,0.004869231489739828,0.048692314897398274,0.4526287212716022,0.3745369125816326,0.5564866306514776
1pl,100,1000,0.0,py_irt,rule_converged,100,0,0,0,,,,,,,,,,0,,,,,,,0,,,,,,,0,,,,,,
1pl,100,1000,0.0,torch_measure,all_returned,100,0,100,0,,,,,0.006653900427573332,9.067759745617625e-05,0.0815714437016615,0.0005558170441841111,,100,0.08138898097821501,0.0005480378489204683,0.005480378489204683,0.08097942947280595,0.0726794978048339,0.09449171272725787,0,,,,,,,100,0.07804475620815225,0.0004799708741908352,0.004799708741908352,0.0779908581042835,0.06922784218292964,0.08822250956294399
1pl,100,1000,0.0,torch_measure,rule_converged,100,0,100,0,,,,,0.006653900427573332,9.067759745617625e-05,0.0815714437016615,0.0005558170441841111,,100,0.08138898097821501,0.0005480378489204683,0.005480378489204683,0.08097942947280595,0.0726794978048339,0.09449171272725787,0,,,,,,,100,0.07804475620815225,0.0004799708741908352,0.004799708741908352,0.0779908581042835,0.06922784218292964,0.08822250956294399
1pl,100,1000,0.0,transposed_em_correlated,all_returned,100,0,0,0,,,,,,,,,,0,,,,,,,0,,,,,,,0,,,,,,
1pl,100,1000,0.0,transposed_em_correlated,rule_converged,100,0,0,0,,,,,,,,,,0,,,,,,,0,,,,,,,0,,,,,,
1pl,100,1000,0.0,transposed_em_diagonal,all_returned,100,100,100,100,0.0022249346765650328,0.0009226921624196057,0.0627005491446,0.00043572304621969024,0.006340917605728329,7.889933300377334e-05,0.0796298788503934,0.0004954128660173364,0.009226921624196057,100,0.07947777509633008,0.0004944221345432633,0.0049442213454326325,0.07927422061119985,0.07048446679284415,0.08940309513880608,100,0.9957665766576658,0.00010956959215267708,0.0010956959215267707,0.9958895889588957,0.9936204620462046,0.9978421842184216,100,0.0780549993256374,0.0004740495569729495,0.004740495569729495,0.07783783105862979,0.0693303898703599,0.08807483315408399
1pl,100,1000,0.0,transposed_em_diagonal,rule_converged,100,100,100,100,0.0022249346765650328,0.0009226921624196057,0.0627005491446,0.00043572304621969024,0.006340917605728329,7.889933300377334e-05,0.0796298788503934,0.0004954128660173364,0.009226921624196057,100,0.07947777509633008,0.0004944221345432633,0.0049442213454326325,0.07927422061119985,0.07048446679284415,0.08940309513880608,100,0.9957665766576658,0.00010956959215267708,0.0010956959215267707,0.9958895889588957,0.9936204620462046,0.9978421842184216,100,0.0780549993256374,0.0004740495569729495,0.004740495569729495,0.07783783105862979,0.0693303898703599,0.08807483315408399
1pl,100,10000,0.0,py_irt,all_returned,100,100,100,100,-0.026340168843886503,0.08695594279174743,6.470564640432159,0.022497648503412432,45.26817972959293,0.20924933553596808,6.728163176498689,0.015550257183630069,0.8695594279174743,100,6.726383643585985,0.01555141647771445,0.1555141647771445,6.728916103535463,6.437511371687232,7.053385007204978,100,0.999228802880288,2.1176111952454833e-05,0.00021176111952454833,0.9992439243924393,0.9987632763276327,0.9995439543954396,100,0.4621263441527387,0.004992148385034183,0.049921483850341834,0.45684769822552534,0.3687760499149589,0.5658765854286867
1pl,100,10000,0.0,py_irt,rule_converged,100,0,0,0,,,,,,,,,,0,,,,,,,0,,,,,,,0,,,,,,
1pl,100,10000,0.0,torch_measure,all_returned,100,0,100,0,,,,,0.0008213395546173265,1.5353874941389772e-05,0.028659022220189692,0.00026787157676602945,,100,0.028537744545580314,0.0002647028230498913,0.0026470282304989125,0.02825474296190065,0.024806520435009596,0.03323931178846334,0,,,,,,,100,0.02457673652348459,0.0002113824781928173,0.002113824781928173,0.02443737080147005,0.020284349369817028,0.02860751391490138
1pl,100,10000,0.0,torch_measure,rule_converged,100,0,100,0,,,,,0.0008213395546173265,1.5353874941389772e-05,0.028659022220189692,0.00026787157676602945,,100,0.028537744545580314,0.0002647028230498913,0.0026470282304989125,0.02825474296190065,0.024806520435009596,0.03323931178846334,0,,,,,,,100,0.02457673652348459,0.0002113824781928173,0.002113824781928173,0.02443737080147005,0.020284349369817028,0.02860751391490138
1pl,100,10000,0.0,transposed_em_correlated,all_returned,100,0,0,0,,,,,,,,,,0,,,,,,,0,,,,,,,0,,,,,,
1pl,100,10000,0.0,transposed_em_correlated,rule_converged,100,0,0,0,,,,,,,,,,0,,,,,,,0,,,,,,,0,,,,,,
1pl,100,10000,0.0,transposed_em_diagonal,all_returned,100,100,100,100,0.00010794532370967828,0.00023242840308081606,0.019754223666014106,0.00017502950636110742,0.0006248721093107126,1.0495225637837377e-05,0.024997442055352634,0.0002099259919194425,0.0023242840308081605,100,0.02490823187495306,0.00021206284027404905,0.0021206284027404905,0.02494294840149315,0.020673544831805224,0.02888421935034139,100,0.9992648064806479,2.0870241100249098e-05,0.00020870241100249097,0.9992859285928593,0.9988529852985298,0.9995874587458745,100,0.024575648938694416,0.00021152280002588878,0.0021152280002588878,0.0244388079281032,0.020291358596518108,0.028414615506985836
1pl,100,10000,0.0,transposed_em_diagonal,rule_converged,100,100,100,100,0.00010794532370967828,0.00023242840308081606,0.019754223666014106,0.00017502950636110742,0.0006248721093107126,1.0495225637837377e-05,0.024997442055352634,0.0002099259919194425,0.0023242840308081605,100,0.02490823187495306,0.00021206284027404905,0.0021206284027404905,0.02494294840149315,0.020673544831805224,0.02888421935034139,100,0.9992648064806479,2.0870241100249098e-05,0.00020870241100249097,0.9992859285928593,0.9988529852985298,0.9995874587458745,100,0.024575648938694416,0.00021152280002588878,0.0021152280002588878,0.0244388079281032,0.020291358596518108,0.028414615506985836
2pl,20,1000,-0.4,py_irt,all_returned,100,100,100,100,0.06089733522609525,0.005925186668855019,0.18567153613764706,0.0029617564884451423,0.05284709234027547,0.001639206617371776,0.22988495457570832,0.0035652759885857034,0.05925186668855019,100,0.22727772635701943,0.003469822925443326,0.03469822925443326,0.22556445569708045,0.16813485540605003,0.3092006070415551,100,0.9895187969924809,0.0007536865962299731,0.007536865962299731,0.9909774436090224,0.9720676691729323,0.9984962406015038,100,0.08086723198196183,0.0016887931886466606,0.016887931886466607,0.08079092496220444,0.05511099092302087,0.11717292069866823
2pl,20,1000,-0.4,py_irt,rule_converged,100,0,0,0,,,,,,,,,,0,,,,,,,0,,,,,,,0,,,,,,
2pl,20,1000,-0.4,torch_measure,all_returned,100,0,99,0,,,,,0.13739194775779817,0.01160243914749899,0.37066419810631585,0.015650876462812734,,99,0.34453172134372756,0.01380987547629144,0.1374065260691678,0.3176231405122247,0.16909273960054444,0.6684698079160744,0,,,,,,,99,0.1569209976968918,0.005021105407877967,0.04995936801226688,0.1495663428055637,0.0861408021516701,0.2605149582750213
2pl,20,1000,-0.4,torch_measure,rule_converged,100,0,99,0,,,,,0.13739194775779817,0.01160243914749899,0.37066419810631585,0.015650876462812734,,99,0.34453172134372756,0.01380987547629144,0.1374065260691678,0.3176231405122247,0.16909273960054444,0.6684698079160744,0,,,,,,,99,0.1569209976968918,0.005021105407877967,0.04995936801226688,0.1495663428055637,0.0861408021516701,0.2605149582750213
2pl,20,1000,-0.4,transposed_em_correlated,all_returned,100,100,100,100,0.030953099596176824,0.002922539638079753,0.07693851126648088,0.0017368787775743012,0.009458200424896101,0.0004402377940874574,0.09725327976421207,0.002263357056722416,0.029225396380797533,100,0.09502248479390184,0.0020814908421968783,0.020814908421968783,0.0917900374965597,0.06106335261162825,0.1379569506024716,100,0.9896541353383457,0.0007995176739842827,0.007995176739842827,0.9924812030075189,0.9728571428571428,0.9984962406015038,100,0.07545704296830269,0.0014971745537612738,0.014971745537612737,0.07534039318492275,0.04906786547042104,0.10557691579211873
2pl,20,1000,-0.4,transposed_em_correlated,rule_converged,100,100,100,100,0.030953099596176824,0.002922539638079753,0.07693851126648088,0.0017368787775743012,0.009458200424896101,0.0004402377940874574,0.09725327976421207,0.002263357056722416,0.029225396380797533,100,0.09502248479390184,0.0020814908421968783,0.020814908421968783,0.0917900374965597,0.06106335261162825,0.1379569506024716,100,0.9896541353383457,0.0007995176739842827,0.007995176739842827,0.9924812030075189,0.9728571428571428,0.9984962406015038,100,0.07545704296830269,0.0014971745537612738,0.014971745537612737,0.07534039318492275,0.04906786547042104,0.10557691579211873
2pl,20,1000,-0.4,transposed_em_diagonal,all_returned,100,100,100,100,0.05767075610311972,0.002184556730982046,0.09060962624620926,0.0015499096299606131,0.012335138519688378,0.0004303690488381838,0.11106366876566062,0.0019374879905428087,0.02184556730982046,100,0.1095421962476962,0.0018412933556090495,0.018412933556090496,0.10703778501324004,0.07573373272298799,0.1567152643546575,100,0.9895789473684208,0.0008175903627487921,0.008175903627487921,0.9924812030075189,0.9691353383458646,0.9984962406015038,100,0.07946834258182954,0.0016721522050949192,0.016721522050949192,0.07760849834982506,0.05161428287323552,0.11684856455749455
2pl,20,1000,-0.4,transposed_em_diagonal,rule_converged,100,100,100,100,0.05767075610311972,0.002184556730982046,0.09060962624620926,0.0015499096299606131,0.012335138519688378,0.0004303690488381838,0.11106366876566062,0.0019374879905428087,0.02184556730982046,100,0.1095421962476962,0.0018412933556090495,0.018412933556090496,0.10703778501324004,0.07573373272298799,0.1567152643546575,100,0.9895789473684208,0.0008175903627487921,0.008175903627487921,0.9924812030075189,0.9691353383458646,0.9984962406015038,100,0.07946834258182954,0.0016721522050949192,0.016721522050949192,0.07760849834982506,0.05161428287323552,0.11684856455749455
2pl,20,1000,0.0,py_irt,all_returned,100,100,100,100,0.001256134298104004,0.005259994298358164,0.1714389389890456,0.0025751590808049236,0.04607541152048122,0.0013788603062616935,0.2146518379154514,0.0032118530166156995,0.05259994298358164,100,0.2122877774455353,0.0031929706058874963,0.03192970605887496,0.21061220416727544,0.15003752689061015,0.2622385167593213,100,0.9902105263157892,0.0007892280826043086,0.007892280826043086,0.9924812030075189,0.9729323308270676,0.9984962406015038,100,0.07543910641576973,0.0012792812821037006,0.012792812821037006,0.07674303536351645,0.05098816379518656,0.0978176210452095
2pl,20,1000,0.0,py_irt,rule_converged,100,0,0,0,,,,,,,,,,0,,,,,,,0,,,,,,,0,,,,,,
2pl,20,1000,0.0,torch_measure,all_returned,100,0,98,0,,,,,0.1370169575121989,0.014866944627185281,0.3701580169497871,0.020081889282978868,,98,0.33827205164898594,0.015260276775733998,0.1510690326726713,0.2930399856827538,0.18512369455469901,0.6875775649447388,0,,,,,,,98,0.14888987652797767,0.004764200140178849,0.047163175164705105,0.1401080873729444,0.07487381950539262,0.2530835005412795
2pl,20,1000,0.0,torch_measure,rule_converged,100,0,98,0,,,,,0.1370169575121989,0.014866944627185281,0.3701580169497871,0.020081889282978868,,98,0.33827205164898594,0.015260276775733998,0.1510690326726713,0.2930399856827538,0.18512369455469901,0.6875775649447388,0,,,,,,,98,0.14888987652797767,0.004764200140178849,0.047163175164705105,0.1401080873729444,0.07487381950539262,0.2530835005412795
2pl,20,1000,0.0,transposed_em_correlated,all_returned,100,100,100,100,0.0009077306882663639,0.00277693582259078,0.0713218295072042,0.0011859466244185715,0.00806610798136437,0.00027003043666707835,0.08981151363474713,0.0015033174797902883,0.0277693582259078,100,0.08852596887302569,0.0015217640496451596,0.015217640496451596,0.0899976174839274,0.06000936239458554,0.11156932734604758,100,0.9899097744360903,0.0008714245774619267,0.008714245774619267,0.9909774436090224,0.9691353383458646,0.9984962406015038,100,0.0733769809016262,0.0012885033184951442,0.012885033184951442,0.07196367186904376,0.04957284455672805,0.09593891574411365
2pl,20,1000,0.0,transposed_em_correlated,rule_converged,100,99,99,99,0.0008062430503190727,0.0028032548178151574,0.07116511198286768,0.0011874810475547256,0.007991127354351908,0.00026204521789933413,0.08939310574284746,0.0014656903109124886,0.02789203326734688,99,0.08816304356238515,0.001492857498868338,0.014853744567644064,0.0899840976581705,0.05999329799912248,0.11067150395103449,99,0.9898534214323689,0.0008784292179772906,0.008740260362747969,0.9909774436090224,0.9690977443609022,0.9984962406015038,99,0.07307122834349543,0.001264409265540706,0.012580713345742107,0.0713266109697378,0.049523632788035954,0.09510038005459179
2pl,20,1000,0.0,transposed_em_diagonal,all_returned,100,100,100,100,-0.0011877518067332316,0.0021406414506176244,0.06947800996564733,0.0011471121129665045,0.007626813652299924,0.00024661719964391086,0.0873316303082676,0.001411958065900001,0.021406414506176245,100,0.08615123517911266,0.0014382169425612155,0.014382169425612155,0.0871395762414824,0.0570081636730253,0.10832672763124365,100,0.9899849624060151,0.0008600598715664185,0.008600598715664185,0.9909774436090224,0.9706390977443609,0.9984962406015038,100,0.07314226856335311,0.0012483020580486026,0.012483020580486025,0.07119134904425556,0.049554761276856894,0.09379494760167942
2pl,20,1000,0.0,transposed_em_diagonal,rule_converged,100,100,100,100,-0.0011877518067332316,0.0021406414506176244,0.06947800996564733,0.0011471121129665045,0.007626813652299924,0.00024661719964391086,0.0873316303082676,0.001411958065900001,0.021406414506176245,100,0.08615123517911266,0.0014382169425612155,0.014382169425612155,0.0871395762414824,0.0570081636730253,0.10832672763124365,100,0.9899849624060151,0.0008600598715664185,0.008600598715664185,0.9909774436090224,0.9706390977443609,0.9984962406015038,100,0.07314226856335311,0.0012483020580486026,0.012483020580486025,0.07119134904425556,0.049554761276856894,0.09379494760167942
2pl,20,1000,0.4,py_irt,all_returned,100,100,100,100,-0.06780294961615746,0.00489376573382614,0.18383247404335187,0.003395181013834949,0.05131362804030783,0.0017550093671246593,0.22652511569428196,0.0038737633170293087,0.0489376573382614,100,0.22318590435229763,0.003894674087783116,0.03894674087783116,0.22101947765630953,0.14831788599278117,0.29742495659909307,100,0.9907969924812028,0.0006637084315716323,0.0066370843157163234,0.9924812030075189,0.9751503759398494,0.9984962406015038,100,0.07973560095512132,0.001772431900645408,0.01772431900645408,0.07747462904378741,0.05142195171452454,0.11126389321475237
2pl,20,1000,0.4,py_irt,rule_converged,100,0,0,0,,,,,,,,,,0,,,,,,,0,,,,,,,0,,,,,,
2pl,20,1000,0.4,torch_measure,all_returned,100,0,98,0,,,,,0.16882349248477538,0.0196984329641915,0.4108813605954587,0.023970949832871558,,98,0.3729213019661741,0.017513822236338693,0.17337799454935168,0.3316678643903108,0.16651822508965966,0.7571964635463917,0,,,,,,,98,0.16224501358078375,0.005551016190039926,0.054952256666349626,0.1540966901081785,0.09074585595743637,0.2836911649153653
2pl,20,1000,0.4,torch_measure,rule_converged,100,0,98,0,,,,,0.16882349248477538,0.0196984329641915,0.4108813605954587,0.023970949832871558,,98,0.3729213019661741,0.017513822236338693,0.17337799454935168,0.3316678643903108,0.16651822508965966,0.7571964635463917,0,,,,,,,98,0.16224501358078375,0.005551016190039926,0.054952256666349626,0.1540966901081785,0.09074585595743637,0.2836911649153653
2pl,20,1000,0.4,transposed_em_correlated,all_returned,100,100,100,100,-0.032182053594802286,0.002709295891237052,0.0756043240368027,0.0017267169459970148,0.009550757675893756,0.0006156144562119339,0.09772797795868773,0.003149632628601867,0.02709295891237052,100,0.09468204833956576,0.0024330788536875403,0.024330788536875404,0.092647785424227,0.06358400627345331,0.1514094219859978,100,0.9909924812030075,0.0006342189324761767,0.006342189324761767,0.9924812030075189,0.97593984962406,0.9984962406015038,100,0.07490882698842617,0.0014820085233807358,0.014820085233807357,0.07371869099591585,0.050769712654553815,0.09938531824511074
2pl,20,1000,0.4,transposed_em_correlated,rule_converged,100,98,98,98,-0.03148661744607592,0.0026339572421020044,0.07502169545862991,0.0016827827180376778,0.00942044039616281,0.0006131397000641236,0.09705895319939738,0.0031585942350135015,0.02607484638144042,98,0.09410218041145371,0.002413920193534337,0.02389659073327782,0.09237632821758165,0.06353156250043303,0.14853354767666316,98,0.9909620991253646,0.0006453885516421101,0.0063890206991282054,0.9924812030075189,0.97593984962406,0.9984962406015038,98,0.0748679167073936,0.0015070374223852484,0.014918909332187064,0.07371869099591585,0.05068352352725586,0.09941603187691202
2pl,20,1000,0.4,transposed_em_diagonal,all_returned,100,100,100,100,-0.05907430520060411,0.0021939971859412616,0.0897601557186703,0.0016614797145598124,0.012722341230711278,0.0007240725442930098,0.11279335632346117,0.003209730465935261,0.021939971859412617,100,0.11012549880051063,0.002450965063794163,0.024509650637941627,0.1082272194140136,0.08059420371125547,0.15534133325763427,100,0.9911578947368423,0.0006236084198480262,0.006236084198480262,0.9924812030075189,0.9766541353383458,0.9984962406015038,100,0.07929296888753078,0.0016802189465395603,0.016802189465395603,0.07662875967623026,0.05235407368333567,0.10827841282891243
2pl,20,1000,0.4,transposed_em_diagonal,rule_converged,100,100,100,100,-0.05907430520060411,0.0021939971859412616,0.0897601557186703,0.0016614797145598124,0.012722341230711278,0.0007240725442930098,0.11279335632346117,0.003209730465935261,0.021939971859412617,100,0.11012549880051063,0.002450965063794163,0.024509650637941627,0.1082272194140136,0.08059420371125547,0.15534133325763427,100,0.9911578947368423,0.0006236084198480262,0.006236084198480262,0.9924812030075189,0.9766541353383458,0.9984962406015038,100,0.07929296888753078,0.0016802189465395603,0.016802189465395603,0.07662875967623026,0.05235407368333567,0.10827841282891243
2pl,20,10000,-0.4,py_irt,all_returned,100,100,100,100,0.06774627282897532,0.004618058400285001,0.17601580686588114,0.0030017433485475197,0.045630277206169786,0.0014514881833948559,0.21361244628103904,0.0033974803637733886,0.04618058400285001,100,0.2109452048946724,0.0033820646048021144,0.033820646048021145,0.21171917147585695,0.15808514976371657,0.2714871044336197,100,0.9969172932330825,0.0002748594567721581,0.002748594567721581,0.9969924812030074,0.9909774436090224,1.0,100,0.03907445595889263,0.0013282600191304335,0.013282600191304336,0.0370814325952705,0.023817462265366393,0.06624986864161522
2pl,20,10000,-0.4,py_irt,rule_converged,100,0,0,0,,,,,,,,,,0,,,,,,,0,,,,,,,0,,,,,,
2pl,20,10000,-0.4,torch_measure,all_returned,100,0,100,0,,,,,0.10823729512534165,0.010446919438089666,0.3289943694432196,0.015877048983801344,,100,0.29950771121938824,0.013681967061847017,0.13681967061847017,0.255100454177688,0.13255285730224212,0.6364646076225746,0,,,,,,,100,0.12286446763751192,0.005252643569971887,0.05252643569971887,0.1176372398286282,0.04504186449200479,0.22455349041530856
2pl,20,10000,-0.4,torch_measure,rule_converged,100,0,100,0,,,,,0.10823729512534165,0.010446919438089666,0.3289943694432196,0.015877048983801344,,100,0.29950771121938824,0.013681967061847017,0.13681967061847017,0.255100454177688,0.13255285730224212,0.6364646076225746,0,,,,,,,100,0.12286446763751192,0.005252643569971887,0.05252643569971887,0.1176372398286282,0.04504186449200479,0.22455349041530856
2pl,20,10000,-0.4,transposed_em_correlated,all_returned,100,100,100,100,0.03125566372451161,0.0016456964215189568,0.04415705484901312,0.0012294907169940078,0.0027588579505941108,0.00013599492351832313,0.05252483175217328,0.0012945774311090123,0.01645696421518957,100,0.050958343266998725,0.001279619585503599,0.01279619585503599,0.050831223900462796,0.030185588981106775,0.0770576662667582,100,0.9973533834586464,0.00026274637180663193,0.002627463718066319,0.9984962406015038,0.9916917293233082,1.0,100,0.028317470836265072,0.0006922661744142396,0.006922661744142396,0.02689043217788195,0.01790058357117502,0.043637634021226876
2pl,20,10000,-0.4,transposed_em_correlated,rule_converged,100,99,99,99,0.03156085634569055,0.0016335682040627263,0.044061005727394416,0.0012381775570022235,0.002735015263487601,0.0001352478657807985,0.05229737338994762,0.001293065569205004,0.01625379840699236,99,0.05075035510078418,0.001275421981517438,0.012690288486194823,0.050678237590054,0.03018257191356475,0.07711974752184932,99,0.9973418394471025,0.00026515761907609336,0.0026382849983381555,0.9984962406015038,0.9916541353383458,1.0,99,0.02828320998178691,0.0006984375054863187,0.00694936543562973,0.0267245755888798,0.017881078396637697,0.04366386128244152
2pl,20,10000,-0.4,transposed_em_diagonal,all_returned,100,100,100,100,0.059193893576695536,0.0010944999022382096,0.06871441843776732,0.000919821068632853,0.005803193463475043,0.0001402598535242575,0.07617869428833132,0.0009205976476400556,0.010944999022382097,100,0.07563364202942627,0.0009142290279530632,0.009142290279530632,0.0743883873591093,0.06078984819164788,0.09339001647843763,100,0.9972631578947367,0.0002740313456116051,0.0027403134561160506,0.9984962406015038,0.9909774436090224,1.0,100,0.036402169732129036,0.0008956267834121853,0.008956267834121854,0.03625734780678285,0.022124440325009778,0.05467284466901238
2pl,20,10000,-0.4,transposed_em_diagonal,rule_converged,100,100,100,100,0.059193893576695536,0.0010944999022382096,0.06871441843776732,0.000919821068632853,0.005803193463475043,0.0001402598535242575,0.07617869428833132,0.0009205976476400556,0.010944999022382097,100,0.07563364202942627,0.0009142290279530632,0.009142290279530632,0.0743883873591093,0.06078984819164788,0.09339001647843763,100,0.9972631578947367,0.0002740313456116051,0.0027403134561160506,0.9984962406015038,0.9909774436090224,1.0,100,0.036402169732129036,0.0008956267834121853,0.008956267834121854,0.03625734780678285,0.022124440325009778,0.05467284466901238
2pl,20,10000,0.0,py_irt,all_returned,100,100,100,100,0.0013064471242286877,0.005562065039930627,0.1649197016548774,0.0028275761220026173,0.04334492488000802,0.0013643306026288001,0.2081944400794796,0.0032765779002262452,0.05562065039930627,100,0.20560462243145763,0.0032901200660074544,0.03290120066007454,0.2054566577495029,0.13535958133791912,0.2558613451054563,100,0.9972781954887219,0.00022588771977977352,0.002258877197797735,0.9977443609022556,0.9916917293233082,1.0,100,0.027876180436875092,0.0006506516228560859,0.006506516228560858,0.02725998095533975,0.01958355255158458,0.04191022725278461
2pl,20,10000,0.0,py_irt,rule_converged,100,0,0,0,,,,,,,,,,0,,,,,,,0,,,,,,,0,,,,,,
2pl,20,10000,0.0,torch_measure,all_returned,100,0,100,0,,,,,0.12663333851289527,0.010348075339848339,0.3558557833067987,0.014539703758203102,,100,0.3322349372450381,0.012813063483221292,0.12813063483221293,0.31097469471116623,0.14019816723260514,0.6660973999997809,0,,,,,,,100,0.1325172770943915,0.005007917348710217,0.05007917348710217,0.1299705434229066,0.050234348622706024,0.23686276242247964
2pl,20,10000,0.0,torch_measure,rule_converged,100,0,100,0,,,,,0.12663333851289527,0.010348075339848339,0.3558557833067987,0.014539703758203102,,100,0.3322349372450381,0.012813063483221292,0.12813063483221293,0.31097469471116623,0.14019816723260514,0.6660973999997809,0,,,,,,,100,0.1325172770943915,0.005007917348710217,0.05007917348710217,0.1299705434229066,0.050234348622706024,0.23686276242247964
2pl,20,10000,0.0,transposed_em_correlated,all_returned,100,100,100,100,-0.0004624644715029218,0.0020800766884659775,0.03301733665492002,0.0011454796742592689,0.0018056013201694185,0.0001490709475301153,0.042492367787279384,0.0017540908555199592,0.020800766884659774,100,0.04058543376224558,0.0012650064338870818,0.012650064338870818,0.03898118332174705,0.023895142909489978,0.06192335354932533,100,0.9974586466165412,0.00022588771977977295,0.0022588771977977294,0.9984962406015038,0.9916917293233082,1.0,100,0.024590231215437745,0.0005221038738880987,0.005221038738880987,0.024374323777969997,0.016971774935353783,0.03515983915704857
2pl,20,10000,0.0,transposed_em_correlated,rule_converged,100,98,98,98,-0.0005285411106620622,0.002121599070670373,0.03279261666337502,0.001157397784570056,0.001784428820879098,0.00015135292928655284,0.04224250017315616,0.0017914769327826516,0.02100275925762137,98,0.04032589257509317,0.0012772845265904803,0.012644471703594886,0.03891233660554415,0.023869182371187233,0.0619544115502778,98,0.9974221267454348,0.00022876563736794528,0.002264664268794715,0.9984962406015038,0.9916165413533834,1.0,98,0.024493829513061015,0.0005255256187242762,0.005202438201620686,0.02424649531039605,0.016971418183941753,0.03518931978131431
2pl,20,10000,0.0,transposed_em_diagonal,all_returned,100,100,100,100,-0.00021463964413989483,0.0009445407221290341,0.027949843690123547,0.0005011921532749486,0.0013135773789978839,5.4198384040078186e-05,0.03624330805814894,0.0007477019475308661,0.009445407221290341,100,0.03555588075838817,0.0007060826810340431,0.007060826810340431,0.0351897738921021,0.0237493184943898,0.054174684866127996,100,0.9974586466165412,0.00022588771977977295,0.0022588771977977294,0.9984962406015038,0.9916917293233082,1.0,100,0.02369875517073156,0.0004346483032494539,0.004346483032494539,0.0236067066526587,0.017389147649404635,0.03143289312955439
2pl,20,10000,0.0,transposed_em_diagonal,rule_converged,100,99,99,99,-0.00016356950290028277,0.0009527345265044596,0.028004265935266663,0.000503286944706701,0.0013179078353063936,5.457359738319202e-05,0.036303000362317074,0.0007516403167579508,0.009479588847696613,99,0.03561456002364612,0.0007107839135204142,0.007072210644502903,0.0354508817353804,0.023733940861569745,0.054230139342443626,99,0.9974481658692181,0.00022793531100493865,0.0022679277092290426,0.9984962406015038,0.9916541353383458,1.0,99,0.023753101213432642,0.00043561551006892924,0.004334319599273769,0.0236186077042642,0.01738907678544657,0.03143717849008209
2pl,20,10000,0.4,py_irt,all_returned,100,100,100,100,-0.06558600488261578,0.005474857279534102,0.17816540560606298,0.0030759910353822047,0.0467717844377492,0.0014439278804059962,0.21626785345434305,0.003338285966552186,0.05474857279534102,100,0.21368505554211759,0.0033491767052732284,0.03349176705273228,0.211911566816271,0.1526346764012856,0.2761138349039693,100,0.9973082706766917,0.0002314810827094729,0.002314810827094729,0.9984962406015038,0.9909774436090224,1.0,100,0.04006224619011567,0.0016749670462680357,0.016749670462680357,0.0374031432643076,0.024780227201933694,0.06787325603734025
2pl,20,10000,0.4,py_irt,rule_converged,100,0,0,0,,,,,,,,,,0,,,,,,,0,,,,,,,0,,,,,,
2pl,20,10000,0.4,torch_measure,all_returned,100,0,98,0,,,,,0.11836965478096416,0.014372519412600437,0.3440489133553021,0.020887319876168046,,98,0.3097672917073007,0.015201017250716467,0.15048239330481425,0.28106776444788645,0.14197973749712633,0.698833004612703,0,,,,,,,98,0.1225012962886849,0.005470463623948518,0.05415482694619665,0.11185332678258925,0.049981769236422724,0.24820277194044532
2pl,20,10000,0.4,torch_measure,rule_converged,100,0,98,0,,,,,0.11836965478096416,0.014372519412600437,0.3440489133553021,0.020887319876168046,,98,0.3097672917073007,0.015201017250716467,0.15048239330481425,0.28106776444788645,0.14197973749712633,0.698833004612703,0,,,,,,,98,0.1225012962886849,0.005470463623948518,0.05415482694619665,0.11185332678258925,0.049981769236422724,0.24820277194044532
2pl,20,10000,0.4,transposed_em_correlated,all_returned,100,100,100,100,-0.03174451299114979,0.001925067130228849,0.04467360667590069,0.0014181624048412332,0.0028498663638362996,0.00017489494017369688,0.053384139628135804,0.0016380795999709201,0.01925067130228849,100,0.051439218804518266,0.0014350346936192345,0.014350346936192344,0.04980496665736855,0.03237542795582678,0.09064654854608582,100,0.9977293233082705,0.00022870150152508222,0.002287015015250822,0.9984962406015038,0.9924812030075189,1.0,100,0.028314614392834316,0.0006432969265750188,0.006432969265750188,0.02767031406682565,0.017761395143792914,0.04151074484179243
2pl,20,10000,0.4,transposed_em_correlated,rule_converged,100,99,99,99,-0.03158661819419735,0.001938059383102466,0.04438734552503893,0.0014030721249343279,0.002797584763611355,0.00016859223351117265,0.05289219945900676,0.0015937343808309326,0.019283447385535595,99,0.05105389251739148,0.001396368549802481,0.01389369164624258,0.0497025251281531,0.032372972911181956,0.08837374077116025,99,0.9977063871800714,0.00022985867624245057,0.002287064951711962,0.9984962406015038,0.9924812030075189,1.0,99,0.02828002552089918,0.0006488880171926778,0.006456354251957387,0.0275972898144779,0.017759494019298775,0.04156966918017729
2pl,20,10000,0.4,transposed_em_diagonal,all_returned,100,100,100,100,-0.05894327158563253,0.0011919978742276401,0.06812486561646508,0.0009643697044398467,0.005756163124634202,0.00014676986322148796,0.0758693819971812,0.0009672535834478061,0.011919978742276401,100,0.0752762273874583,0.0009516212372847015,0.009516212372847015,0.07524950038254591,0.05843605258952927,0.0961602975512735,100,0.9976691729323306,0.0002255639097744391,0.002255639097744391,0.9984962406015038,0.9924812030075189,1.0,100,0.03651663778535162,0.000826962061854555,0.00826962061854555,0.03622277987855675,0.02207947088940435,0.05433730286018221
2pl,20,10000,0.4,transposed_em_diagonal,rule_converged,100,99,99,99,-0.058682220040449096,0.0011748690864632958,0.06780530415434195,0.0009191219183453138,0.005701912231832159,0.00013775989678968805,0.07551100735543236,0.00091218420740468,0.011689799812759106,99,0.07497109227825148,0.0009105254954911434,0.00905961429178968,0.0752186410585518,0.058383047059651284,0.09478890670445612,99,0.9976911976911977,0.00022676515630013413,0.0022562848169215255,0.9984962406015038,0.9924812030075189,1.0,99,0.03640435670260836,0.0008276221225655689,0.008234736146242563,0.0361034001984052,0.022073281769384546,0.054350331015179776
2pl,100,1000,-0.4,py_irt,all_returned,100,100,100,100,0.07781994116010175,0.0024325147069819662,0.14338765581983062,0.0013910061325553551,0.030997417556293632,0.0005111515440594351,0.17606083481653048,0.0014516333078622968,0.024325147069819662,100,0.17546254379875187,0.0014575241216872852,0.014575241216872852,0.17569580744677354,0.14665196653787863,0.20491956094414857,100,0.9955929192919293,0.00012565119033219638,0.0012565119033219638,0.9957635763576356,0.9925610561056106,0.9973660366036603,100,0.08633835064554422,0.000912181599452256,0.00912181599452256,0.0854823598707932,0.07162371662302891,0.10609481343264002
2pl,100,1000,-0.4,py_irt,rule_converged,100,0,0,0,,,,,,,,,,0,,,,,,,0,,,,,,,0,,,,,,
2pl,100,1000,-0.4,torch_measure,all_returned,100,0,100,0,,,,,0.007663881648622518,0.00015354057621582424,0.08754359855878965,0.0008769377701141364,,100,0.08711171080914885,0.0008728884393395944,0.008728884393395944,0.0874454132747888,0.07200139939930308,0.10187269591746956,0,,,,,,,100,0.07933118725086691,0.0006725850720386338,0.006725850720386338,0.07884117706696855,0.06699666317792614,0.09253831543739964
2pl,100,1000,-0.4,torch_measure,rule_converged,100,0,100,0,,,,,0.007663881648622518,0.00015354057621582424,0.08754359855878965,0.0008769377701141364,,100,0.08711171080914885,0.0008728884393395944,0.008728884393395944,0.0874454132747888,0.07200139939930308,0.10187269591746956,0,,,,,,,100,0.07933118725086691,0.0006725850720386338,0.006725850720386338,0.07884117706696855,0.06699666317792614,0.09253831543739964
2pl,100,1000,-0.4,transposed_em_correlated,all_returned,100,100,100,100,0.012804118060095362,0.0011591928501646094,0.06377002847848966,0.0004858569986153456,0.006562441922388335,0.00010569287370486851,0.08100890026650365,0.0006523534658362189,0.011591928501646094,100,0.08074619217527058,0.0006551611073560339,0.006551611073560339,0.0810498089771769,0.06905682590026958,0.09342774556678402,100,0.995950915091509,0.00011139645220727083,0.0011139645220727083,0.996147614761476,0.9934164416441642,0.9977536753675367,100,0.07650692842377234,0.0006341884979357267,0.006341884979357267,0.07569906445482355,0.06522959645879021,0.08766475910837968
2pl,100,1000,-0.4,transposed_em_correlated,rule_converged,100,99,99,99,0.013030360672062804,0.0011484427541653076,0.06379214684927988,0.0004902808449403326,0.006567200431246266,0.00010665766400623829,0.08103826522850958,0.0006580697631266402,0.011426861126306073,99,0.08077345575025986,0.000661239385216904,0.006579248812109244,0.0810871296993198,0.0689791331887582,0.09345911485813295,99,0.9959509890382977,0.00011252738485853676,0.0011196333426470577,0.996147614761476,0.9934155415541552,0.9977575757575757,99,0.07652415926543768,0.0006403906245804094,0.006371806262983692,0.0757146402843812,0.06517857445656118,0.08767111862657097
2pl,100,1000,-0.4,transposed_em_diagonal,all_returned,100,100,100,100,0.040650388786537504,0.0011115523463357093,0.07376961628634243,0.0006123483659292462,0.008482911232787356,0.000136578119471922,0.09210272109328452,0.0007414445406753586,0.011115523463357093,100,0.09180548436419322,0.0007430776394256884,0.007430776394256883,0.09189347111846041,0.07764206877625222,0.10645152458009606,100,0.995939513951395,0.00011251301306528887,0.0011251301306528887,0.996141614161416,0.9933855385538551,0.9977023702370236,100,0.07928536606579774,0.0007130667082445759,0.007130667082445759,0.07844363832152279,0.06668824660113339,0.09324576781253975
2pl,100,1000,-0.4,transposed_em_diagonal,rule_converged,100,100,100,100,0.040650388786537504,0.0011115523463357093,0.07376961628634243,0.0006123483659292462,0.008482911232787356,0.000136578119471922,0.09210272109328452,0.0007414445406753586,0.011115523463357093,100,0.09180548436419322,0.0007430776394256884,0.007430776394256883,0.09189347111846041,0.07764206877625222,0.10645152458009606,100,0.995939513951395,0.00011251301306528887,0.0011251301306528887,0.996141614161416,0.9933855385538551,0.9977023702370236,100,0.07928536606579774,0.0007130667082445759,0.007130667082445759,0.07844363832152279,0.06668824660113339,0.09324576781253975
2pl,100,1000,0.0,py_irt,all_returned,100,100,100,100,-0.00237045684249152,0.0023584045969911867,0.12102164440566592,0.001238575250203829,0.024213275664653415,0.0004623471817886285,0.15560615561298793,0.0014856326858255662,0.023584045969911867,100,0.15492104233605086,0.0014659306216614856,0.014659306216614855,0.15412098500072596,0.1287356302752079,0.1797561348864501,100,0.9957731773177317,0.00012473377723702352,0.0012473377723702353,0.996003600360036,0.9929117911791179,0.9972976297629762,100,0.08073563945055867,0.000878635989603968,0.00878635989603968,0.07931470083805381,0.06888683071838288,0.09560717617560723
2pl,100,1000,0.0,py_irt,rule_converged,100,0,0,0,,,,,,,,,,0,,,,,,,0,,,,,,,0,,,,,,
2pl,100,1000,0.0,torch_measure,all_returned,100,0,100,0,,,,,0.007077830573248113,0.0001403589360112784,0.0841298435351458,0.0008341804175152337,,100,0.08373883687689482,0.0008142529063405223,0.008142529063405223,0.08243750357610055,0.07029058093692504,0.10008027515318457,0,,,,,,,100,0.07737641842444695,0.0006481543687716342,0.0064815436877163415,0.07686892604270155,0.06500987738201462,0.09082683916938733
2pl,100,1000,0.0,torch_measure,rule_converged,100,0,100,0,,,,,0.007077830573248113,0.0001403589360112784,0.0841298435351458,0.0008341804175152337,,100,0.08373883687689482,0.0008142529063405223,0.008142529063405223,0.08243750357610055,0.07029058093692504,0.10008027515318457,0,,,,,,,100,0.07737641842444695,0.0006481543687716342,0.0064815436877163415,0.07686892604270155,0.06500987738201462,0.09082683916938733
2pl,100,1000,0.0,transposed_em_correlated,all_returned,100,100,100,100,-0.0007461252814816789,0.001101733087934601,0.061491648393087524,0.000504514485966403,0.006164125496571484,0.00010329205463375948,0.07851194492923662,0.000657811080383102,0.01101733087934601,100,0.07825164299811004,0.000642012812325496,0.00642012812325496,0.0770109580933889,0.06792639506159591,0.09166940155186354,100,0.9961076507650763,0.00012670061079449098,0.0012670061079449097,0.9963036303630362,0.9927686768676867,0.9975160516051604,100,0.07491503942484545,0.0005897223972659232,0.005897223972659232,0.07450887156815665,0.06417305734305147,0.08724725143189171
2pl,100,1000,0.0,transposed_em_correlated,rule_converged,100,100,100,100,-0.0007461252814816789,0.001101733087934601,0.061491648393087524,0.000504514485966403,0.006164125496571484,0.00010329205463375948,0.07851194492923662,0.000657811080383102,0.01101733087934601,100,0.07825164299811004,0.000642012812325496,0.00642012812325496,0.0770109580933889,0.06792639506159591,0.09166940155186354,100,0.9961076507650763,0.00012670061079449098,0.0012670061079449097,0.9963036303630362,0.9927686768676867,0.9975160516051604,100,0.07491503942484545,0.0005897223972659232,0.005897223972659232,0.07450887156815665,0.06417305734305147,0.08724725143189171
2pl,100,1000,0.0,transposed_em_diagonal,all_returned,100,100,100,100,-0.000890034594050561,0.0010541912989747262,0.06136741435184066,0.0005023951949157875,0.006144362154884798,0.0001024158069823558,0.07838598187740457,0.0006532788422714013,0.010541912989747262,100,0.07812866681143571,0.0006378117352485757,0.006378117352485758,0.07726420921258259,0.06778426111242943,0.09067247205192776,100,0.9961063306330632,0.00012715499170971948,0.001271549917097195,0.9963036303630362,0.9928028802880288,0.9975160516051604,100,0.07487376312155396,0.0005900660351957362,0.005900660351957362,0.0745163624068495,0.06419790791244272,0.087103322370115
2pl,100,1000,0.0,transposed_em_diagonal,rule_converged,100,99,99,99,-0.0007925799067687485,0.001060333928322518,0.06140877281428352,0.0005057732103068701,0.006151325528470176,0.0001032161836116047,0.07843038651230896,0.0006580114430228253,0.010550189378188165,99,0.07817180595373181,0.000642811763495759,0.006395896291026319,0.0772996919629874,0.06776299972637581,0.09068260114513767,99,0.9960901544699924,0.00012740231818367958,0.0012676370605102147,0.9963036303630362,0.9927824782478247,0.9973837383738372,99,0.07491198694860146,0.000594804774126719,0.005918232777871261,0.0745197614374874,0.06417094508275173,0.08713974593902782
2pl,100,1000,0.4,py_irt,all_returned,100,100,100,100,-0.07620690301930737,0.002303017567551238,0.14190369141018735,0.001351382556966517,0.030697875615495848,0.0005356227927971267,0.17520809232308834,0.0015285332592099232,0.02303017567551238,100,0.17456307971000645,0.0015095882696873322,0.015095882696873323,0.17376415729979922,0.1474484195785389,0.20661418500171733,100,0.9957454545454543,9.766347660627124e-05,0.0009766347660627125,0.995973597359736,0.9935547554755474,0.9972373237323731,100,0.08755675110474465,0.0012180766816227004,0.012180766816227004,0.0857451092270139,0.06987513865740017,0.10576155023497036
2pl,100,1000,0.4,py_irt,rule_converged,100,0,0,0,,,,,,,,,,0,,,,,,,0,,,,,,,0,,,,,,
2pl,100,1000,0.4,torch_measure,all_returned,100,0,99,0,,,,,0.007599946664261081,0.00017966933206122837,0.08717767296883464,0.001030477907602895,,99,0.08667191447451766,0.0009472080648905037,0.009424601248921232,0.0850376588471899,0.07288880901019786,0.1070725898285296,0,,,,,,,99,0.07936855946848774,0.000744277129542798,0.007405463936208604,0.0790801260472534,0.0671649530349565,0.09340809870945176
2pl,100,1000,0.4,torch_measure,rule_converged,100,0,99,0,,,,,0.007599946664261081,0.00017966933206122837,0.08717767296883464,0.001030477907602895,,99,0.08667191447451766,0.0009472080648905037,0.009424601248921232,0.0850376588471899,0.07288880901019786,0.1070725898285296,0,,,,,,,99,0.07936855946848774,0.000744277129542798,0.007405463936208604,0.0790801260472534,0.0671649530349565,0.09340809870945176
2pl,100,1000,0.4,transposed_em_correlated,all_returned,100,100,100,100,-0.01155430816912947,0.0009281400277647931,0.06332106417266294,0.00048032743652708185,0.006532539495773093,0.00011252685455104814,0.08082412694098894,0.0006961216830291647,0.009281400277647931,100,0.08053753532327336,0.0006834619230494711,0.006834619230494711,0.08006198472742596,0.06699480039819014,0.09339789173013358,100,0.9959881188118811,9.725637288026496e-05,0.0009725637288026496,0.9962016201620161,0.9937392739273926,0.9973066306630662,100,0.07686004345436764,0.0006194796628341849,0.006194796628341849,0.07728819206591145,0.06513801190408675,0.0894665313199866
2pl,100,1000,0.4,transposed_em_correlated,rule_converged,100,100,100,100,-0.01155430816912947,0.0009281400277647931,0.06332106417266294,0.00048032743652708185,0.006532539495773093,0.00011252685455104814,0.08082412694098894,0.0006961216830291647,0.009281400277647931,100,0.08053753532327336,0.0006834619230494711,0.006834619230494711,0.08006198472742596,0.06699480039819014,0.09339789173013358,100,0.9959881188118811,9.725637288026496e-05,0.0009725637288026496,0.9962016201620161,0.9937392739273926,0.9973066306630662,100,0.07686004345436764,0.0006194796628341849,0.006194796628341849,0.07728819206591145,0.06513801190408675,0.0894665313199866
2pl,100,1000,0.4,transposed_em_diagonal,all_returned,100,100,100,100,-0.03925961973636022,0.0008912399556215029,0.07304191766853088,0.0005378144288926659,0.008394613227829728,0.00012667156910508003,0.09162212193476926,0.000691271749825137,0.008912399556215029,100,0.09136236440786466,0.0006929048620272189,0.006929048620272189,0.09150359852989395,0.07731891399913675,0.10422835233638177,100,0.9959901590159014,9.623319329146298e-05,0.0009623319329146299,0.996189618961896,0.9937998799879987,0.9973033303330332,100,0.0799098041689661,0.0006982399148499476,0.006982399148499476,0.08014677768820105,0.06504610635696792,0.09261789064706262
2pl,100,1000,0.4,transposed_em_diagonal,rule_converged,100,100,100,100,-0.03925961973636022,0.0008912399556215029,0.07304191766853088,0.0005378144288926659,0.008394613227829728,0.00012667156910508003,0.09162212193476926,0.000691271749825137,0.008912399556215029,100,0.09136236440786466,0.0006929048620272189,0.006929048620272189,0.09150359852989395,0.07731891399913675,0.10422835233638177,100,0.9959901590159014,9.623319329146298e-05,0.0009623319329146299,0.996189618961896,0.9937998799879987,0.9973033303330332,100,0.0799098041689661,0.0006982399148499476,0.006982399148499476,0.08014677768820105,0.06504610635696792,0.09261789064706262
2pl,100,10000,-0.4,py_irt,all_returned,100,100,100,100,0.07275344649261611,0.0022584487296453473,0.13723116823768314,0.0011830316238930069,0.02682691077719995,0.0003721464449436723,0.16378922668234303,0.0011360528786958086,0.022584487296453473,100,0.16339747278780045,0.0011378549008344964,0.011378549008344964,0.1626599011132805,0.14435256983004405,0.18493210411609987,100,0.9991306330633063,2.5220305077757774e-05,0.0002522030507775777,0.999153915391539,0.9985775577557754,0.9995028502850284,100,0.04356957467296543,0.0009404846248444291,0.009404846248444291,0.0413717143697946,0.03398088669592899,0.06154175699907388
2pl,100,10000,-0.4,py_irt,rule_converged,100,0,0,0,,,,,,,,,,0,,,,,,,0,,,,,,,0,,,,,,
2pl,100,10000,-0.4,torch_measure,all_returned,100,0,100,0,,,,,0.0017428328207728147,5.248141410116344e-05,0.041747249259955016,0.0006285613427410282,,100,0.0413175299512168,0.0006004589112269866,0.0060045891122698656,0.04087545881203195,0.03209333062268402,0.05582447999731674,0,,,,,,,100,0.028840212117599053,0.00041462624666380556,0.004146262466638056,0.02790991889222425,0.02245722753226648,0.03768336820282722
2pl,100,10000,-0.4,torch_measure,rule_converged,100,0,100,0,,,,,0.0017428328207728147,5.248141410116344e-05,0.041747249259955016,0.0006285613427410282,,100,0.0413175299512168,0.0006004589112269866,0.0060045891122698656,0.04087545881203195,0.03209333062268402,0.05582447999731674,0,,,,,,,100,0.028840212117599053,0.00041462624666380556,0.004146262466638056,0.02790991889222425,0.02245722753226648,0.03768336820282722
2pl,100,10000,-0.4,transposed_em_correlated,all_returned,100,100,100,100,0.012085111531420079,0.000350584769656152,0.024065233892627585,0.00019808968274183915,0.0009056719853029189,1.4167301643508332e-05,0.03009438461412559,0.0002353811487618613,0.0035058476965615197,100,0.03000081898723954,0.0002383199911036874,0.002383199911036874,0.0301909593249716,0.025619657497439514,0.03450949819723989,100,0.9993003300330031,1.9364505776704067e-05,0.00019364505776704068,0.9993279327932792,0.9989135913591358,0.9996102610261026,100,0.02533068196410523,0.00022821705182181443,0.002282170518218144,0.025145039702792048,0.02135725112461561,0.02978727516086495
2pl,100,10000,-0.4,transposed_em_correlated,rule_converged,100,100,100,100,0.012085111531420079,0.000350584769656152,0.024065233892627585,0.00019808968274183915,0.0009056719853029189,1.4167301643508332e-05,0.03009438461412559,0.0002353811487618613,0.0035058476965615197,100,0.03000081898723954,0.0002383199911036874,0.002383199911036874,0.0301909593249716,0.025619657497439514,0.03450949819723989,100,0.9993003300330031,1.9364505776704067e-05,0.00019364505776704068,0.9993279327932792,0.9989135913591358,0.9996102610261026,100,0.02533068196410523,0.00022821705182181443,0.002282170518218144,0.025145039702792048,0.02135725112461561,0.02978727516086495
2pl,100,10000,-0.4,transposed_em_diagonal,all_returned,100,100,100,100,0.03999601774989594,0.0003737004432888278,0.04642385531484883,0.00031492464934831336,0.0028042958647445386,3.244102805200228e-05,0.052955602770099204,0.000306304020302076,0.003737004432888278,100,0.05286762837115612,0.0003066557170948458,0.0030665571709484582,0.052747217857422646,0.04700436135745371,0.059106868677537026,100,0.9992914491449144,1.9836146979043768e-05,0.00019836146979043768,0.9992979297929792,0.9988832883288328,0.9996159615961596,100,0.032660721932549854,0.00037656124036153675,0.0037656124036153675,0.031980277606975846,0.027481049380389,0.04069948101332421
2pl,100,10000,-0.4,transposed_em_diagonal,rule_converged,100,100,100,100,0.03999601774989594,0.0003737004432888278,0.04642385531484883,0.00031492464934831336,0.0028042958647445386,3.244102805200228e-05,0.052955602770099204,0.000306304020302076,0.003737004432888278,100,0.05286762837115612,0.0003066557170948458,0.0030665571709484582,0.052747217857422646,0.04700436135745371,0.059106868677537026,100,0.9992914491449144,1.9836146979043768e-05,0.00019836146979043768,0.9992979297929792,0.9988832883288328,0.9996159615961596,100,0.032660721932549854,0.00037656124036153675,0.0037656124036153675,0.031980277606975846,0.027481049380389,0.04069948101332421
2pl,100,10000,0.0,py_irt,all_returned,100,100,100,100,-0.0013278383673018474,0.0022796309752090545,0.11123803884912409,0.0011231137921224117,0.02040646683727906,0.00037256268595689535,0.14285120523565442,0.0013040236004389935,0.022796309752090547,100,0.14226234724126907,0.0013022567617686461,0.013022567617686462,0.1426549587971026,0.11764979831393779,0.1705391581043188,100,0.9991309930993101,2.6478074492995668e-05,0.0002647807449299567,0.9991659165916591,0.9985592559255924,0.9995268526852684,100,0.03278732212980431,0.001130651003594789,0.011306510035947891,0.0292048655962246,0.02470453891392897,0.07045167426644537
2pl,100,10000,0.0,py_irt,rule_converged,100,0,0,0,,,,,,,,,,0,,,,,,,0,,,,,,,0,,,,,,
2pl,100,10000,0.0,torch_measure,all_returned,100,0,99,0,,,,,0.0015041255739992945,5.9178009192330384e-05,0.038783057821673815,0.0007629363505120385,,99,0.0382063192062852,0.000673119047501671,0.0066974499594133685,0.0368906507191423,0.02908877932312967,0.057261604706307555,0,,,,,,,99,0.028035202176057827,0.0004306305323545955,0.004284719697273584,0.0276556098465237,0.022557400394205496,0.03956036950336511
2pl,100,10000,0.0,torch_measure,rule_converged,100,0,99,0,,,,,0.0015041255739992945,5.9178009192330384e-05,0.038783057821673815,0.0007629363505120385,,99,0.0382063192062852,0.000673119047501671,0.0066974499594133685,0.0368906507191423,0.02908877932312967,0.057261604706307555,0,,,,,,,99,0.028035202176057827,0.0004306305323545955,0.004284719697273584,0.0276556098465237,0.022557400394205496,0.03956036950336511
2pl,100,10000,0.0,transposed_em_correlated,all_returned,100,100,100,100,-5.3139013540810814e-05,0.0003680513617713838,0.02072088844162973,0.00017081193975023644,0.0006952569546143817,1.034387128052005e-05,0.026367725624603683,0.00019614644485810713,0.003680513617713838,100,0.026294729903604007,0.00019705236731280972,0.001970523673128097,0.0262648196853629,0.022432446372559395,0.029875513634583874,100,0.9992789678967894,2.1607331831368124e-05,0.00021607331831368124,0.9993219321932192,0.9987689768976896,0.9995679567956794,100,0.02398378403437783,0.00018155877453887687,0.0018155877453887687,0.0240338360095305,0.020450690287234265,0.027220644147422368
2pl,100,10000,0.0,transposed_em_correlated,rule_converged,100,100,100,100,-5.3139013540810814e-05,0.0003680513617713838,0.02072088844162973,0.00017081193975023644,0.0006952569546143817,1.034387128052005e-05,0.026367725624603683,0.00019614644485810713,0.003680513617713838,100,0.026294729903604007,0.00019705236731280972,0.001970523673128097,0.0262648196853629,0.022432446372559395,0.029875513634583874,100,0.9992789678967894,2.1607331831368124e-05,0.00021607331831368124,0.9993219321932192,0.9987689768976896,0.9995679567956794,100,0.02398378403437783,0.00018155877453887687,0.0018155877453887687,0.0240338360095305,0.020450690287234265,0.027220644147422368
2pl,100,10000,0.0,transposed_em_diagonal,all_returned,100,100,100,100,-0.00015789444211239566,0.0003481660307210436,0.02069149381080271,0.00016796080583398175,0.0006932105210896781,1.0226574764376565e-05,0.026328891376008943,0.0001942082296274557,0.003481660307210436,100,0.026257282254221602,0.00019503042269331916,0.0019503042269331916,0.026307347177535398,0.022453783043351928,0.029882539811496005,100,0.9992794479447942,2.160412665313914e-05,0.0002160412665313914,0.9993219321932192,0.9987689768976896,0.9995679567956794,100,0.02397654066740097,0.0001818928117711307,0.0018189281177113069,0.0240435021845764,0.020447883704331375,0.0273473419051174
2pl,100,10000,0.0,transposed_em_diagonal,rule_converged,100,100,100,100,-0.00015789444211239566,0.0003481660307210436,0.02069149381080271,0.00016796080583398175,0.0006932105210896781,1.0226574764376565e-05,0.026328891376008943,0.0001942082296274557,0.003481660307210436,100,0.026257282254221602,0.00019503042269331916,0.0019503042269331916,0.026307347177535398,0.022453783043351928,0.029882539811496005,100,0.9992794479447942,2.160412665313914e-05,0.0002160412665313914,0.9993219321932192,0.9987689768976896,0.9995679567956794,100,0.02397654066740097,0.0001818928117711307,0.0018189281177113069,0.0240435021845764,0.020447883704331375,0.0273473419051174
2pl,100,10000,0.4,py_irt,all_returned,100,100,100,100,-0.076933750387732,0.0022564920610457636,0.13795167441918768,0.0011299579305175784,0.02679287123564445,0.0003713098510053792,0.16368528105985722,0.0011342188149146924,0.022564920610457638,100,0.16330328516259576,0.0011232541593732153,0.011232541593732152,0.16382811589657476,0.14411638487888048,0.1850607018919661,100,0.99912703270327,3.013321321203822e-05,0.0003013321321203822,0.999147914791479,0.9984866486648664,0.9995799579957996,100,0.04429198251349267,0.0009639325966261274,0.009639325966261275,0.0421281551254548,0.03334784337642104,0.06208283136178999
2pl,100,10000,0.4,py_irt,rule_converged,100,0,0,0,,,,,,,,,,0,,,,,,,0,,,,,,,0,,,,,,
2pl,100,10000,0.4,torch_measure,all_returned,100,0,100,0,,,,,0.0017858130141914924,5.0879385666041656e-05,0.04225888089137587,0.0006019963684890796,,100,0.04186861115992412,0.0005758824035625832,0.005758824035625832,0.04084709557273444,0.03279832674971517,0.05644015403413502,0,,,,,,,100,0.029248000251500258,0.0004081234143203401,0.004081234143203401,0.02836055857061285,0.02411319811381268,0.040562553807426606
2pl,100,10000,0.4,torch_measure,rule_converged,100,0,100,0,,,,,0.0017858130141914924,5.0879385666041656e-05,0.04225888089137587,0.0006019963684890796,,100,0.04186861115992412,0.0005758824035625832,0.005758824035625832,0.04084709557273444,0.03279832674971517,0.05644015403413502,0,,,,,,,100,0.029248000251500258,0.0004081234143203401,0.004081234143203401,0.02836055857061285,0.02411319811381268,0.040562553807426606
2pl,100,10000,0.4,transposed_em_correlated,all_returned,100,100,100,100,-0.01245090132049985,0.00033433744693023,0.024223164553824308,0.0002086315923869563,0.0009188259091101357,1.568848287959541e-05,0.030312141282168366,0.0002587821614704671,0.0033433744693023002,100,0.030205759257451042,0.00025501073043469077,0.0025501073043469077,0.03010368844125895,0.025589202643856276,0.03483135365856632,100,0.9992824482448244,2.5936941574914114e-05,0.00025936941574914113,0.9993279327932792,0.9986459645964595,0.9996279627962796,100,0.02555803406328859,0.0002339770795404778,0.0023397707954047778,0.02532755440660225,0.021820485266155383,0.029696694813106012
2pl,100,10000,0.4,transposed_em_correlated,rule_converged,100,100,100,100,-0.01245090132049985,0.00033433744693023,0.024223164553824308,0.0002086315923869563,0.0009188259091101357,1.568848287959541e-05,0.030312141282168366,0.0002587821614704671,0.0033433744693023002,100,0.030205759257451042,0.00025501073043469077,0.0025501073043469077,0.03010368844125895,0.025589202643856276,0.03483135365856632,100,0.9992824482448244,2.5936941574914114e-05,0.00025936941574914113,0.9993279327932792,0.9986459645964595,0.9996279627962796,100,0.02555803406328859,0.0002339770795404778,0.0023397707954047778,0.02532755440660225,0.021820485266155383,0.029696694813106012
2pl,100,10000,0.4,transposed_em_diagonal,all_returned,100,100,100,100,-0.04032554609354971,0.00041977947497606543,0.047116663159247,0.0003106012928101539,0.002862881381921046,3.456777301586874e-05,0.053505900440241595,0.00032302767294306145,0.004197794749760654,100,0.05341129921849477,0.00031963517261146345,0.0031963517261146346,0.0532844502027693,0.046895166630197535,0.05993200577469493,100,0.9992865286528653,2.605171962210139e-05,0.00026051719622101387,0.9993459345934592,0.9986237623762375,0.9996342634263427,100,0.033235815289589445,0.0003643397876435887,0.003643397876435887,0.0329310430205609,0.027311124284792234,0.038786240885491624
2pl,100,10000,0.4,transposed_em_diagonal,rule_converged,100,100,100,100,-0.04032554609354971,0.00041977947497606543,0.047116663159247,0.0003106012928101539,0.002862881381921046,3.456777301586874e-05,0.053505900440241595,0.00032302767294306145,0.004197794749760654,100,0.05341129921849477,0.00031963517261146345,0.0031963517261146346,0.0532844502027693,0.046895166630197535,0.05993200577469493,100,0.9992865286528653,2.605171962210139e-05,0.00026051719622101387,0.9993459345934592,0.9986237623762375,0.9996342634263427,100,0.033235815289589445,0.0003643397876435887,0.003643397876435887,0.0329310430205609,0.027311124284792234,0.038786240885491624
