partition,label,framework,model,method,n,brier,log_loss,calibration_intercept,calibration_slope,ece_10_equal_count,iterations,stopping_reason,admissible,parameter_count
validation,Transposed EM 1PL,Transposed EM,1PL,"Normal, diagonal",318443,0.1399368846293246,0.4340102026058585,-0.0163482098004458,1.040685355301738,0.0180608331896543,4,convergence_criteria,True,66
test,Transposed EM 1PL,Transposed EM,1PL,"Normal, diagonal",318416,0.1400444439121848,0.4344339555713885,-0.0133561295108389,1.0365495012727586,0.0173929731921956,4,convergence_criteria,True,66
validation,Transposed EM 2PL diagonal,Transposed EM,2PL,"Normal, diagonal",318443,0.1451064732994355,0.4490239773755162,-0.0562868048328592,1.0076742182762617,0.0279791600114311,200,iteration_limit,False,67
test,Transposed EM 2PL diagonal,Transposed EM,2PL,"Normal, diagonal",318416,0.144927367107337,0.4487076117463942,-0.0526782541359381,1.0086341158530705,0.0272653492783791,200,iteration_limit,False,67
validation,Transposed EM 2PL correlated,Transposed EM,2PL,"Normal, correlated",318443,0.1378519270720506,0.4268118196072478,-0.0473631313451978,1.0106681218020523,0.0097760921919375,6,objective_divergence,False,68
test,Transposed EM 2PL correlated,Transposed EM,2PL,"Normal, correlated",318416,0.1377028909627246,0.4262206848203514,-0.0449354480607668,1.0115468858079797,0.0089558965392993,6,objective_divergence,False,68
validation,torch_measure 1PL,torch_measure,1PL,JML,318443,0.140780233160476,0.4371304976493974,-0.0508148175756633,1.1614150616679637,0.0302219058050887,13,loss_tolerance,True,98097
test,torch_measure 1PL,torch_measure,1PL,JML,318416,0.1408647022582194,0.4374676747939497,-0.0477673210084415,1.1569196817261724,0.029628707284716,13,loss_tolerance,True,98097
validation,py-irt 1PL,py-irt,1PL,Variational,318443,0.289807268792407,1.6976494240636215,-0.2996604993130277,0.1519787498035338,0.278057109652273,1500,smoothed_elbo_tolerance,True,98097
test,py-irt 1PL,py-irt,1PL,Variational,318416,0.2905063985133653,1.70280645612149,-0.3021576548928055,0.1518274734967576,0.2777384734911027,1500,smoothed_elbo_tolerance,True,98097
validation,torch_measure 2PL,torch_measure,2PL,JML,318443,0.1361825782065749,0.4245676056712571,0.0052852124519194,0.9065552227222354,0.0094089890854271,93,loss_tolerance,True,196129
test,torch_measure 2PL,torch_measure,2PL,JML,318416,0.135983130152512,0.4235975135363353,0.0067621726552722,0.9090989753013604,0.008575550393274,93,loss_tolerance,True,196129
validation,py-irt 2PL,py-irt,2PL,Variational,318443,0.2082988485826232,0.6007024575487662,-0.2190428664331716,1.0376358829034464,0.0561105539438848,1950,smoothed_elbo_tolerance,True,196129
test,py-irt 2PL,py-irt,2PL,Variational,318416,0.2083035786301557,0.6006073773755048,-0.2230922131317553,1.041148150324378,0.0567244678865099,1950,smoothed_elbo_tolerance,True,196129
